season,team,date,venue,recent_5_ppg,season_ppg,match_points,match_win
2016-17,Arsenal,2016-09-24,Home,2.000,2.000,3,1
2016-17,Arsenal,2016-10-02,Away,2.600,2.167,3,1
2016-17,Arsenal,2016-10-15,Home,3.000,2.286,3,1
2016-17,Arsenal,2016-10-22,Home,3.000,2.375,1,0
2016-17,Arsenal,2016-10-29,Away,2.600,2.222,3,1
2016-17,Arsenal,2016-11-06,Home,2.600,2.300,1,0
2016-17,Arsenal,2016-11-19,Away,2.200,2.182,1,0
2016-17,Arsenal,2016-11-27,Home,1.800,2.083,3,1
2016-17,Arsenal,2016-12-03,Away,1.800,2.154,3,1
2016-17,Arsenal,2016-12-10,Home,2.200,2.214,3,1
2016-17,Arsenal,2016-12-13,Away,2.200,2.267,0,0
2016-17,Arsenal,2016-12-18,Away,2.000,2.125,0,0
2016-17,Arsenal,2016-12-26,Home,1.800,2.000,3,1
2016-17,Arsenal,2017-01-01,Home,1.800,2.056,3,1
2016-17,Arsenal,2017-01-03,Away,1.800,2.105,1,0
2016-17,Arsenal,2017-01-14,Away,1.400,2.050,3,1
2016-17,Arsenal,2017-01-22,Home,2.000,2.095,3,1
2016-17,Arsenal,2017-01-31,Home,2.600,2.136,0,0
2016-17,Arsenal,2017-02-04,Away,2.000,2.043,0,0
2016-17,Arsenal,2017-02-11,Home,1.400,1.958,3,1
2016-17,Arsenal,2017-03-04,Away,1.800,2.000,0,0
2016-17,Arsenal,2017-03-18,Away,1.200,1.923,0,0
2016-17,Arsenal,2017-04-02,Home,0.600,1.852,1,0
2016-17,Arsenal,2017-04-05,Home,0.800,1.821,3,1
2016-17,Arsenal,2017-04-10,Away,1.400,1.862,0,0
2016-17,Arsenal,2017-04-17,Away,0.800,1.800,3,1
2016-17,Arsenal,2017-04-26,Home,1.400,1.839,3,1
2016-17,Arsenal,2017-04-30,Away,2.000,1.875,0,0
2016-17,Arsenal,2017-05-07,Home,1.800,1.818,3,1
2016-17,Arsenal,2017-05-10,Away,1.800,1.853,3,1
2016-17,Arsenal,2017-05-13,Away,2.400,1.886,3,1
2016-17,Arsenal,2017-05-16,Home,2.400,1.917,3,1
2016-17,Arsenal,2017-05-21,Home,2.400,1.946,3,1
2016-17,Bournemouth,2016-09-24,Home,0.800,0.800,3,1
2016-17,Bournemouth,2016-10-01,Away,1.400,1.167,1,0
2016-17,Bournemouth,2016-10-15,Home,1.600,1.143,3,1
2016-17,Bournemouth,2016-10-22,Home,2.000,1.375,1,0
2016-17,Bournemouth,2016-10-29,Away,1.600,1.333,0,0
2016-17,Bournemouth,2016-11-05,Home,1.600,1.200,0,0
2016-17,Bournemouth,2016-11-19,Away,1.000,1.091,3,1
2016-17,Bournemouth,2016-11-27,Away,1.400,1.250,0,0
2016-17,Bournemouth,2016-12-04,Home,0.800,1.154,3,1
2016-17,Bournemouth,2016-12-10,Away,1.200,1.286,0,0
2016-17,Bournemouth,2016-12-13,Home,1.200,1.200,3,1
2016-17,Bournemouth,2016-12-18,Home,1.800,1.313,0,0
2016-17,Bournemouth,2016-12-26,Away,1.200,1.235,0,0
2016-17,Bournemouth,2016-12-31,Away,1.200,1.167,3,1
2016-17,Bournemouth,2017-01-03,Home,1.200,1.263,1,0
2016-17,Bournemouth,2017-01-14,Away,1.400,1.250,0,0
2016-17,Bournemouth,2017-01-21,Home,0.800,1.190,1,0
2016-17,Bournemouth,2017-01-31,Home,1.000,1.182,0,0
2016-17,Bournemouth,2017-02-04,Away,1.000,1.130,0,0
2016-17,Bournemouth,2017-02-13,Home,0.400,1.083,0,0
2016-17,Bournemouth,2017-02-25,Away,0.200,1.040,0,0
2016-17,Bournemouth,2017-03-04,Away,0.200,1.000,1,0
2016-17,Bournemouth,2017-03-11,Home,0.200,1.000,3,1
2016-17,Bournemouth,2017-03-18,Home,0.800,1.071,3,1
2016-17,Bournemouth,2017-04-01,Away,1.400,1.138,1,0
2016-17,Bournemouth,2017-04-05,Away,1.600,1.133,1,0
2016-17,Bournemouth,2017-04-08,Home,1.800,1.129,0,0
2016-17,Bournemouth,2017-04-15,Away,1.600,1.094,0,0
2016-17,Bournemouth,2017-04-22,Home,1.000,1.061,3,1
2016-17,Bournemouth,2017-04-29,Away,1.000,1.118,3,1
2016-17,Bournemouth,2017-05-06,Home,1.400,1.171,1,0
2016-17,Bournemouth,2017-05-13,Home,1.400,1.167,3,1
2016-17,Bournemouth,2017-05-21,Away,2.000,1.216,1,0
2016-17,Burnley,2016-09-26,Home,0.800,0.800,3,1
2016-17,Burnley,2016-10-02,Home,1.400,1.167,0,0
2016-17,Burnley,2016-10-16,Away,0.800,1.000,0,0
2016-17,Burnley,2016-10-22,Home,0.800,0.875,3,1
2016-17,Burnley,2016-10-29,Away,1.200,1.111,1,0
2016-17,Burnley,2016-11-05,Home,1.400,1.100,3,1
2016-17,Burnley,2016-11-21,Away,1.400,1.273,0,0
2016-17,Burnley,2016-11-26,Home,1.400,1.167,0,0
2016-17,Burnley,2016-12-03,Away,1.400,1.077,0,0
2016-17,Burnley,2016-12-10,Home,0.800,1.000,3,1
2016-17,Burnley,2016-12-14,Away,1.200,1.133,0,0
2016-17,Burnley,2016-12-18,Away,0.600,1.063,0,0
2016-17,Burnley,2016-12-26,Home,0.600,1.000,3,1
2016-17,Burnley,2016-12-31,Home,1.200,1.111,3,1
2016-17,Burnley,2017-01-02,Away,1.800,1.211,0,0
2016-17,Burnley,2017-01-14,Home,1.200,1.150,3,1
2016-17,Burnley,2017-01-22,Away,1.800,1.238,0,0
2016-17,Burnley,2017-01-31,Home,1.800,1.182,3,1
2016-17,Burnley,2017-02-04,Away,1.800,1.261,0,0
2016-17,Burnley,2017-02-12,Home,1.200,1.208,1,0
2016-17,Burnley,2017-02-25,Away,1.400,1.200,1,0
2016-17,Burnley,2017-03-04,Away,1.000,1.192,0,0
2016-17,Burnley,2017-03-12,Away,1.000,1.148,0,0
2016-17,Burnley,2017-03-18,Away,0.400,1.107,1,0
2016-17,Burnley,2017-04-01,Home,0.600,1.103,0,0
2016-17,Burnley,2017-04-04,Home,0.400,1.067,3,1
2016-17,Burnley,2017-04-08,Away,0.800,1.129,1,0
2016-17,Burnley,2017-04-15,Away,1.000,1.125,0,0
2016-17,Burnley,2017-04-23,Home,1.000,1.091,0,0
2016-17,Burnley,2017-04-29,Away,0.800,1.059,3,1
2016-17,Burnley,2017-05-06,Home,1.400,1.114,1,0
2016-17,Burnley,2017-05-13,Away,1.000,1.111,0,0
2016-17,Burnley,2017-05-21,Home,0.800,1.081,0,0
2016-17,Chelsea,2016-09-24,Away,2.000,2.000,0,0
2016-17,Chelsea,2016-10-01,Away,1.400,1.667,3,1
2016-17,Chelsea,2016-10-15,Home,1.400,1.857,3,1
2016-17,Chelsea,2016-10-23,Home,1.400,2.000,3,1
2016-17,Chelsea,2016-10-30,Away,1.800,2.111,3,1
2016-17,Chelsea,2016-11-05,Home,2.400,2.200,3,1
2016-17,Chelsea,2016-11-20,Away,3.000,2.273,3,1
2016-17,Chelsea,2016-11-26,Home,3.000,2.333,3,1
2016-17,Chelsea,2016-12-03,Away,3.000,2.385,3,1
2016-17,Chelsea,2016-12-11,Home,3.000,2.429,3,1
2016-17,Chelsea,2016-12-14,Away,3.000,2.467,3,1
2016-17,Chelsea,2016-12-17,Away,3.000,2.500,3,1
2016-17,Chelsea,2016-12-26,Home,3.000,2.529,3,1
2016-17,Chelsea,2016-12-31,Home,3.000,2.556,3,1
2016-17,Chelsea,2017-01-04,Away,3.000,2.579,0,0
2016-17,Chelsea,2017-01-14,Away,2.400,2.450,3,1
2016-17,Chelsea,2017-01-22,Home,2.400,2.476,3,1
2016-17,Chelsea,2017-01-31,Away,2.400,2.500,1,0
2016-17,Chelsea,2017-02-04,Home,2.000,2.435,3,1
2016-17,Chelsea,2017-02-12,Away,2.000,2.458,1,0
2016-17,Chelsea,2017-02-25,Home,2.200,2.400,3,1
2016-17,Chelsea,2017-03-06,Away,2.200,2.423,3,1
2016-17,Chelsea,2017-03-18,Away,2.200,2.444,3,1
2016-17,Chelsea,2017-04-01,Home,2.600,2.464,0,0
2016-17,Chelsea,2017-04-05,Home,2.000,2.379,3,1
2016-17,Chelsea,2017-04-08,Away,2.400,2.400,3,1
2016-17,Chelsea,2017-04-16,Away,2.400,2.419,0,0
2016-17,Chelsea,2017-04-25,Home,1.800,2.344,3,1
2016-17,Chelsea,2017-04-30,Away,1.800,2.364,3,1
2016-17,Chelsea,2017-05-08,Home,2.400,2.382,3,1
2016-17,Chelsea,2017-05-12,Away,2.400,2.400,3,1
2016-17,Chelsea,2017-05-15,Home,2.400,2.417,3,1
2016-17,Chelsea,2017-05-21,Home,3.000,2.432,3,1
2016-17,Crystal Palace,2016-09-24,Away,1.400,1.400,3,1
2016-17,Crystal Palace,2016-09-30,Away,2.000,1.667,1,0
2016-17,Crystal Palace,2016-10-15,Home,2.200,1.571,0,0
2016-17,Crystal Palace,2016-10-22,Away,2.000,1.375,0,0
2016-17,Crystal Palace,2016-10-29,Home,1.400,1.222,0,0
2016-17,Crystal Palace,2016-11-05,Away,0.800,1.100,0,0
2016-17,Crystal Palace,2016-11-19,Home,0.200,1.000,0,0
2016-17,Crystal Palace,2016-11-26,Away,0.000,0.917,0,0
2016-17,Crystal Palace,2016-12-03,Home,0.000,0.846,3,1
2016-17,Crystal Palace,2016-12-10,Away,0.600,1.000,1,0
2016-17,Crystal Palace,2016-12-14,Home,0.800,1.000,0,0
2016-17,Crystal Palace,2016-12-17,Home,0.800,0.938,0,0
2016-17,Crystal Palace,2016-12-26,Away,0.800,0.882,1,0
2016-17,Crystal Palace,2017-01-01,Away,1.000,0.889,0,0
2016-17,Crystal Palace,2017-01-03,Home,0.400,0.842,0,0
2016-17,Crystal Palace,2017-01-14,Away,0.200,0.800,0,0
2016-17,Crystal Palace,2017-01-21,Home,0.200,0.762,0,0
2016-17,Crystal Palace,2017-01-31,Away,0.200,0.727,3,1
2016-17,Crystal Palace,2017-02-04,Home,0.600,0.826,0,0
2016-17,Crystal Palace,2017-02-11,Away,0.600,0.792,0,0
2016-17,Crystal Palace,2017-02-25,Home,0.600,0.760,3,1
2016-17,Crystal Palace,2017-03-04,Away,1.200,0.846,3,1
2016-17,Crystal Palace,2017-03-18,Home,1.800,0.926,3,1
2016-17,Crystal Palace,2017-04-01,Away,1.800,1.000,3,1
2016-17,Crystal Palace,2017-04-05,Away,2.400,1.069,0,0
2016-17,Crystal Palace,2017-04-10,Home,2.400,1.033,3,1
2016-17,Crystal Palace,2017-04-15,Home,2.400,1.097,1,0
2016-17,Crystal Palace,2017-04-23,Away,2.000,1.094,3,1
2016-17,Crystal Palace,2017-04-26,Home,2.000,1.152,0,0
2016-17,Crystal Palace,2017-04-29,Home,1.400,1.118,0,0
2016-17,Crystal Palace,2017-05-06,Away,1.400,1.086,0,0
2016-17,Crystal Palace,2017-05-14,Home,0.800,1.056,3,1
2016-17,Crystal Palace,2017-05-21,Away,1.200,1.108,0,0
2016-17,Everton,2016-09-24,Away,2.600,2.600,0,0
2016-17,Everton,2016-09-30,Home,2.400,2.167,1,0
2016-17,Everton,2016-10-15,Away,2.000,2.000,1,0
2016-17,Everton,2016-10-22,Away,1.600,1.875,0,0
2016-17,Everton,2016-10-30,Home,1.000,1.667,3,1
2016-17,Everton,2016-11-05,Away,1.000,1.800,0,0
2016-17,Everton,2016-11-19,Home,1.000,1.636,1,0
2016-17,Everton,2016-11-27,Away,1.000,1.583,0,0
2016-17,Everton,2016-12-04,Home,0.800,1.462,1,0
2016-17,Everton,2016-12-10,Away,1.000,1.429,0,0
2016-17,Everton,2016-12-13,Home,0.400,1.333,3,1
2016-17,Everton,2016-12-19,Home,1.000,1.438,0,0
2016-17,Everton,2016-12-26,Away,0.800,1.353,3,1
2016-17,Everton,2016-12-30,Away,1.400,1.444,1,0
2016-17,Everton,2017-01-02,Home,1.400,1.421,3,1
2016-17,Everton,2017-01-15,Home,2.000,1.500,3,1
2016-17,Everton,2017-01-21,Away,2.000,1.571,3,1
2016-17,Everton,2017-02-01,Away,2.600,1.636,1,0
2016-17,Everton,2017-02-04,Home,2.200,1.609,3,1
2016-17,Everton,2017-02-11,Away,2.600,1.667,1,0
2016-17,Everton,2017-02-25,Home,2.200,1.640,3,1
2016-17,Everton,2017-03-05,Away,2.200,1.692,0,0
2016-17,Everton,2017-03-11,Home,1.600,1.630,3,1
2016-17,Everton,2017-03-18,Home,2.000,1.679,3,1
2016-17,Everton,2017-04-01,Away,2.000,1.724,0,0
2016-17,Everton,2017-04-04,Away,1.800,1.667,1,0
2016-17,Everton,2017-04-09,Home,1.400,1.645,3,1
2016-17,Everton,2017-04-15,Home,2.000,1.688,3,1
2016-17,Everton,2017-04-22,Away,2.000,1.727,1,0
2016-17,Everton,2017-04-30,Home,1.600,1.706,0,0
2016-17,Everton,2017-05-06,Away,1.600,1.657,0,0
2016-17,Everton,2017-05-12,Home,1.400,1.611,3,1
2016-17,Everton,2017-05-21,Away,1.400,1.649,0,0
2016-17,Hull,2016-09-24,Away,1.400,1.400,0,0
2016-17,Hull,2016-10-01,Home,0.800,1.167,0,0
2016-17,Hull,2016-10-15,Away,0.200,1.000,0,0
2016-17,Hull,2016-10-22,Home,0.200,0.875,0,0
2016-17,Hull,2016-10-29,Away,0.000,0.778,0,0
2016-17,Hull,2016-11-06,Home,0.000,0.700,3,1
2016-17,Hull,2016-11-19,Away,0.600,0.909,0,0
2016-17,Hull,2016-11-26,Home,0.600,0.833,1,0
2016-17,Hull,2016-12-05,Away,0.800,0.846,0,0
2016-17,Hull,2016-12-10,Home,0.800,0.786,1,0
2016-17,Hull,2016-12-14,Away,1.000,0.800,0,0
2016-17,Hull,2016-12-17,Away,0.400,0.750,0,0
2016-17,Hull,2016-12-26,Home,0.400,0.706,0,0
2016-17,Hull,2016-12-30,Home,0.200,0.667,1,0
2016-17,Hull,2017-01-02,Away,0.400,0.684,0,0
2016-17,Hull,2017-01-14,Home,0.200,0.650,3,1
2016-17,Hull,2017-01-22,Away,0.800,0.762,0,0
2016-17,Hull,2017-02-01,Away,0.800,0.727,1,0
2016-17,Hull,2017-02-04,Home,1.000,0.739,3,1
2016-17,Hull,2017-02-11,Away,1.400,0.833,0,0
2016-17,Hull,2017-02-25,Home,1.400,0.800,1,0
2016-17,Hull,2017-03-04,Away,1.000,0.808,0,0
2016-17,Hull,2017-03-11,Home,1.000,0.778,3,1
2016-17,Hull,2017-03-18,Away,1.400,0.857,0,0
2016-17,Hull,2017-04-01,Home,0.800,0.828,3,1
2016-17,Hull,2017-04-05,Home,1.400,0.900,3,1
2016-17,Hull,2017-04-08,Away,1.800,0.968,0,0
2016-17,Hull,2017-04-15,Away,1.800,0.938,0,0
2016-17,Hull,2017-04-22,Home,1.200,0.909,3,1
2016-17,Hull,2017-04-29,Away,1.800,0.971,1,0
2016-17,Hull,2017-05-06,Home,1.400,0.971,0,0
2016-17,Hull,2017-05-14,Away,0.800,0.944,0,0
2016-17,Hull,2017-05-21,Home,0.800,0.919,0,0
2016-17,Leicester,2016-09-24,Away,1.400,1.400,0,0
2016-17,Leicester,2016-10-02,Home,1.400,1.167,1,0
2016-17,Leicester,2016-10-15,Away,1.400,1.143,0,0
2016-17,Leicester,2016-10-22,Home,0.800,1.000,3,1
2016-17,Leicester,2016-10-29,Away,1.400,1.222,1,0
2016-17,Leicester,2016-11-06,Home,1.000,1.200,0,0
2016-17,Leicester,2016-11-19,Away,1.000,1.091,0,0
2016-17,Leicester,2016-11-26,Home,0.800,1.000,1,0
2016-17,Leicester,2016-12-03,Away,1.000,1.000,0,0
2016-17,Leicester,2016-12-10,Home,0.400,0.929,3,1
2016-17,Leicester,2016-12-13,Away,0.800,1.067,0,0
2016-17,Leicester,2016-12-17,Away,0.800,1.000,1,0
2016-17,Leicester,2016-12-26,Home,1.000,1.000,0,0
2016-17,Leicester,2016-12-31,Home,0.800,0.944,3,1
2016-17,Leicester,2017-01-02,Away,1.400,1.053,1,0
2016-17,Leicester,2017-01-14,Home,1.000,1.050,0,0
2016-17,Leicester,2017-01-22,Away,1.000,1.000,0,0
2016-17,Leicester,2017-01-31,Away,0.800,0.955,0,0
2016-17,Leicester,2017-02-05,Home,0.800,0.913,0,0
2016-17,Leicester,2017-02-12,Away,0.200,0.875,0,0
2016-17,Leicester,2017-02-27,Home,0.000,0.840,3,1
2016-17,Leicester,2017-03-04,Home,0.600,0.923,3,1
2016-17,Leicester,2017-03-18,Away,1.200,1.000,3,1
2016-17,Leicester,2017-04-01,Home,1.800,1.071,3,1
2016-17,Leicester,2017-04-04,Home,2.400,1.138,3,1
2016-17,Leicester,2017-04-09,Away,3.000,1.200,0,0
2016-17,Leicester,2017-04-15,Away,2.400,1.161,1,0
2016-17,Leicester,2017-04-26,Away,2.000,1.156,0,0
2016-17,Leicester,2017-04-29,Away,1.400,1.121,3,1
2016-17,Leicester,2017-05-06,Home,1.400,1.176,3,1
2016-17,Leicester,2017-05-13,Away,1.400,1.229,0,0
2016-17,Leicester,2017-05-18,Home,1.400,1.194,0,0
2016-17,Leicester,2017-05-21,Home,1.200,1.162,1,0
2016-17,Liverpool,2016-09-24,Home,2.000,2.000,3,1
2016-17,Liverpool,2016-10-01,Away,2.000,2.167,3,1
2016-17,Liverpool,2016-10-17,Home,2.600,2.286,1,0
2016-17,Liverpool,2016-10-22,Home,2.600,2.125,3,1
2016-17,Liverpool,2016-10-29,Away,2.600,2.222,3,1
2016-17,Liverpool,2016-11-06,Home,2.600,2.300,3,1
2016-17,Liverpool,2016-11-19,Away,2.600,2.364,1,0
2016-17,Liverpool,2016-11-26,Home,2.200,2.250,3,1
2016-17,Liverpool,2016-12-04,Away,2.600,2.308,0,0
2016-17,Liverpool,2016-12-11,Home,2.000,2.143,1,0
2016-17,Liverpool,2016-12-14,Away,1.600,2.067,3,1
2016-17,Liverpool,2016-12-19,Away,1.600,2.125,3,1
2016-17,Liverpool,2016-12-27,Home,2.000,2.176,3,1
2016-17,Liverpool,2016-12-31,Home,2.000,2.222,3,1
2016-17,Liverpool,2017-01-02,Away,2.600,2.263,1,0
2016-17,Liverpool,2017-01-15,Away,2.600,2.200,1,0
2016-17,Liverpool,2017-01-21,Home,2.200,2.143,0,0
2016-17,Liverpool,2017-01-31,Home,1.600,2.045,1,0
2016-17,Liverpool,2017-02-04,Away,1.200,2.000,0,0
2016-17,Liverpool,2017-02-11,Home,0.600,1.917,3,1
2016-17,Liverpool,2017-02-27,Away,1.000,1.960,0,0
2016-17,Liverpool,2017-03-04,Home,0.800,1.885,3,1
2016-17,Liverpool,2017-03-12,Home,1.400,1.926,3,1
2016-17,Liverpool,2017-03-19,Away,1.800,1.964,1,0
2016-17,Liverpool,2017-04-01,Home,2.000,1.931,3,1
2016-17,Liverpool,2017-04-05,Home,2.000,1.967,1,0
2016-17,Liverpool,2017-04-08,Away,2.200,1.935,3,1
2016-17,Liverpool,2017-04-16,Away,2.200,1.969,3,1
2016-17,Liverpool,2017-04-23,Home,2.200,2.000,0,0
2016-17,Liverpool,2017-05-01,Away,2.000,1.941,3,1
2016-17,Liverpool,2017-05-07,Home,2.000,1.971,1,0
2016-17,Liverpool,2017-05-14,Away,2.000,1.944,3,1
2016-17,Liverpool,2017-05-21,Home,2.000,1.973,3,1
2016-17,Man City,2016-09-24,Away,3.000,3.000,3,1
2016-17,Man City,2016-10-02,Away,3.000,3.000,0,0
2016-17,Man City,2016-10-15,Home,2.400,2.571,1,0
2016-17,Man City,2016-10-23,Home,2.000,2.375,1,0
2016-17,Man City,2016-10-29,Away,1.600,2.222,3,1
2016-17,Man City,2016-11-05,Home,1.600,2.300,1,0
2016-17,Man City,2016-11-19,Away,1.200,2.182,3,1
2016-17,Man City,2016-11-26,Away,1.800,2.250,3,1
2016-17,Man City,2016-12-03,Home,2.200,2.308,0,0
2016-17,Man City,2016-12-10,Away,2.000,2.143,0,0
2016-17,Man City,2016-12-14,Home,1.400,2.000,3,1
2016-17,Man City,2016-12-18,Home,1.800,2.063,3,1
2016-17,Man City,2016-12-26,Away,1.800,2.118,3,1
2016-17,Man City,2016-12-31,Away,1.800,2.167,0,0
2016-17,Man City,2017-01-02,Home,1.800,2.053,3,1
2016-17,Man City,2017-01-15,Away,2.400,2.100,0,0
2016-17,Man City,2017-01-21,Home,1.800,2.000,1,0
2016-17,Man City,2017-02-01,Away,1.400,1.955,3,1
2016-17,Man City,2017-02-05,Home,1.400,2.000,3,1
2016-17,Man City,2017-02-13,Away,2.000,2.042,3,1
2016-17,Man City,2017-03-05,Away,2.000,2.080,3,1
2016-17,Man City,2017-03-08,Home,2.600,2.115,1,0
2016-17,Man City,2017-03-19,Home,2.600,2.074,1,0
2016-17,Man City,2017-04-02,Away,2.200,2.036,1,0
2016-17,Man City,2017-04-05,Away,1.800,2.000,0,0
2016-17,Man City,2017-04-08,Home,1.200,1.933,3,1
2016-17,Man City,2017-04-15,Away,1.200,1.968,3,1
2016-17,Man City,2017-04-27,Home,1.600,2.000,1,0
2016-17,Man City,2017-04-30,Away,1.600,1.970,1,0
2016-17,Man City,2017-05-06,Home,1.600,1.941,3,1
2016-17,Man City,2017-05-13,Home,2.200,1.971,3,1
2016-17,Man City,2017-05-16,Home,2.200,2.000,3,1
2016-17,Man City,2017-05-21,Away,2.200,2.027,3,1
2016-17,Man United,2016-09-24,Home,1.800,1.800,3,1
2016-17,Man United,2016-10-02,Home,1.800,2.000,1,0
2016-17,Man United,2016-10-17,Away,1.400,1.857,1,0
2016-17,Man United,2016-10-23,Away,1.000,1.750,0,0
2016-17,Man United,2016-10-29,Home,1.000,1.556,1,0
2016-17,Man United,2016-11-06,Away,1.200,1.500,3,1
2016-17,Man United,2016-11-19,Home,1.200,1.636,1,0
2016-17,Man United,2016-11-27,Home,1.200,1.583,1,0
2016-17,Man United,2016-12-04,Away,1.200,1.538,1,0
2016-17,Man United,2016-12-11,Home,1.400,1.500,3,1
2016-17,Man United,2016-12-14,Away,1.800,1.600,3,1
2016-17,Man United,2016-12-17,Away,1.800,1.688,3,1
2016-17,Man United,2016-12-26,Home,2.200,1.765,3,1
2016-17,Man United,2016-12-31,Home,2.600,1.833,3,1
2016-17,Man United,2017-01-02,Away,3.000,1.895,3,1
2016-17,Man United,2017-01-15,Home,3.000,1.950,1,0
2016-17,Man United,2017-01-21,Away,2.600,1.905,1,0
2016-17,Man United,2017-02-01,Home,2.200,1.864,1,0
2016-17,Man United,2017-02-05,Away,1.800,1.826,3,1
2016-17,Man United,2017-02-11,Home,1.800,1.875,3,1
2016-17,Man United,2017-03-04,Home,1.800,1.920,1,0
2016-17,Man United,2017-03-19,Away,1.800,1.885,3,1
2016-17,Man United,2017-04-01,Home,2.200,1.926,1,0
2016-17,Man United,2017-04-04,Home,2.200,1.893,1,0
2016-17,Man United,2017-04-09,Away,1.800,1.862,3,1
2016-17,Man United,2017-04-16,Home,1.800,1.900,3,1
2016-17,Man United,2017-04-23,Away,2.200,1.935,3,1
2016-17,Man United,2017-04-27,Away,2.200,1.969,1,0
2016-17,Man United,2017-04-30,Home,2.200,1.939,1,0
2016-17,Man United,2017-05-07,Away,2.200,1.912,0,0
2016-17,Man United,2017-05-14,Away,1.600,1.857,0,0
2016-17,Man United,2017-05-17,Away,1.000,1.806,1,0
2016-17,Man United,2017-05-21,Home,0.600,1.784,3,1
2016-17,Middlesbrough,2016-09-24,Home,1.000,1.000,0,0
2016-17,Middlesbrough,2016-10-01,Away,0.800,0.833,1,0
2016-17,Middlesbrough,2016-10-16,Home,0.400,0.857,0,0
2016-17,Middlesbrough,2016-10-22,Away,0.200,0.750,1,0
2016-17,Middlesbrough,2016-10-29,Home,0.400,0.778,3,1
2016-17,Middlesbrough,2016-11-05,Away,1.000,1.000,1,0
2016-17,Middlesbrough,2016-11-20,Home,1.200,1.000,0,0
2016-17,Middlesbrough,2016-11-26,Away,1.000,0.917,1,0
2016-17,Middlesbrough,2016-12-05,Home,1.200,0.923,3,1
2016-17,Middlesbrough,2016-12-11,Away,1.600,1.071,0,0
2016-17,Middlesbrough,2016-12-14,Home,1.000,1.000,0,0
2016-17,Middlesbrough,2016-12-17,Home,0.800,0.938,3,1
2016-17,Middlesbrough,2016-12-26,Away,1.400,1.059,0,0
2016-17,Middlesbrough,2016-12-31,Away,1.200,1.000,0,0
2016-17,Middlesbrough,2017-01-02,Home,0.600,0.947,1,0
2016-17,Middlesbrough,2017-01-14,Away,0.800,0.950,1,0
2016-17,Middlesbrough,2017-01-21,Home,1.000,0.952,0,0
2016-17,Middlesbrough,2017-01-31,Home,0.400,0.909,1,0
2016-17,Middlesbrough,2017-02-04,Away,0.600,0.913,0,0
2016-17,Middlesbrough,2017-02-11,Home,0.600,0.875,1,0
2016-17,Middlesbrough,2017-02-25,Away,0.600,0.880,0,0
2016-17,Middlesbrough,2017-03-04,Away,0.400,0.846,0,0
2016-17,Middlesbrough,2017-03-19,Home,0.400,0.815,0,0
2016-17,Middlesbrough,2017-04-02,Away,0.200,0.786,1,0
2016-17,Middlesbrough,2017-04-05,Away,0.400,0.793,0,0
2016-17,Middlesbrough,2017-04-08,Home,0.200,0.767,1,0
2016-17,Middlesbrough,2017-04-17,Home,0.400,0.774,0,0
2016-17,Middlesbrough,2017-04-22,Away,0.400,0.750,0,0
2016-17,Middlesbrough,2017-04-26,Home,0.400,0.727,3,1
2016-17,Middlesbrough,2017-04-30,Home,0.800,0.794,1,0
2016-17,Middlesbrough,2017-05-08,Away,1.000,0.800,0,0
2016-17,Middlesbrough,2017-05-13,Home,0.800,0.778,0,0
2016-17,Middlesbrough,2017-05-21,Away,0.800,0.757,0,0
2016-17,Southampton,2016-09-25,Away,1.000,1.000,3,1
2016-17,Southampton,2016-10-02,Away,1.400,1.333,1,0
2016-17,Southampton,2016-10-16,Home,1.600,1.286,3,1
2016-17,Southampton,2016-10-23,Away,2.000,1.500,1,0
2016-17,Southampton,2016-10-30,Home,2.200,1.444,0,0
2016-17,Southampton,2016-11-06,Away,1.600,1.300,0,0
2016-17,Southampton,2016-11-19,Home,1.000,1.182,1,0
2016-17,Southampton,2016-11-27,Home,1.000,1.167,3,1
2016-17,Southampton,2016-12-03,Away,1.000,1.308,0,0
2016-17,Southampton,2016-12-11,Home,0.800,1.214,3,1
2016-17,Southampton,2016-12-14,Away,1.400,1.333,1,0
2016-17,Southampton,2016-12-18,Away,1.600,1.313,3,1
2016-17,Southampton,2016-12-28,Home,2.000,1.412,0,0
2016-17,Southampton,2016-12-31,Home,1.400,1.333,0,0
2016-17,Southampton,2017-01-02,Away,1.400,1.263,0,0
2016-17,Southampton,2017-01-14,Away,0.800,1.200,0,0
2016-17,Southampton,2017-01-22,Home,0.600,1.143,3,1
2016-17,Southampton,2017-01-31,Away,0.600,1.227,0,0
2016-17,Southampton,2017-02-04,Home,0.600,1.174,0,0
2016-17,Southampton,2017-02-11,Away,0.600,1.125,3,1
2016-17,Southampton,2017-03-04,Away,1.200,1.200,3,1
2016-17,Southampton,2017-03-19,Away,1.800,1.269,0,0
2016-17,Southampton,2017-04-01,Home,1.200,1.222,1,0
2016-17,Southampton,2017-04-05,Home,1.400,1.214,3,1
2016-17,Southampton,2017-04-08,Away,2.000,1.276,3,1
2016-17,Southampton,2017-04-15,Home,2.000,1.333,0,0
2016-17,Southampton,2017-04-25,Away,1.400,1.290,0,0
2016-17,Southampton,2017-04-29,Home,1.400,1.250,1,0
2016-17,Southampton,2017-05-07,Away,1.400,1.242,1,0
2016-17,Southampton,2017-05-10,Home,1.000,1.235,0,0
2016-17,Southampton,2017-05-13,Away,0.400,1.200,3,1
2016-17,Southampton,2017-05-17,Home,1.000,1.250,1,0
2016-17,Southampton,2017-05-21,Home,1.200,1.243,0,0
2016-17,Stoke,2016-09-24,Home,0.200,0.200,1,0
2016-17,Stoke,2016-10-02,Away,0.200,0.333,1,0
2016-17,Stoke,2016-10-15,Home,0.400,0.429,3,1
2016-17,Stoke,2016-10-22,Away,1.000,0.750,3,1
2016-17,Stoke,2016-10-31,Home,1.600,1.000,3,1
2016-17,Stoke,2016-11-05,Away,2.200,1.200,1,0
2016-17,Stoke,2016-11-19,Home,2.200,1.182,0,0
2016-17,Stoke,2016-11-27,Away,2.000,1.083,3,1
2016-17,Stoke,2016-12-03,Home,2.000,1.231,3,1
2016-17,Stoke,2016-12-10,Away,2.000,1.357,0,0
2016-17,Stoke,2016-12-14,Home,1.400,1.267,1,0
2016-17,Stoke,2016-12-17,Home,1.400,1.250,1,0
2016-17,Stoke,2016-12-27,Away,1.600,1.235,0,0
2016-17,Stoke,2016-12-31,Away,1.000,1.167,0,0
2016-17,Stoke,2017-01-03,Home,0.400,1.105,3,1
2016-17,Stoke,2017-01-14,Away,1.000,1.200,3,1
2016-17,Stoke,2017-01-21,Home,1.400,1.286,1,0
2016-17,Stoke,2017-02-01,Home,1.400,1.273,1,0
2016-17,Stoke,2017-02-04,Away,1.600,1.261,0,0
2016-17,Stoke,2017-02-11,Home,1.600,1.208,3,1
2016-17,Stoke,2017-02-26,Away,1.600,1.280,0,0
2016-17,Stoke,2017-03-04,Home,1.000,1.231,3,1
2016-17,Stoke,2017-03-08,Away,1.400,1.296,1,0
2016-17,Stoke,2017-03-18,Home,1.400,1.286,0,0
2016-17,Stoke,2017-04-01,Away,1.400,1.241,0,0
2016-17,Stoke,2017-04-04,Away,0.800,1.200,0,0
2016-17,Stoke,2017-04-08,Home,0.800,1.161,0,0
2016-17,Stoke,2017-04-15,Home,0.200,1.125,3,1
2016-17,Stoke,2017-04-22,Away,0.600,1.182,0,0
2016-17,Stoke,2017-04-29,Home,0.600,1.147,1,0
2016-17,Stoke,2017-05-06,Away,0.800,1.143,1,0
2016-17,Stoke,2017-05-13,Home,1.000,1.139,0,0
2016-17,Stoke,2017-05-21,Away,1.000,1.108,3,1
2016-17,Sunderland,2016-09-24,Home,0.200,0.200,0,0
2016-17,Sunderland,2016-10-01,Home,0.200,0.167,1,0
2016-17,Sunderland,2016-10-15,Away,0.400,0.286,0,0
2016-17,Sunderland,2016-10-22,Away,0.200,0.250,0,0
2016-17,Sunderland,2016-10-29,Home,0.200,0.222,0,0
2016-17,Sunderland,2016-11-05,Away,0.200,0.200,3,1
2016-17,Sunderland,2016-11-19,Home,0.800,0.455,3,1
2016-17,Sunderland,2016-11-26,Away,1.200,0.667,0,0
2016-17,Sunderland,2016-12-03,Home,1.200,0.615,3,1
2016-17,Sunderland,2016-12-10,Away,1.800,0.786,0,0
2016-17,Sunderland,2016-12-14,Home,1.800,0.733,0,0
2016-17,Sunderland,2016-12-17,Home,1.200,0.688,3,1
2016-17,Sunderland,2016-12-26,Away,1.200,0.824,0,0
2016-17,Sunderland,2016-12-31,Away,1.200,0.778,0,0
2016-17,Sunderland,2017-01-02,Home,0.600,0.737,1,0
2016-17,Sunderland,2017-01-14,Home,0.800,0.750,0,0
2016-17,Sunderland,2017-01-21,Away,0.800,0.714,0,0
2016-17,Sunderland,2017-01-31,Home,0.200,0.682,1,0
2016-17,Sunderland,2017-02-04,Away,0.400,0.696,3,1
2016-17,Sunderland,2017-02-11,Home,1.000,0.792,0,0
2016-17,Sunderland,2017-02-25,Away,0.800,0.760,0,0
2016-17,Sunderland,2017-03-05,Home,0.800,0.731,0,0
2016-17,Sunderland,2017-03-18,Home,0.800,0.704,1,0
2016-17,Sunderland,2017-04-01,Away,0.800,0.714,0,0
2016-17,Sunderland,2017-04-04,Away,0.200,0.690,0,0
2016-17,Sunderland,2017-04-09,Home,0.200,0.667,0,0
2016-17,Sunderland,2017-04-15,Home,0.200,0.645,1,0
2016-17,Sunderland,2017-04-26,Away,0.400,0.656,0,0
2016-17,Sunderland,2017-04-29,Home,0.200,0.636,0,0
2016-17,Sunderland,2017-05-06,Away,0.200,0.618,3,1
2016-17,Sunderland,2017-05-13,Home,0.800,0.686,0,0
2016-17,Sunderland,2017-05-16,Away,0.800,0.667,0,0
2016-17,Sunderland,2017-05-21,Away,0.600,0.649,0,0
2016-17,Swansea,2016-09-24,Home,0.800,0.800,0,0
2016-17,Swansea,2016-10-01,Home,0.200,0.667,0,0
2016-17,Swansea,2016-10-15,Away,0.200,0.571,0,0
2016-17,Swansea,2016-10-22,Home,0.200,0.500,1,0
2016-17,Swansea,2016-10-31,Away,0.200,0.556,0,0
2016-17,Swansea,2016-11-06,Home,0.200,0.500,0,0
2016-17,Swansea,2016-11-19,Away,0.200,0.455,1,0
2016-17,Swansea,2016-11-26,Home,0.400,0.500,3,1
2016-17,Swansea,2016-12-03,Away,1.000,0.692,0,0
2016-17,Swansea,2016-12-10,Home,0.800,0.643,3,1
2016-17,Swansea,2016-12-14,Away,1.400,0.800,0,0
2016-17,Swansea,2016-12-17,Away,1.400,0.750,0,0
2016-17,Swansea,2016-12-26,Home,1.200,0.706,0,0
2016-17,Swansea,2016-12-31,Home,0.600,0.667,0,0
2016-17,Swansea,2017-01-03,Away,0.600,0.632,3,1
2016-17,Swansea,2017-01-14,Home,0.600,0.750,0,0
2016-17,Swansea,2017-01-21,Away,0.600,0.714,3,1
2016-17,Swansea,2017-01-31,Home,1.200,0.818,3,1
2016-17,Swansea,2017-02-05,Away,1.800,0.913,0,0
2016-17,Swansea,2017-02-12,Home,1.800,0.875,3,1
2016-17,Swansea,2017-02-25,Away,1.800,0.960,0,0
2016-17,Swansea,2017-03-04,Home,1.800,0.923,3,1
2016-17,Swansea,2017-03-11,Away,1.800,1.000,0,0
2016-17,Swansea,2017-03-18,Away,1.200,0.964,0,0
2016-17,Swansea,2017-04-02,Home,1.200,0.931,1,0
2016-17,Swansea,2017-04-05,Home,0.800,0.933,0,0
2016-17,Swansea,2017-04-08,Away,0.800,0.903,0,0
2016-17,Swansea,2017-04-15,Away,0.200,0.875,0,0
2016-17,Swansea,2017-04-22,Home,0.200,0.848,3,1
2016-17,Swansea,2017-04-30,Away,0.800,0.912,1,0
2016-17,Swansea,2017-05-06,Home,0.800,0.914,3,1
2016-17,Swansea,2017-05-13,Away,1.400,0.972,3,1
2016-17,Swansea,2017-05-21,Home,2.000,1.027,3,1
2016-17,Tottenham,2016-09-24,Away,2.200,2.200,3,1
2016-17,Tottenham,2016-10-02,Home,2.600,2.333,3,1
2016-17,Tottenham,2016-10-15,Away,2.600,2.429,1,0
2016-17,Tottenham,2016-10-22,Away,2.600,2.250,1,0
2016-17,Tottenham,2016-10-29,Home,2.200,2.111,1,0
2016-17,Tottenham,2016-11-06,Away,1.800,2.000,1,0
2016-17,Tottenham,2016-11-19,Home,1.400,1.909,3,1
2016-17,Tottenham,2016-11-26,Away,1.400,2.000,0,0
2016-17,Tottenham,2016-12-03,Home,1.200,1.846,3,1
2016-17,Tottenham,2016-12-11,Away,1.600,1.929,0,0
2016-17,Tottenham,2016-12-14,Home,1.400,1.800,3,1
2016-17,Tottenham,2016-12-18,Home,1.800,1.875,3,1
2016-17,Tottenham,2016-12-28,Away,1.800,1.941,3,1
2016-17,Tottenham,2017-01-01,Away,2.400,2.000,3,1
2016-17,Tottenham,2017-01-04,Home,2.400,2.053,3,1
2016-17,Tottenham,2017-01-14,Home,3.000,2.100,3,1
2016-17,Tottenham,2017-01-21,Away,3.000,2.143,1,0
2016-17,Tottenham,2017-01-31,Away,2.600,2.091,1,0
2016-17,Tottenham,2017-02-04,Home,2.200,2.043,3,1
2016-17,Tottenham,2017-02-11,Away,2.200,2.083,0,0
2016-17,Tottenham,2017-02-26,Home,1.600,2.000,3,1
2016-17,Tottenham,2017-03-05,Home,1.600,2.038,3,1
2016-17,Tottenham,2017-03-19,Home,2.000,2.074,3,1
2016-17,Tottenham,2017-04-01,Away,2.400,2.107,3,1
2016-17,Tottenham,2017-04-05,Away,2.400,2.138,3,1
2016-17,Tottenham,2017-04-08,Home,3.000,2.167,3,1
2016-17,Tottenham,2017-04-15,Home,3.000,2.194,3,1
2016-17,Tottenham,2017-04-26,Away,3.000,2.219,3,1
2016-17,Tottenham,2017-04-30,Home,3.000,2.242,3,1
2016-17,Tottenham,2017-05-05,Away,3.000,2.265,0,0
2016-17,Tottenham,2017-05-14,Home,2.400,2.200,3,1
2016-17,Tottenham,2017-05-18,Away,2.400,2.222,3,1
2016-17,Tottenham,2017-05-21,Away,2.400,2.243,3,1
2016-17,Watford,2016-09-26,Away,1.400,1.400,0,0
2016-17,Watford,2016-10-01,Home,1.200,1.167,1,0
2016-17,Watford,2016-10-16,Away,1.400,1.143,3,1
2016-17,Watford,2016-10-22,Away,2.000,1.375,1,0
2016-17,Watford,2016-10-29,Home,1.600,1.333,3,1
2016-17,Watford,2016-11-06,Away,1.600,1.500,0,0
2016-17,Watford,2016-11-19,Home,1.600,1.364,3,1
2016-17,Watford,2016-11-27,Home,2.000,1.500,0,0
2016-17,Watford,2016-12-03,Away,1.400,1.385,0,0
2016-17,Watford,2016-12-10,Home,1.200,1.286,3,1
2016-17,Watford,2016-12-14,Away,1.200,1.400,0,0
2016-17,Watford,2016-12-17,Away,1.200,1.313,0,0
2016-17,Watford,2016-12-26,Home,0.600,1.235,1,0
2016-17,Watford,2017-01-01,Home,0.800,1.222,0,0
2016-17,Watford,2017-01-03,Away,0.800,1.158,0,0
2016-17,Watford,2017-01-14,Home,0.200,1.100,1,0
2016-17,Watford,2017-01-21,Away,0.400,1.095,1,0
2016-17,Watford,2017-01-31,Away,0.600,1.091,3,1
2016-17,Watford,2017-02-04,Home,1.000,1.174,3,1
2016-17,Watford,2017-02-11,Away,1.600,1.250,0,0
2016-17,Watford,2017-02-25,Home,1.600,1.200,1,0
2016-17,Watford,2017-03-04,Home,1.600,1.192,0,0
2016-17,Watford,2017-03-18,Away,1.400,1.148,0,0
2016-17,Watford,2017-04-01,Home,0.800,1.107,3,1
2016-17,Watford,2017-04-04,Home,0.800,1.172,3,1
2016-17,Watford,2017-04-08,Away,1.400,1.233,0,0
2016-17,Watford,2017-04-15,Home,1.200,1.194,3,1
2016-17,Watford,2017-04-22,Away,1.800,1.250,0,0
2016-17,Watford,2017-05-01,Home,1.800,1.212,0,0
2016-17,Watford,2017-05-06,Away,1.200,1.176,0,0
2016-17,Watford,2017-05-12,Away,0.600,1.143,0,0
2016-17,Watford,2017-05-15,Away,0.600,1.111,0,0
2016-17,Watford,2017-05-21,Home,0.000,1.081,0,0
2016-17,West Brom,2016-09-24,Away,1.400,1.400,1,0
2016-17,West Brom,2016-10-01,Away,1.000,1.333,1,0
2016-17,West Brom,2016-10-15,Home,1.200,1.286,1,0
2016-17,West Brom,2016-10-22,Away,1.200,1.250,0,0
2016-17,West Brom,2016-10-29,Home,1.200,1.111,0,0
2016-17,West Brom,2016-11-06,Away,0.600,1.000,3,1
2016-17,West Brom,2016-11-21,Home,1.000,1.182,3,1
2016-17,West Brom,2016-11-26,Away,1.400,1.333,1,0
2016-17,West Brom,2016-12-03,Home,1.400,1.308,3,1
2016-17,West Brom,2016-12-11,Away,2.000,1.429,0,0
2016-17,West Brom,2016-12-14,Home,2.000,1.333,3,1
2016-17,West Brom,2016-12-17,Home,2.000,1.438,0,0
2016-17,West Brom,2016-12-26,Away,1.400,1.353,0,0
2016-17,West Brom,2016-12-31,Away,1.200,1.278,3,1
2016-17,West Brom,2017-01-02,Home,1.200,1.368,3,1
2016-17,West Brom,2017-01-14,Away,1.800,1.450,0,0
2016-17,West Brom,2017-01-21,Home,1.200,1.381,3,1
2016-17,West Brom,2017-01-31,Away,1.800,1.455,1,0
2016-17,West Brom,2017-02-04,Home,2.000,1.435,3,1
2016-17,West Brom,2017-02-11,Away,2.000,1.500,1,0
2016-17,West Brom,2017-02-25,Home,1.600,1.480,3,1
2016-17,West Brom,2017-03-04,Home,2.200,1.538,0,0
2016-17,West Brom,2017-03-11,Away,1.600,1.481,0,0
2016-17,West Brom,2017-03-18,Home,1.400,1.429,3,1
2016-17,West Brom,2017-04-01,Away,1.400,1.483,1,0
2016-17,West Brom,2017-04-04,Away,1.400,1.467,0,0
2016-17,West Brom,2017-04-08,Home,0.800,1.419,0,0
2016-17,West Brom,2017-04-16,Home,0.800,1.375,0,0
2016-17,West Brom,2017-04-29,Home,0.800,1.333,0,0
2016-17,West Brom,2017-05-06,Away,0.200,1.294,1,0
2016-17,West Brom,2017-05-12,Home,0.200,1.286,0,0
2016-17,West Brom,2017-05-16,Away,0.200,1.250,0,0
2016-17,West Brom,2017-05-21,Away,0.200,1.216,0,0
2016-17,West Ham,2016-09-25,Home,0.600,0.600,0,0
2016-17,West Ham,2016-10-01,Home,0.600,0.500,1,0
2016-17,West Ham,2016-10-15,Away,0.200,0.571,3,1
2016-17,West Ham,2016-10-22,Home,0.800,0.875,3,1
2016-17,West Ham,2016-10-30,Away,1.400,1.111,0,0
2016-17,West Ham,2016-11-05,Home,1.400,1.000,1,0
2016-17,West Ham,2016-11-19,Away,1.600,1.000,0,0
2016-17,West Ham,2016-11-27,Away,1.400,0.917,1,0
2016-17,West Ham,2016-12-03,Home,1.000,0.923,0,0
2016-17,West Ham,2016-12-11,Away,0.400,0.857,1,0
2016-17,West Ham,2016-12-14,Home,0.600,0.867,3,1
2016-17,West Ham,2016-12-17,Home,1.000,1.000,3,1
2016-17,West Ham,2016-12-26,Away,1.600,1.118,3,1
2016-17,West Ham,2016-12-31,Away,2.000,1.222,0,0
2016-17,West Ham,2017-01-02,Home,2.000,1.158,0,0
2016-17,West Ham,2017-01-14,Home,1.800,1.100,3,1
2016-17,West Ham,2017-01-21,Away,1.800,1.190,3,1
2016-17,West Ham,2017-02-01,Home,1.800,1.273,0,0
2016-17,West Ham,2017-02-04,Away,1.200,1.217,3,1
2016-17,West Ham,2017-02-11,Home,1.800,1.292,1,0
2016-17,West Ham,2017-02-25,Away,2.000,1.280,1,0
2016-17,West Ham,2017-03-06,Home,1.600,1.269,0,0
2016-17,West Ham,2017-03-11,Away,1.000,1.222,0,0
2016-17,West Ham,2017-03-18,Home,1.000,1.179,0,0
2016-17,West Ham,2017-04-01,Away,0.400,1.138,0,0
2016-17,West Ham,2017-04-05,Away,0.200,1.100,0,0
2016-17,West Ham,2017-04-08,Home,0.000,1.065,3,1
2016-17,West Ham,2017-04-15,Away,0.600,1.125,1,0
2016-17,West Ham,2017-04-22,Home,0.800,1.121,1,0
2016-17,West Ham,2017-04-29,Away,1.000,1.118,1,0
2016-17,West Ham,2017-05-05,Home,1.200,1.114,3,1
2016-17,West Ham,2017-05-14,Home,1.800,1.167,0,0
2016-17,West Ham,2017-05-21,Away,1.200,1.135,3,1
2017-18,Arsenal,2017-09-25,Home,1.400,1.400,3,1
2017-18,Arsenal,2017-10-01,Home,1.400,1.667,3,1
2017-18,Arsenal,2017-10-14,Away,2.000,1.857,0,0
2017-18,Arsenal,2017-10-22,Away,2.000,1.625,3,1
2017-18,Arsenal,2017-10-28,Home,2.000,1.778,3,1
2017-18,Arsenal,2017-11-05,Away,2.400,1.900,0,0
2017-18,Arsenal,2017-11-18,Home,1.800,1.727,3,1
2017-18,Arsenal,2017-11-26,Away,1.800,1.833,3,1
2017-18,Arsenal,2017-11-29,Home,2.400,1.923,3,1
2017-18,Arsenal,2017-12-02,Home,2.400,2.000,0,0
2017-18,Arsenal,2017-12-10,Away,1.800,1.867,1,0
2017-18,Arsenal,2017-12-13,Away,2.000,1.813,1,0
2017-18,Arsenal,2017-12-16,Home,1.600,1.765,3,1
2017-18,Arsenal,2017-12-22,Home,1.600,1.833,1,0
2017-18,Arsenal,2017-12-28,Away,1.200,1.789,3,1
2017-18,Arsenal,2017-12-31,Away,1.800,1.850,1,0
2017-18,Arsenal,2018-01-03,Home,1.800,1.810,1,0
2017-18,Arsenal,2018-01-14,Away,1.800,1.773,0,0
2017-18,Arsenal,2018-01-20,Home,1.200,1.696,3,1
2017-18,Arsenal,2018-01-30,Away,1.600,1.750,0,0
2017-18,Arsenal,2018-02-03,Home,1.000,1.680,3,1
2017-18,Arsenal,2018-02-10,Away,1.400,1.731,0,0
2017-18,Arsenal,2018-03-01,Home,1.200,1.667,0,0
2017-18,Arsenal,2018-03-04,Away,1.200,1.607,0,0
2017-18,Arsenal,2018-03-11,Home,0.600,1.552,3,1
2017-18,Arsenal,2018-04-01,Home,1.200,1.600,3,1
2017-18,Arsenal,2018-04-08,Home,1.200,1.645,3,1
2017-18,Arsenal,2018-04-15,Away,1.800,1.688,0,0
2017-18,Arsenal,2018-04-22,Home,1.800,1.636,3,1
2017-18,Arsenal,2018-04-29,Away,2.400,1.676,0,0
2017-18,Arsenal,2018-05-06,Home,1.800,1.629,3,1
2017-18,Arsenal,2018-05-09,Away,1.800,1.667,0,0
2017-18,Arsenal,2018-05-13,Away,1.200,1.622,3,1
2017-18,Bournemouth,2017-09-23,Away,0.600,0.600,0,0
2017-18,Bournemouth,2017-09-30,Home,0.600,0.500,1,0
2017-18,Bournemouth,2017-10-14,Away,0.800,0.571,0,0
2017-18,Bournemouth,2017-10-21,Away,0.800,0.500,3,1
2017-18,Bournemouth,2017-10-28,Home,1.400,0.778,0,0
2017-18,Bournemouth,2017-11-04,Away,0.800,0.700,3,1
2017-18,Bournemouth,2017-11-18,Home,1.400,0.909,3,1
2017-18,Bournemouth,2017-11-25,Away,1.800,1.083,1,0
2017-18,Bournemouth,2017-11-29,Home,2.000,1.077,0,0
2017-18,Bournemouth,2017-12-03,Home,1.400,1.000,1,0
2017-18,Bournemouth,2017-12-09,Away,1.600,1.000,1,0
2017-18,Bournemouth,2017-12-13,Away,1.200,1.000,0,0
2017-18,Bournemouth,2017-12-17,Home,0.600,0.941,0,0
2017-18,Bournemouth,2017-12-23,Away,0.400,0.889,0,0
2017-18,Bournemouth,2017-12-26,Home,0.400,0.842,1,0
2017-18,Bournemouth,2017-12-30,Home,0.400,0.850,3,1
2017-18,Bournemouth,2018-01-01,Away,0.800,0.952,1,0
2017-18,Bournemouth,2018-01-14,Home,1.000,0.955,3,1
2017-18,Bournemouth,2018-01-20,Away,1.600,1.043,1,0
2017-18,Bournemouth,2018-01-31,Away,1.800,1.042,3,1
2017-18,Bournemouth,2018-02-03,Home,2.200,1.120,3,1
2017-18,Bournemouth,2018-02-11,Away,2.200,1.192,0,0
2017-18,Bournemouth,2018-02-24,Home,2.000,1.148,1,0
2017-18,Bournemouth,2018-03-03,Away,1.600,1.143,1,0
2017-18,Bournemouth,2018-03-11,Home,1.600,1.138,0,0
2017-18,Bournemouth,2018-03-17,Home,1.000,1.100,3,1
2017-18,Bournemouth,2018-03-31,Away,1.000,1.161,1,0
2017-18,Bournemouth,2018-04-07,Home,1.200,1.156,1,0
2017-18,Bournemouth,2018-04-14,Away,1.200,1.152,0,0
2017-18,Bournemouth,2018-04-18,Home,1.000,1.118,0,0
2017-18,Bournemouth,2018-04-28,Away,1.000,1.086,0,0
2017-18,Bournemouth,2018-05-05,Home,0.400,1.056,3,1
2017-18,Bournemouth,2018-05-13,Away,0.800,1.108,3,1
2017-18,Brighton,2017-09-24,Home,0.800,0.800,3,1
2017-18,Brighton,2017-10-01,Away,1.400,1.167,0,0
2017-18,Brighton,2017-10-15,Home,1.400,1.000,1,0
2017-18,Brighton,2017-10-20,Away,1.400,1.000,3,1
2017-18,Brighton,2017-10-29,Home,1.400,1.222,1,0
2017-18,Brighton,2017-11-04,Away,1.600,1.200,3,1
2017-18,Brighton,2017-11-20,Home,1.600,1.364,1,0
2017-18,Brighton,2017-11-25,Away,1.800,1.333,0,0
2017-18,Brighton,2017-11-28,Home,1.600,1.231,1,0
2017-18,Brighton,2017-12-02,Home,1.200,1.214,0,0
2017-18,Brighton,2017-12-09,Away,1.000,1.133,0,0
2017-18,Brighton,2017-12-13,Away,0.400,1.063,0,0
2017-18,Brighton,2017-12-16,Home,0.200,1.000,1,0
2017-18,Brighton,2017-12-23,Home,0.400,1.000,3,1
2017-18,Brighton,2017-12-26,Away,0.800,1.105,0,0
2017-18,Brighton,2017-12-30,Away,0.800,1.050,1,0
2017-18,Brighton,2018-01-01,Home,1.000,1.048,1,0
2017-18,Brighton,2018-01-13,Away,1.200,1.045,0,0
2017-18,Brighton,2018-01-20,Home,1.000,1.000,0,0
2017-18,Brighton,2018-01-31,Away,0.400,0.958,1,0
2017-18,Brighton,2018-02-03,Home,0.600,0.960,3,1
2017-18,Brighton,2018-02-10,Away,1.000,1.038,1,0
2017-18,Brighton,2018-02-24,Home,1.000,1.037,3,1
2017-18,Brighton,2018-03-04,Home,1.600,1.107,3,1
2017-18,Brighton,2018-03-10,Away,2.200,1.172,0,0
2017-18,Brighton,2018-03-31,Home,2.000,1.133,0,0
2017-18,Brighton,2018-04-07,Home,1.400,1.097,1,0
2017-18,Brighton,2018-04-14,Away,1.400,1.094,0,0
2017-18,Brighton,2018-04-17,Home,0.800,1.061,1,0
2017-18,Brighton,2018-04-28,Away,0.400,1.059,1,0
2017-18,Brighton,2018-05-04,Home,0.600,1.057,3,1
2017-18,Brighton,2018-05-09,Away,1.200,1.111,0,0
2017-18,Brighton,2018-05-13,Away,1.000,1.081,0,0
2017-18,Burnley,2017-09-23,Home,1.600,1.600,1,0
2017-18,Burnley,2017-10-01,Away,1.200,1.500,3,1
2017-18,Burnley,2017-10-14,Home,1.800,1.714,1,0
2017-18,Burnley,2017-10-21,Away,1.800,1.625,0,0
2017-18,Burnley,2017-10-30,Home,1.200,1.444,3,1
2017-18,Burnley,2017-11-04,Away,1.600,1.600,3,1
2017-18,Burnley,2017-11-18,Home,2.000,1.727,3,1
2017-18,Burnley,2017-11-26,Home,2.000,1.833,0,0
2017-18,Burnley,2017-11-29,Away,1.800,1.692,3,1
2017-18,Burnley,2017-12-02,Away,2.400,1.786,0,0
2017-18,Burnley,2017-12-09,Home,1.800,1.667,3,1
2017-18,Burnley,2017-12-12,Home,1.800,1.750,3,1
2017-18,Burnley,2017-12-16,Away,1.800,1.824,1,0
2017-18,Burnley,2017-12-23,Home,2.000,1.778,0,0
2017-18,Burnley,2017-12-26,Away,1.400,1.684,1,0
2017-18,Burnley,2017-12-30,Away,1.600,1.650,1,0
2017-18,Burnley,2018-01-01,Home,1.200,1.619,0,0
2017-18,Burnley,2018-01-13,Away,0.600,1.545,0,0
2017-18,Burnley,2018-01-20,Home,0.400,1.478,0,0
2017-18,Burnley,2018-01-31,Away,0.400,1.417,1,0
2017-18,Burnley,2018-02-03,Home,0.400,1.400,1,0
2017-18,Burnley,2018-02-10,Away,0.400,1.385,0,0
2017-18,Burnley,2018-02-24,Home,0.400,1.333,1,0
2017-18,Burnley,2018-03-03,Home,0.600,1.321,3,1
2017-18,Burnley,2018-03-10,Away,1.200,1.379,3,1
2017-18,Burnley,2018-03-31,Away,1.600,1.433,3,1
2017-18,Burnley,2018-04-07,Away,2.000,1.484,3,1
2017-18,Burnley,2018-04-14,Home,2.600,1.531,3,1
2017-18,Burnley,2018-04-19,Home,3.000,1.576,0,0
2017-18,Burnley,2018-04-22,Away,2.400,1.529,1,0
2017-18,Burnley,2018-04-28,Home,2.000,1.514,1,0
2017-18,Burnley,2018-05-06,Away,1.600,1.500,0,0
2017-18,Burnley,2018-05-13,Home,1.000,1.459,0,0
2017-18,Chelsea,2017-09-23,Away,2.000,2.000,3,1
2017-18,Chelsea,2017-09-30,Home,2.600,2.167,0,0
2017-18,Chelsea,2017-10-14,Away,2.000,1.857,0,0
2017-18,Chelsea,2017-10-21,Home,1.400,1.625,3,1
2017-18,Chelsea,2017-10-28,Away,1.400,1.778,3,1
2017-18,Chelsea,2017-11-05,Home,1.800,1.900,3,1
2017-18,Chelsea,2017-11-18,Away,1.800,2.000,3,1
2017-18,Chelsea,2017-11-25,Away,2.400,2.083,1,0
2017-18,Chelsea,2017-11-29,Home,2.600,2.000,3,1
2017-18,Chelsea,2017-12-02,Home,2.600,2.071,3,1
2017-18,Chelsea,2017-12-09,Away,2.600,2.133,0,0
2017-18,Chelsea,2017-12-12,Away,2.000,2.000,3,1
2017-18,Chelsea,2017-12-16,Home,2.000,2.059,3,1
2017-18,Chelsea,2017-12-23,Away,2.400,2.111,1,0
2017-18,Chelsea,2017-12-26,Home,2.000,2.053,3,1
2017-18,Chelsea,2017-12-30,Home,2.000,2.100,3,1
2017-18,Chelsea,2018-01-03,Away,2.600,2.143,1,0
2017-18,Chelsea,2018-01-13,Home,2.200,2.091,1,0
2017-18,Chelsea,2018-01-20,Away,1.800,2.043,3,1
2017-18,Chelsea,2018-01-31,Home,2.200,2.083,0,0
2017-18,Chelsea,2018-02-05,Away,1.600,2.000,0,0
2017-18,Chelsea,2018-02-12,Home,1.000,1.923,3,1
2017-18,Chelsea,2018-02-25,Away,1.400,1.963,0,0
2017-18,Chelsea,2018-03-04,Away,1.200,1.893,0,0
2017-18,Chelsea,2018-03-10,Home,0.600,1.828,3,1
2017-18,Chelsea,2018-04-01,Home,1.200,1.867,0,0
2017-18,Chelsea,2018-04-08,Home,1.200,1.806,1,0
2017-18,Chelsea,2018-04-14,Away,0.800,1.781,3,1
2017-18,Chelsea,2018-04-19,Away,1.400,1.818,3,1
2017-18,Chelsea,2018-04-28,Away,2.000,1.853,3,1
2017-18,Chelsea,2018-05-06,Home,2.000,1.886,3,1
2017-18,Chelsea,2018-05-09,Home,2.600,1.917,1,0
2017-18,Chelsea,2018-05-13,Away,2.600,1.892,0,0
2017-18,Crystal Palace,2017-09-23,Away,0.000,0.000,0,0
2017-18,Crystal Palace,2017-09-30,Away,0.000,0.000,0,0
2017-18,Crystal Palace,2017-10-14,Home,0.000,0.000,3,1
2017-18,Crystal Palace,2017-10-21,Away,0.600,0.375,0,0
2017-18,Crystal Palace,2017-10-28,Home,0.600,0.333,1,0
2017-18,Crystal Palace,2017-11-05,Away,0.800,0.400,0,0
2017-18,Crystal Palace,2017-11-18,Home,0.800,0.364,1,0
2017-18,Crystal Palace,2017-11-25,Home,1.000,0.417,3,1
2017-18,Crystal Palace,2017-11-28,Away,1.000,0.615,1,0
2017-18,Crystal Palace,2017-12-02,Away,1.200,0.643,1,0
2017-18,Crystal Palace,2017-12-09,Home,1.200,0.667,1,0
2017-18,Crystal Palace,2017-12-12,Home,1.400,0.688,3,1
2017-18,Crystal Palace,2017-12-16,Away,1.800,0.824,3,1
2017-18,Crystal Palace,2017-12-23,Away,1.800,0.944,1,0
2017-18,Crystal Palace,2017-12-28,Home,1.800,0.947,0,0
2017-18,Crystal Palace,2017-12-31,Home,1.600,0.900,1,0
2017-18,Crystal Palace,2018-01-02,Away,1.600,0.905,3,1
2017-18,Crystal Palace,2018-01-13,Home,1.600,1.000,3,1
2017-18,Crystal Palace,2018-01-20,Away,1.600,1.087,0,0
2017-18,Crystal Palace,2018-01-30,Away,1.400,1.042,1,0
2017-18,Crystal Palace,2018-02-04,Home,1.600,1.040,1,0
2017-18,Crystal Palace,2018-02-10,Away,1.600,1.038,0,0
2017-18,Crystal Palace,2018-02-25,Home,1.000,1.000,0,0
2017-18,Crystal Palace,2018-03-05,Home,0.400,0.964,0,0
2017-18,Crystal Palace,2018-03-10,Away,0.400,0.931,0,0
2017-18,Crystal Palace,2018-03-17,Away,0.200,0.900,3,1
2017-18,Crystal Palace,2018-03-31,Home,0.600,0.968,0,0
2017-18,Crystal Palace,2018-04-07,Away,0.600,0.938,1,0
2017-18,Crystal Palace,2018-04-14,Home,0.800,0.939,3,1
2017-18,Crystal Palace,2018-04-21,Away,1.400,1.000,1,0
2017-18,Crystal Palace,2018-04-28,Home,1.600,1.000,3,1
2017-18,Crystal Palace,2018-05-05,Away,1.600,1.056,3,1
2017-18,Crystal Palace,2018-05-13,Home,2.200,1.108,3,1
2017-18,Everton,2017-09-23,Home,0.800,0.800,3,1
2017-18,Everton,2017-10-01,Home,0.800,1.167,0,0
2017-18,Everton,2017-10-15,Away,0.600,1.000,1,0
2017-18,Everton,2017-10-22,Home,0.800,1.000,0,0
2017-18,Everton,2017-10-29,Away,0.800,0.889,0,0
2017-18,Everton,2017-11-05,Home,0.800,0.800,3,1
2017-18,Everton,2017-11-18,Away,0.800,1.000,1,0
2017-18,Everton,2017-11-26,Away,1.000,1.000,0,0
2017-18,Everton,2017-11-29,Home,0.800,0.923,3,1
2017-18,Everton,2017-12-02,Home,1.400,1.071,3,1
2017-18,Everton,2017-12-10,Away,2.000,1.200,1,0
2017-18,Everton,2017-12-13,Away,1.600,1.188,3,1
2017-18,Everton,2017-12-18,Home,2.000,1.294,3,1
2017-18,Everton,2017-12-23,Home,2.600,1.389,1,0
2017-18,Everton,2017-12-26,Away,2.200,1.368,1,0
2017-18,Everton,2017-12-30,Away,1.800,1.350,0,0
2017-18,Everton,2018-01-01,Home,1.600,1.286,0,0
2017-18,Everton,2018-01-13,Away,1.000,1.227,0,0
2017-18,Everton,2018-01-20,Home,0.400,1.174,1,0
2017-18,Everton,2018-01-31,Home,0.400,1.167,3,1
2017-18,Everton,2018-02-03,Away,0.800,1.240,0,0
2017-18,Everton,2018-02-10,Home,0.800,1.192,3,1
2017-18,Everton,2018-02-24,Away,1.400,1.259,0,0
2017-18,Everton,2018-03-03,Away,1.400,1.214,0,0
2017-18,Everton,2018-03-10,Home,1.200,1.172,3,1
2017-18,Everton,2018-03-17,Away,1.200,1.233,3,1
2017-18,Everton,2018-03-31,Home,1.800,1.290,0,0
2017-18,Everton,2018-04-07,Home,1.200,1.250,1,0
2017-18,Everton,2018-04-14,Away,1.400,1.242,1,0
2017-18,Everton,2018-04-23,Home,1.600,1.235,3,1
2017-18,Everton,2018-04-28,Away,1.600,1.286,3,1
2017-18,Everton,2018-05-05,Home,1.600,1.333,1,0
2017-18,Everton,2018-05-13,Away,1.800,1.324,0,0
2017-18,Huddersfield,2017-09-23,Away,1.600,1.600,1,0
2017-18,Huddersfield,2017-09-30,Home,1.200,1.500,0,0
2017-18,Huddersfield,2017-10-14,Away,0.600,1.286,0,0
2017-18,Huddersfield,2017-10-21,Home,0.400,1.125,3,1
2017-18,Huddersfield,2017-10-28,Away,1.000,1.333,0,0
2017-18,Huddersfield,2017-11-04,Home,0.800,1.200,3,1
2017-18,Huddersfield,2017-11-18,Away,1.200,1.364,0,0
2017-18,Huddersfield,2017-11-26,Home,1.200,1.250,0,0
2017-18,Huddersfield,2017-11-29,Away,1.200,1.154,0,0
2017-18,Huddersfield,2017-12-02,Away,0.600,1.071,0,0
2017-18,Huddersfield,2017-12-09,Home,0.600,1.000,3,1
2017-18,Huddersfield,2017-12-12,Home,0.600,1.125,0,0
2017-18,Huddersfield,2017-12-16,Away,0.600,1.059,3,1
2017-18,Huddersfield,2017-12-23,Away,1.200,1.167,1,0
2017-18,Huddersfield,2017-12-26,Home,1.400,1.158,1,0
2017-18,Huddersfield,2017-12-30,Home,1.600,1.150,1,0
2017-18,Huddersfield,2018-01-01,Away,1.200,1.143,0,0
2017-18,Huddersfield,2018-01-13,Home,1.200,1.091,0,0
2017-18,Huddersfield,2018-01-20,Away,0.600,1.043,0,0
2017-18,Huddersfield,2018-01-30,Home,0.400,1.000,0,0
2017-18,Huddersfield,2018-02-03,Away,0.200,0.960,0,0
2017-18,Huddersfield,2018-02-11,Home,0.000,0.923,3,1
2017-18,Huddersfield,2018-02-24,Away,0.600,1.000,3,1
2017-18,Huddersfield,2018-03-03,Away,1.200,1.071,0,0
2017-18,Huddersfield,2018-03-10,Home,1.200,1.034,1,0
2017-18,Huddersfield,2018-03-17,Home,1.400,1.033,0,0
2017-18,Huddersfield,2018-03-31,Away,1.400,1.000,0,0
2017-18,Huddersfield,2018-04-07,Away,0.800,0.969,1,0
2017-18,Huddersfield,2018-04-14,Home,0.400,0.970,3,1
2017-18,Huddersfield,2018-04-28,Home,1.000,1.029,0,0
2017-18,Huddersfield,2018-05-06,Away,0.800,1.000,1,0
2017-18,Huddersfield,2018-05-09,Away,1.000,1.000,1,0
2017-18,Huddersfield,2018-05-13,Home,1.200,1.000,0,0
2017-18,Leicester,2017-09-23,Home,0.800,0.800,0,0
2017-18,Leicester,2017-09-30,Away,0.800,0.667,1,0
2017-18,Leicester,2017-10-16,Home,0.400,0.714,1,0
2017-18,Leicester,2017-10-21,Away,0.600,0.750,3,1
2017-18,Leicester,2017-10-29,Home,1.200,1.000,3,1
2017-18,Leicester,2017-11-04,Away,1.600,1.200,1,0
2017-18,Leicester,2017-11-18,Home,1.800,1.182,0,0
2017-18,Leicester,2017-11-24,Away,1.600,1.083,1,0
2017-18,Leicester,2017-11-28,Home,1.600,1.077,3,1
2017-18,Leicester,2017-12-02,Home,1.600,1.214,3,1
2017-18,Leicester,2017-12-09,Away,1.600,1.333,3,1
2017-18,Leicester,2017-12-13,Away,2.000,1.438,3,1
2017-18,Leicester,2017-12-16,Home,2.600,1.529,0,0
2017-18,Leicester,2017-12-23,Home,2.400,1.444,1,0
2017-18,Leicester,2017-12-26,Away,2.000,1.421,0,0
2017-18,Leicester,2017-12-30,Away,1.400,1.350,0,0
2017-18,Leicester,2018-01-01,Home,0.800,1.286,3,1
2017-18,Leicester,2018-01-13,Away,0.800,1.364,1,0
2017-18,Leicester,2018-01-20,Home,1.000,1.348,3,1
2017-18,Leicester,2018-01-31,Away,1.400,1.417,0,0
2017-18,Leicester,2018-02-03,Home,1.400,1.360,1,0
2017-18,Leicester,2018-02-10,Away,1.600,1.346,0,0
2017-18,Leicester,2018-02-24,Home,1.000,1.296,1,0
2017-18,Leicester,2018-03-03,Home,1.000,1.286,1,0
2017-18,Leicester,2018-03-10,Away,0.600,1.276,3,1
2017-18,Leicester,2018-03-31,Away,1.200,1.333,3,1
2017-18,Leicester,2018-04-07,Home,1.600,1.387,0,0
2017-18,Leicester,2018-04-14,Away,1.600,1.344,0,0
2017-18,Leicester,2018-04-19,Home,1.400,1.303,1,0
2017-18,Leicester,2018-04-28,Away,1.400,1.294,0,0
2017-18,Leicester,2018-05-05,Home,0.800,1.257,0,0
2017-18,Leicester,2018-05-09,Home,0.200,1.222,3,1
2017-18,Leicester,2018-05-13,Away,0.800,1.270,0,0
2017-18,Liverpool,2017-09-23,Away,1.600,1.600,3,1
2017-18,Liverpool,2017-10-01,Away,2.000,1.833,1,0
2017-18,Liverpool,2017-10-14,Home,1.600,1.714,1,0
2017-18,Liverpool,2017-10-22,Away,1.200,1.625,0,0
2017-18,Liverpool,2017-10-28,Home,1.200,1.444,3,1
2017-18,Liverpool,2017-11-04,Away,1.600,1.600,3,1
2017-18,Liverpool,2017-11-18,Home,1.600,1.727,3,1
2017-18,Liverpool,2017-11-25,Home,2.000,1.833,1,0
2017-18,Liverpool,2017-11-29,Away,2.000,1.769,3,1
2017-18,Liverpool,2017-12-02,Away,2.600,1.857,3,1
2017-18,Liverpool,2017-12-10,Home,2.600,1.933,1,0
2017-18,Liverpool,2017-12-13,Home,2.200,1.875,1,0
2017-18,Liverpool,2017-12-17,Away,1.800,1.824,3,1
2017-18,Liverpool,2017-12-22,Away,2.200,1.889,1,0
2017-18,Liverpool,2017-12-26,Home,1.800,1.842,3,1
2017-18,Liverpool,2017-12-30,Home,1.800,1.900,3,1
2017-18,Liverpool,2018-01-01,Away,2.200,1.952,3,1
2017-18,Liverpool,2018-01-14,Home,2.600,2.000,3,1
2017-18,Liverpool,2018-01-22,Away,2.600,2.043,0,0
2017-18,Liverpool,2018-01-30,Away,2.400,1.958,3,1
2017-18,Liverpool,2018-02-04,Home,2.400,2.000,1,0
2017-18,Liverpool,2018-02-11,Away,2.000,1.962,3,1
2017-18,Liverpool,2018-02-24,Home,2.000,2.000,3,1
2017-18,Liverpool,2018-03-03,Home,2.000,2.036,3,1
2017-18,Liverpool,2018-03-10,Away,2.600,2.069,0,0
2017-18,Liverpool,2018-03-17,Home,2.000,2.000,3,1
2017-18,Liverpool,2018-03-31,Away,2.400,2.032,3,1
2017-18,Liverpool,2018-04-07,Away,2.400,2.063,1,0
2017-18,Liverpool,2018-04-14,Home,2.000,2.030,3,1
2017-18,Liverpool,2018-04-21,Away,2.000,2.059,1,0
2017-18,Liverpool,2018-04-28,Home,2.200,2.029,1,0
2017-18,Liverpool,2018-05-06,Away,1.800,2.000,0,0
2017-18,Liverpool,2018-05-13,Home,1.200,1.946,3,1
2017-18,Man City,2017-09-23,Home,2.600,2.600,3,1
2017-18,Man City,2017-09-30,Away,2.600,2.667,3,1
2017-18,Man City,2017-10-14,Home,3.000,2.714,3,1
2017-18,Man City,2017-10-21,Home,3.000,2.750,3,1
2017-18,Man City,2017-10-28,Away,3.000,2.778,3,1
2017-18,Man City,2017-11-05,Home,3.000,2.800,3,1
2017-18,Man City,2017-11-18,Away,3.000,2.818,3,1
2017-18,Man City,2017-11-26,Away,3.000,2.833,3,1
2017-18,Man City,2017-11-29,Home,3.000,2.846,3,1
2017-18,Man City,2017-12-03,Home,3.000,2.857,3,1
2017-18,Man City,2017-12-10,Away,3.000,2.867,3,1
2017-18,Man City,2017-12-13,Away,3.000,2.875,3,1
2017-18,Man City,2017-12-16,Home,3.000,2.882,3,1
2017-18,Man City,2017-12-23,Home,3.000,2.889,3,1
2017-18,Man City,2017-12-27,Away,3.000,2.895,3,1
2017-18,Man City,2017-12-31,Away,3.000,2.900,1,0
2017-18,Man City,2018-01-02,Home,2.600,2.810,3,1
2017-18,Man City,2018-01-14,Away,2.600,2.818,0,0
2017-18,Man City,2018-01-20,Home,2.000,2.696,3,1
2017-18,Man City,2018-01-31,Home,2.000,2.708,3,1
2017-18,Man City,2018-02-03,Away,2.000,2.720,1,0
2017-18,Man City,2018-02-10,Home,2.000,2.654,3,1
2017-18,Man City,2018-03-01,Away,2.000,2.667,3,1
2017-18,Man City,2018-03-04,Home,2.600,2.679,3,1
2017-18,Man City,2018-03-12,Away,2.600,2.690,3,1
2017-18,Man City,2018-03-31,Away,2.600,2.700,3,1
2017-18,Man City,2018-04-07,Home,3.000,2.710,0,0
2017-18,Man City,2018-04-14,Away,2.400,2.625,3,1
2017-18,Man City,2018-04-22,Home,2.400,2.636,3,1
2017-18,Man City,2018-04-29,Away,2.400,2.647,3,1
2017-18,Man City,2018-05-06,Home,2.400,2.657,1,0
2017-18,Man City,2018-05-09,Home,2.000,2.611,3,1
2017-18,Man City,2018-05-13,Away,2.600,2.622,3,1
2017-18,Man United,2017-09-23,Away,2.600,2.600,3,1
2017-18,Man United,2017-09-30,Home,2.600,2.667,3,1
2017-18,Man United,2017-10-14,Away,2.600,2.714,1,0
2017-18,Man United,2017-10-21,Away,2.200,2.500,0,0
2017-18,Man United,2017-10-28,Home,2.000,2.222,3,1
2017-18,Man United,2017-11-05,Away,2.000,2.300,0,0
2017-18,Man United,2017-11-18,Home,1.400,2.091,3,1
2017-18,Man United,2017-11-25,Home,1.400,2.167,3,1
2017-18,Man United,2017-11-28,Away,1.800,2.231,3,1
2017-18,Man United,2017-12-02,Away,2.400,2.286,3,1
2017-18,Man United,2017-12-10,Home,2.400,2.333,0,0
2017-18,Man United,2017-12-13,Home,2.400,2.188,3,1
2017-18,Man United,2017-12-17,Away,2.400,2.235,3,1
2017-18,Man United,2017-12-23,Away,2.400,2.278,1,0
2017-18,Man United,2017-12-26,Home,2.000,2.211,1,0
2017-18,Man United,2017-12-30,Home,1.600,2.150,1,0
2017-18,Man United,2018-01-01,Away,1.800,2.095,3,1
2017-18,Man United,2018-01-15,Home,1.800,2.136,3,1
2017-18,Man United,2018-01-20,Away,1.800,2.174,3,1
2017-18,Man United,2018-01-31,Away,2.200,2.208,0,0
2017-18,Man United,2018-02-03,Home,2.000,2.120,3,1
2017-18,Man United,2018-02-11,Away,2.400,2.154,0,0
2017-18,Man United,2018-02-25,Home,1.800,2.074,3,1
2017-18,Man United,2018-03-05,Away,1.800,2.107,3,1
2017-18,Man United,2018-03-10,Home,1.800,2.138,3,1
2017-18,Man United,2018-03-31,Home,2.400,2.167,3,1
2017-18,Man United,2018-04-07,Away,2.400,2.194,3,1
2017-18,Man United,2018-04-15,Home,3.000,2.219,0,0
2017-18,Man United,2018-04-18,Away,2.400,2.152,3,1
2017-18,Man United,2018-04-29,Home,2.400,2.176,3,1
2017-18,Man United,2018-05-04,Away,2.400,2.200,0,0
2017-18,Man United,2018-05-10,Away,1.800,2.139,1,0
2017-18,Man United,2018-05-13,Home,1.400,2.108,3,1
2017-18,Newcastle,2017-09-24,Away,1.800,1.800,0,0
2017-18,Newcastle,2017-10-01,Home,1.800,1.500,1,0
2017-18,Newcastle,2017-10-15,Away,2.000,1.429,1,0
2017-18,Newcastle,2017-10-21,Home,1.600,1.375,3,1
2017-18,Newcastle,2017-10-30,Away,1.600,1.556,0,0
2017-18,Newcastle,2017-11-04,Home,1.000,1.400,0,0
2017-18,Newcastle,2017-11-18,Away,1.000,1.273,0,0
2017-18,Newcastle,2017-11-25,Home,0.800,1.167,0,0
2017-18,Newcastle,2017-11-28,Away,0.600,1.077,1,0
2017-18,Newcastle,2017-12-02,Away,0.200,1.071,0,0
2017-18,Newcastle,2017-12-09,Home,0.200,1.000,0,0
2017-18,Newcastle,2017-12-13,Home,0.200,0.938,0,0
2017-18,Newcastle,2017-12-16,Away,0.200,0.882,0,0
2017-18,Newcastle,2017-12-23,Away,0.200,0.833,3,1
2017-18,Newcastle,2017-12-27,Home,0.600,0.947,0,0
2017-18,Newcastle,2017-12-30,Home,0.600,0.900,1,0
2017-18,Newcastle,2018-01-01,Away,0.800,0.905,3,1
2017-18,Newcastle,2018-01-13,Home,1.400,1.000,1,0
2017-18,Newcastle,2018-01-20,Away,1.600,1.000,0,0
2017-18,Newcastle,2018-01-31,Home,1.000,0.958,1,0
2017-18,Newcastle,2018-02-04,Away,1.200,0.960,1,0
2017-18,Newcastle,2018-02-11,Home,1.200,0.962,3,1
2017-18,Newcastle,2018-02-24,Away,1.200,1.037,1,0
2017-18,Newcastle,2018-03-03,Away,1.200,1.036,0,0
2017-18,Newcastle,2018-03-10,Home,1.200,1.000,3,1
2017-18,Newcastle,2018-03-31,Home,1.600,1.067,3,1
2017-18,Newcastle,2018-04-07,Away,2.000,1.129,3,1
2017-18,Newcastle,2018-04-15,Home,2.000,1.188,3,1
2017-18,Newcastle,2018-04-23,Away,2.400,1.242,0,0
2017-18,Newcastle,2018-04-28,Home,2.400,1.206,0,0
2017-18,Newcastle,2018-05-05,Away,1.800,1.171,0,0
2017-18,Newcastle,2018-05-09,Away,1.200,1.139,0,0
2017-18,Newcastle,2018-05-13,Home,0.600,1.108,3,1
2017-18,Southampton,2017-09-23,Home,1.600,1.600,0,0
2017-18,Southampton,2017-09-30,Away,1.400,1.333,0,0
2017-18,Southampton,2017-10-15,Home,0.800,1.143,1,0
2017-18,Southampton,2017-10-21,Home,0.800,1.125,3,1
2017-18,Southampton,2017-10-29,Away,1.400,1.333,1,0
2017-18,Southampton,2017-11-04,Home,1.000,1.300,0,0
2017-18,Southampton,2017-11-18,Away,1.000,1.182,0,0
2017-18,Southampton,2017-11-26,Home,1.000,1.083,3,1
2017-18,Southampton,2017-11-29,Away,1.400,1.231,0,0
2017-18,Southampton,2017-12-03,Away,0.800,1.143,1,0
2017-18,Southampton,2017-12-10,Home,0.800,1.133,1,0
2017-18,Southampton,2017-12-13,Home,1.000,1.125,0,0
2017-18,Southampton,2017-12-16,Away,1.000,1.059,0,0
2017-18,Southampton,2017-12-23,Home,0.400,1.000,1,0
2017-18,Southampton,2017-12-26,Away,0.600,1.000,0,0
2017-18,Southampton,2017-12-30,Away,0.400,0.950,1,0
2017-18,Southampton,2018-01-02,Home,0.400,0.952,0,0
2017-18,Southampton,2018-01-13,Away,0.400,0.909,1,0
2017-18,Southampton,2018-01-21,Home,0.600,0.913,1,0
2017-18,Southampton,2018-01-31,Home,0.600,0.917,1,0
2017-18,Southampton,2018-02-03,Away,0.800,0.920,3,1
2017-18,Southampton,2018-02-11,Home,1.200,1.000,0,0
2017-18,Southampton,2018-02-24,Away,1.200,0.963,1,0
2017-18,Southampton,2018-03-03,Home,1.200,0.964,1,0
2017-18,Southampton,2018-03-10,Away,1.200,0.966,0,0
2017-18,Southampton,2018-03-31,Away,1.000,0.933,0,0
2017-18,Southampton,2018-04-08,Away,0.400,0.903,0,0
2017-18,Southampton,2018-04-14,Home,0.400,0.875,0,0
2017-18,Southampton,2018-04-19,Away,0.200,0.848,1,0
2017-18,Southampton,2018-04-28,Home,0.200,0.853,3,1
2017-18,Southampton,2018-05-05,Away,0.800,0.914,1,0
2017-18,Southampton,2018-05-08,Away,1.000,0.917,3,1
2017-18,Southampton,2018-05-13,Home,1.600,0.973,0,0
2017-18,Stoke,2017-09-23,Home,1.000,1.000,0,0
2017-18,Stoke,2017-09-30,Home,1.000,0.833,3,1
2017-18,Stoke,2017-10-14,Away,1.000,1.143,0,0
2017-18,Stoke,2017-10-21,Home,0.800,1.000,0,0
2017-18,Stoke,2017-10-28,Away,0.600,0.889,3,1
2017-18,Stoke,2017-11-04,Home,1.200,1.100,1,0
2017-18,Stoke,2017-11-20,Away,1.400,1.091,1,0
2017-18,Stoke,2017-11-25,Away,1.000,1.083,0,0
2017-18,Stoke,2017-11-29,Home,1.000,1.000,0,0
2017-18,Stoke,2017-12-02,Home,1.000,0.929,3,1
2017-18,Stoke,2017-12-09,Away,1.000,1.067,0,0
2017-18,Stoke,2017-12-12,Away,0.800,1.000,0,0
2017-18,Stoke,2017-12-16,Home,0.600,0.941,0,0
2017-18,Stoke,2017-12-23,Home,0.600,0.889,3,1
2017-18,Stoke,2017-12-26,Away,1.200,1.000,1,0
2017-18,Stoke,2017-12-30,Away,0.800,1.000,0,0
2017-18,Stoke,2018-01-01,Home,0.800,0.952,0,0
2017-18,Stoke,2018-01-15,Away,0.800,0.909,0,0
2017-18,Stoke,2018-01-20,Home,0.800,0.870,3,1
2017-18,Stoke,2018-01-31,Home,0.800,0.958,1,0
2017-18,Stoke,2018-02-03,Away,0.800,0.960,0,0
2017-18,Stoke,2018-02-10,Home,0.800,0.923,1,0
2017-18,Stoke,2018-02-24,Away,1.000,0.926,1,0
2017-18,Stoke,2018-03-03,Away,1.200,0.929,1,0
2017-18,Stoke,2018-03-12,Home,0.800,0.931,0,0
2017-18,Stoke,2018-03-17,Home,0.600,0.900,0,0
2017-18,Stoke,2018-04-01,Away,0.600,0.871,0,0
2017-18,Stoke,2018-04-07,Home,0.400,0.844,0,0
2017-18,Stoke,2018-04-16,Away,0.200,0.818,1,0
2017-18,Stoke,2018-04-22,Home,0.200,0.824,1,0
2017-18,Stoke,2018-04-28,Away,0.400,0.829,1,0
2017-18,Stoke,2018-05-05,Home,0.600,0.833,0,0
2017-18,Stoke,2018-05-13,Away,0.600,0.811,3,1
2017-18,Swansea,2017-09-23,Home,1.000,1.000,0,0
2017-18,Swansea,2017-09-30,Away,0.800,0.833,0,0
2017-18,Swansea,2017-10-14,Home,0.800,0.714,3,1
2017-18,Swansea,2017-10-21,Home,0.800,1.000,0,0
2017-18,Swansea,2017-10-28,Away,0.800,0.889,0,0
2017-18,Swansea,2017-11-04,Home,0.600,0.800,0,0
2017-18,Swansea,2017-11-18,Away,0.600,0.727,0,0
2017-18,Swansea,2017-11-25,Home,0.600,0.667,1,0
2017-18,Swansea,2017-11-29,Away,0.200,0.692,0,0
2017-18,Swansea,2017-12-02,Away,0.200,0.643,0,0
2017-18,Swansea,2017-12-09,Home,0.200,0.600,3,1
2017-18,Swansea,2017-12-13,Home,0.800,0.750,0,0
2017-18,Swansea,2017-12-18,Away,0.800,0.706,0,0
2017-18,Swansea,2017-12-23,Home,0.600,0.667,1,0
2017-18,Swansea,2017-12-26,Away,0.800,0.684,0,0
2017-18,Swansea,2017-12-30,Away,0.800,0.650,3,1
2017-18,Swansea,2018-01-02,Home,0.800,0.762,0,0
2017-18,Swansea,2018-01-13,Away,0.800,0.727,1,0
2017-18,Swansea,2018-01-22,Home,1.000,0.739,3,1
2017-18,Swansea,2018-01-30,Home,1.400,0.833,3,1
2017-18,Swansea,2018-02-03,Away,2.000,0.920,1,0
2017-18,Swansea,2018-02-10,Home,1.600,0.923,3,1
2017-18,Swansea,2018-02-24,Away,2.200,1.000,0,0
2017-18,Swansea,2018-03-03,Home,2.000,0.964,3,1
2017-18,Swansea,2018-03-10,Away,2.000,1.034,1,0
2017-18,Swansea,2018-03-31,Away,1.600,1.033,0,0
2017-18,Swansea,2018-04-07,Away,1.400,1.000,1,0
2017-18,Swansea,2018-04-14,Home,1.000,1.000,1,0
2017-18,Swansea,2018-04-22,Away,1.200,1.000,0,0
2017-18,Swansea,2018-04-28,Home,0.600,0.971,0,0
2017-18,Swansea,2018-05-05,Away,0.400,0.943,0,0
2017-18,Swansea,2018-05-08,Home,0.400,0.917,0,0
2017-18,Swansea,2018-05-13,Home,0.200,0.892,0,0
2017-18,Tottenham,2017-09-23,Away,1.600,1.600,3,1
2017-18,Tottenham,2017-09-30,Away,1.600,1.833,3,1
2017-18,Tottenham,2017-10-14,Home,2.200,2.000,3,1
2017-18,Tottenham,2017-10-22,Home,2.600,2.125,3,1
2017-18,Tottenham,2017-10-28,Away,2.600,2.222,0,0
2017-18,Tottenham,2017-11-05,Home,2.400,2.000,3,1
2017-18,Tottenham,2017-11-18,Away,2.400,2.091,0,0
2017-18,Tottenham,2017-11-25,Home,1.800,1.917,1,0
2017-18,Tottenham,2017-11-28,Away,1.400,1.846,0,0
2017-18,Tottenham,2017-12-02,Away,0.800,1.714,1,0
2017-18,Tottenham,2017-12-09,Home,1.000,1.667,3,1
2017-18,Tottenham,2017-12-13,Home,1.000,1.750,3,1
2017-18,Tottenham,2017-12-16,Away,1.600,1.824,0,0
2017-18,Tottenham,2017-12-23,Away,1.400,1.722,3,1
2017-18,Tottenham,2017-12-26,Home,2.000,1.789,3,1
2017-18,Tottenham,2018-01-02,Away,2.400,1.850,3,1
2017-18,Tottenham,2018-01-04,Home,2.400,1.905,1,0
2017-18,Tottenham,2018-01-13,Home,2.000,1.864,3,1
2017-18,Tottenham,2018-01-21,Away,2.600,1.913,1,0
2017-18,Tottenham,2018-01-31,Home,2.200,1.875,3,1
2017-18,Tottenham,2018-02-04,Away,2.200,1.920,1,0
2017-18,Tottenham,2018-02-10,Home,1.800,1.885,3,1
2017-18,Tottenham,2018-02-25,Away,2.200,1.926,3,1
2017-18,Tottenham,2018-03-03,Home,2.200,1.964,3,1
2017-18,Tottenham,2018-03-11,Away,2.600,2.000,3,1
2017-18,Tottenham,2018-04-01,Away,2.600,2.033,3,1
2017-18,Tottenham,2018-04-07,Away,3.000,2.065,3,1
2017-18,Tottenham,2018-04-14,Home,3.000,2.094,0,0
2017-18,Tottenham,2018-04-17,Away,2.400,2.030,1,0
2017-18,Tottenham,2018-04-30,Home,2.000,2.000,3,1
2017-18,Tottenham,2018-05-05,Away,2.000,2.029,0,0
2017-18,Tottenham,2018-05-09,Home,1.400,1.972,3,1
2017-18,Tottenham,2018-05-13,Home,1.400,2.000,3,1
2017-18,Watford,2017-09-23,Away,1.600,1.600,3,1
2017-18,Watford,2017-09-30,Away,2.000,1.833,1,0
2017-18,Watford,2017-10-14,Home,1.600,1.714,3,1
2017-18,Watford,2017-10-21,Away,2.000,1.875,0,0
2017-18,Watford,2017-10-28,Home,1.400,1.667,0,0
2017-18,Watford,2017-11-05,Away,1.400,1.500,0,0
2017-18,Watford,2017-11-19,Home,0.800,1.364,3,1
2017-18,Watford,2017-11-25,Away,1.200,1.500,3,1
2017-18,Watford,2017-11-28,Home,1.200,1.615,0,0
2017-18,Watford,2017-12-02,Home,1.200,1.500,1,0
2017-18,Watford,2017-12-09,Away,1.400,1.467,0,0
2017-18,Watford,2017-12-12,Away,1.400,1.375,0,0
2017-18,Watford,2017-12-16,Home,0.800,1.294,0,0
2017-18,Watford,2017-12-23,Away,0.200,1.222,0,0
2017-18,Watford,2017-12-26,Home,0.200,1.158,3,1
2017-18,Watford,2017-12-30,Home,0.600,1.250,0,0
2017-18,Watford,2018-01-02,Away,0.600,1.190,0,0
2017-18,Watford,2018-01-13,Home,0.600,1.136,1,0
2017-18,Watford,2018-01-20,Away,0.800,1.130,0,0
2017-18,Watford,2018-01-31,Away,0.800,1.083,1,0
2017-18,Watford,2018-02-05,Home,0.400,1.080,3,1
2017-18,Watford,2018-02-10,Away,1.000,1.154,0,0
2017-18,Watford,2018-02-24,Home,1.000,1.111,3,1
2017-18,Watford,2018-03-03,Home,1.400,1.179,3,1
2017-18,Watford,2018-03-11,Away,2.000,1.241,0,0
2017-18,Watford,2018-03-17,Away,1.800,1.200,0,0
2017-18,Watford,2018-03-31,Home,1.200,1.161,1,0
2017-18,Watford,2018-04-07,Home,1.400,1.156,0,0
2017-18,Watford,2018-04-14,Away,0.800,1.121,0,0
2017-18,Watford,2018-04-21,Home,0.200,1.088,1,0
2017-18,Watford,2018-04-30,Away,0.400,1.086,0,0
2017-18,Watford,2018-05-05,Home,0.400,1.056,3,1
2017-18,Watford,2018-05-13,Away,0.800,1.108,0,0
2017-18,West Brom,2017-09-25,Away,1.600,1.600,0,0
2017-18,West Brom,2017-09-30,Home,1.000,1.333,1,0
2017-18,West Brom,2017-10-16,Away,0.600,1.286,1,0
2017-18,West Brom,2017-10-21,Away,0.600,1.250,0,0
2017-18,West Brom,2017-10-28,Home,0.600,1.111,0,0
2017-18,West Brom,2017-11-04,Away,0.400,1.000,0,0
2017-18,West Brom,2017-11-18,Home,0.400,0.909,0,0
2017-18,West Brom,2017-11-25,Away,0.200,0.833,1,0
2017-18,West Brom,2017-11-28,Home,0.200,0.846,1,0
2017-18,West Brom,2017-12-02,Home,0.400,0.857,1,0
2017-18,West Brom,2017-12-09,Away,0.600,0.867,0,0
2017-18,West Brom,2017-12-13,Away,0.600,0.813,1,0
2017-18,West Brom,2017-12-17,Home,0.800,0.824,0,0
2017-18,West Brom,2017-12-23,Away,0.600,0.778,0,0
2017-18,West Brom,2017-12-26,Home,0.400,0.737,1,0
2017-18,West Brom,2017-12-31,Home,0.400,0.750,1,0
2017-18,West Brom,2018-01-02,Away,0.600,0.762,0,0
2017-18,West Brom,2018-01-13,Home,0.400,0.727,3,1
2017-18,West Brom,2018-01-20,Away,1.000,0.826,1,0
2017-18,West Brom,2018-01-31,Away,1.200,0.833,0,0
2017-18,West Brom,2018-02-03,Home,1.000,0.800,0,0
2017-18,West Brom,2018-02-12,Away,0.800,0.769,0,0
2017-18,West Brom,2018-02-24,Home,0.800,0.741,0,0
2017-18,West Brom,2018-03-03,Away,0.200,0.714,0,0
2017-18,West Brom,2018-03-10,Home,0.000,0.690,0,0
2017-18,West Brom,2018-03-17,Away,0.000,0.667,0,0
2017-18,West Brom,2018-03-31,Home,0.000,0.645,0,0
2017-18,West Brom,2018-04-07,Home,0.000,0.625,1,0
2017-18,West Brom,2018-04-15,Away,0.200,0.636,3,1
2017-18,West Brom,2018-04-21,Home,0.800,0.706,1,0
2017-18,West Brom,2018-04-28,Away,1.000,0.714,3,1
2017-18,West Brom,2018-05-05,Home,1.600,0.778,3,1
2017-18,West Brom,2018-05-13,Away,2.200,0.838,0,0
2017-18,West Ham,2017-09-23,Home,0.800,0.800,0,0
2017-18,West Ham,2017-09-30,Home,0.800,0.667,3,1
2017-18,West Ham,2017-10-14,Away,1.400,1.000,1,0
2017-18,West Ham,2017-10-20,Home,1.600,1.000,0,0
2017-18,West Ham,2017-10-28,Away,1.000,0.889,1,0
2017-18,West Ham,2017-11-04,Home,1.000,0.900,0,0
2017-18,West Ham,2017-11-19,Away,1.000,0.818,0,0
2017-18,West Ham,2017-11-24,Home,0.400,0.750,1,0
2017-18,West Ham,2017-11-29,Away,0.400,0.769,0,0
2017-18,West Ham,2017-12-03,Away,0.400,0.714,0,0
2017-18,West Ham,2017-12-09,Home,0.200,0.667,3,1
2017-18,West Ham,2017-12-13,Home,0.800,0.813,1,0
2017-18,West Ham,2017-12-16,Away,1.000,0.824,3,1
2017-18,West Ham,2017-12-23,Home,1.400,0.944,0,0
2017-18,West Ham,2017-12-26,Away,1.400,0.895,1,0
2017-18,West Ham,2018-01-02,Home,1.600,0.900,3,1
2017-18,West Ham,2018-01-04,Away,1.600,1.000,1,0
2017-18,West Ham,2018-01-13,Away,1.600,1.000,3,1
2017-18,West Ham,2018-01-20,Home,1.600,1.087,1,0
2017-18,West Ham,2018-01-30,Home,1.800,1.083,1,0
2017-18,West Ham,2018-02-03,Away,1.800,1.080,0,0
2017-18,West Ham,2018-02-10,Home,1.200,1.038,3,1
2017-18,West Ham,2018-02-24,Away,1.600,1.111,0,0
2017-18,West Ham,2018-03-03,Away,1.000,1.071,0,0
2017-18,West Ham,2018-03-10,Home,0.800,1.034,0,0
2017-18,West Ham,2018-03-31,Home,0.600,1.000,3,1
2017-18,West Ham,2018-04-08,Away,1.200,1.065,1,0
2017-18,West Ham,2018-04-16,Home,0.800,1.063,1,0
2017-18,West Ham,2018-04-22,Away,1.000,1.061,0,0
2017-18,West Ham,2018-04-29,Home,1.000,1.029,0,0
2017-18,West Ham,2018-05-05,Away,1.000,1.000,3,1
2017-18,West Ham,2018-05-10,Home,1.000,1.056,1,0
2017-18,West Ham,2018-05-13,Home,1.000,1.054,3,1
2018-19,Arsenal,2018-09-23,Home,1.800,1.800,3,1
2018-19,Arsenal,2018-09-29,Home,2.400,2.000,3,1
2018-19,Arsenal,2018-10-07,Away,3.000,2.143,3,1
2018-19,Arsenal,2018-10-22,Home,3.000,2.250,3,1
2018-19,Arsenal,2018-10-28,Away,3.000,2.333,1,0
2018-19,Arsenal,2018-11-03,Home,2.600,2.200,1,0
2018-19,Arsenal,2018-11-11,Home,2.200,2.091,1,0
2018-19,Arsenal,2018-11-25,Away,1.800,2.000,3,1
2018-19,Arsenal,2018-12-02,Home,1.800,2.077,3,1
2018-19,Arsenal,2018-12-05,Away,1.800,2.143,1,0
2018-19,Arsenal,2018-12-08,Home,1.800,2.067,3,1
2018-19,Arsenal,2018-12-16,Away,2.200,2.125,0,0
2018-19,Arsenal,2018-12-22,Home,2.000,2.000,3,1
2018-19,Arsenal,2018-12-26,Away,2.000,2.056,1,0
2018-19,Arsenal,2018-12-29,Away,1.600,2.000,0,0
2018-19,Arsenal,2019-01-01,Home,1.400,1.900,3,1
2018-19,Arsenal,2019-01-12,Away,1.400,1.952,0,0
2018-19,Arsenal,2019-01-19,Home,1.400,1.864,3,1
2018-19,Arsenal,2019-01-29,Home,1.400,1.913,3,1
2018-19,Arsenal,2019-02-03,Away,1.800,1.958,0,0
2018-19,Arsenal,2019-02-09,Away,1.800,1.880,3,1
2018-19,Arsenal,2019-02-24,Home,1.800,1.923,3,1
2018-19,Arsenal,2019-02-27,Home,2.400,1.963,3,1
2018-19,Arsenal,2019-03-02,Away,2.400,2.000,1,0
2018-19,Arsenal,2019-03-10,Home,2.000,1.966,3,1
2018-19,Arsenal,2019-04-01,Home,2.600,2.000,3,1
2018-19,Arsenal,2019-04-07,Away,2.600,2.032,0,0
2018-19,Arsenal,2019-04-15,Away,2.000,1.969,3,1
2018-19,Arsenal,2019-04-21,Home,2.000,2.000,0,0
2018-19,Arsenal,2019-04-24,Away,1.800,1.941,0,0
2018-19,Arsenal,2019-04-28,Away,1.200,1.886,0,0
2018-19,Arsenal,2019-05-05,Home,0.600,1.833,1,0
2018-19,Arsenal,2019-05-12,Away,0.800,1.811,3,1
2018-19,Bournemouth,2018-09-22,Away,2.000,2.000,0,0
2018-19,Bournemouth,2018-10-01,Home,1.400,1.667,3,1
2018-19,Bournemouth,2018-10-06,Away,1.400,1.857,3,1
2018-19,Bournemouth,2018-10-20,Home,1.800,2.000,1,0
2018-19,Bournemouth,2018-10-27,Away,2.000,1.889,3,1
2018-19,Bournemouth,2018-11-03,Home,2.000,2.000,0,0
2018-19,Bournemouth,2018-11-10,Away,2.000,1.818,0,0
2018-19,Bournemouth,2018-11-25,Home,1.400,1.667,0,0
2018-19,Bournemouth,2018-12-01,Away,0.800,1.538,0,0
2018-19,Bournemouth,2018-12-04,Home,0.600,1.429,3,1
2018-19,Bournemouth,2018-12-08,Home,0.600,1.533,0,0
2018-19,Bournemouth,2018-12-15,Away,0.600,1.438,0,0
2018-19,Bournemouth,2018-12-22,Home,0.600,1.353,3,1
2018-19,Bournemouth,2018-12-26,Away,1.200,1.444,0,0
2018-19,Bournemouth,2018-12-30,Away,1.200,1.368,0,0
2018-19,Bournemouth,2019-01-02,Home,0.600,1.300,1,0
2018-19,Bournemouth,2019-01-13,Away,0.800,1.286,0,0
2018-19,Bournemouth,2019-01-19,Home,0.800,1.227,3,1
2018-19,Bournemouth,2019-01-30,Home,0.800,1.304,3,1
2018-19,Bournemouth,2019-02-02,Away,1.400,1.375,0,0
2018-19,Bournemouth,2019-02-09,Away,1.400,1.320,0,0
2018-19,Bournemouth,2019-02-23,Home,1.200,1.269,1,0
2018-19,Bournemouth,2019-02-27,Away,1.400,1.259,0,0
2018-19,Bournemouth,2019-03-02,Home,0.800,1.214,0,0
2018-19,Bournemouth,2019-03-09,Away,0.200,1.172,3,1
2018-19,Bournemouth,2019-03-16,Home,0.800,1.233,1,0
2018-19,Bournemouth,2019-03-30,Away,1.000,1.226,0,0
2018-19,Bournemouth,2019-04-06,Home,0.800,1.188,0,0
2018-19,Bournemouth,2019-04-13,Away,0.800,1.152,3,1
2018-19,Bournemouth,2019-04-20,Home,1.400,1.206,0,0
2018-19,Bournemouth,2019-04-27,Away,0.800,1.171,1,0
2018-19,Bournemouth,2019-05-04,Home,0.800,1.167,3,1
2018-19,Bournemouth,2019-05-12,Away,1.400,1.216,0,0
2018-19,Brighton,2018-09-22,Home,1.000,1.000,0,0
2018-19,Brighton,2018-09-29,Away,1.000,0.833,0,0
2018-19,Brighton,2018-10-05,Home,0.400,0.714,3,1
2018-19,Brighton,2018-10-20,Away,1.000,1.000,3,1
2018-19,Brighton,2018-10-27,Home,1.400,1.222,3,1
2018-19,Brighton,2018-11-03,Away,1.800,1.400,0,0
2018-19,Brighton,2018-11-10,Away,1.800,1.273,0,0
2018-19,Brighton,2018-11-24,Home,1.800,1.167,1,0
2018-19,Brighton,2018-12-01,Away,1.400,1.154,3,1
2018-19,Brighton,2018-12-04,Home,1.400,1.286,3,1
2018-19,Brighton,2018-12-08,Away,1.400,1.400,0,0
2018-19,Brighton,2018-12-16,Home,1.400,1.313,0,0
2018-19,Brighton,2018-12-22,Away,1.400,1.235,0,0
2018-19,Brighton,2018-12-26,Home,1.200,1.167,1,0
2018-19,Brighton,2018-12-29,Home,0.800,1.158,3,1
2018-19,Brighton,2019-01-02,Away,0.800,1.250,1,0
2018-19,Brighton,2019-01-12,Home,1.000,1.238,0,0
2018-19,Brighton,2019-01-19,Away,1.000,1.182,0,0
2018-19,Brighton,2019-01-29,Away,1.000,1.130,0,0
2018-19,Brighton,2019-02-02,Home,0.800,1.083,1,0
2018-19,Brighton,2019-02-09,Home,0.400,1.080,0,0
2018-19,Brighton,2019-02-26,Away,0.200,1.038,0,0
2018-19,Brighton,2019-03-02,Home,0.200,1.000,3,1
2018-19,Brighton,2019-03-09,Away,0.800,1.071,3,1
2018-19,Brighton,2019-03-30,Home,1.400,1.138,0,0
2018-19,Brighton,2019-04-03,Away,1.200,1.100,0,0
2018-19,Brighton,2019-04-13,Home,1.200,1.065,0,0
2018-19,Brighton,2019-04-16,Home,1.200,1.031,0,0
2018-19,Brighton,2019-04-20,Away,0.600,1.000,1,0
2018-19,Brighton,2019-04-23,Away,0.200,1.000,0,0
2018-19,Brighton,2019-04-27,Home,0.200,0.971,1,0
2018-19,Brighton,2019-05-05,Away,0.400,0.972,1,0
2018-19,Brighton,2019-05-12,Home,0.600,0.973,0,0
2018-19,Burnley,2018-09-22,Home,0.200,0.200,3,1
2018-19,Burnley,2018-09-30,Away,0.600,0.667,3,1
2018-19,Burnley,2018-10-06,Home,1.200,1.000,1,0
2018-19,Burnley,2018-10-20,Away,1.400,1.000,0,0
2018-19,Burnley,2018-10-28,Home,1.400,0.889,0,0
2018-19,Burnley,2018-11-03,Away,1.400,0.800,0,0
2018-19,Burnley,2018-11-10,Away,0.800,0.727,1,0
2018-19,Burnley,2018-11-26,Home,0.400,0.750,0,0
2018-19,Burnley,2018-12-01,Away,0.200,0.692,0,0
2018-19,Burnley,2018-12-05,Home,0.200,0.643,0,0
2018-19,Burnley,2018-12-08,Home,0.200,0.600,3,1
2018-19,Burnley,2018-12-15,Away,0.800,0.750,0,0
2018-19,Burnley,2018-12-22,Away,0.600,0.706,0,0
2018-19,Burnley,2018-12-26,Home,0.600,0.667,0,0
2018-19,Burnley,2018-12-30,Home,0.600,0.632,3,1
2018-19,Burnley,2019-01-02,Away,1.200,0.750,3,1
2018-19,Burnley,2019-01-12,Home,1.200,0.857,3,1
2018-19,Burnley,2019-01-19,Away,1.800,0.955,1,0
2018-19,Burnley,2019-01-29,Away,2.000,0.957,1,0
2018-19,Burnley,2019-02-02,Home,2.200,0.958,1,0
2018-19,Burnley,2019-02-09,Away,1.800,0.960,3,1
2018-19,Burnley,2019-02-23,Home,1.800,1.038,3,1
2018-19,Burnley,2019-02-26,Away,1.800,1.111,0,0
2018-19,Burnley,2019-03-02,Home,1.600,1.071,0,0
2018-19,Burnley,2019-03-10,Away,1.400,1.034,0,0
2018-19,Burnley,2019-03-16,Home,1.200,1.000,0,0
2018-19,Burnley,2019-03-30,Home,0.600,0.968,3,1
2018-19,Burnley,2019-04-06,Away,0.600,1.031,3,1
2018-19,Burnley,2019-04-13,Home,1.200,1.091,3,1
2018-19,Burnley,2019-04-22,Away,1.800,1.147,1,0
2018-19,Burnley,2019-04-28,Home,2.000,1.143,0,0
2018-19,Burnley,2019-05-03,Away,2.000,1.111,0,0
2018-19,Burnley,2019-05-12,Home,1.400,1.081,0,0
2018-19,Cardiff,2018-09-22,Home,0.400,0.400,0,0
2018-19,Cardiff,2018-09-30,Home,0.400,0.333,0,0
2018-19,Cardiff,2018-10-06,Away,0.200,0.286,0,0
2018-19,Cardiff,2018-10-20,Home,0.000,0.250,3,1
2018-19,Cardiff,2018-10-27,Away,0.600,0.556,0,0
2018-19,Cardiff,2018-11-03,Home,0.600,0.500,0,0
2018-19,Cardiff,2018-11-10,Home,0.600,0.455,3,1
2018-19,Cardiff,2018-11-24,Away,1.200,0.667,0,0
2018-19,Cardiff,2018-11-30,Home,1.200,0.615,3,1
2018-19,Cardiff,2018-12-04,Away,1.200,0.786,0,0
2018-19,Cardiff,2018-12-08,Home,1.200,0.733,3,1
2018-19,Cardiff,2018-12-15,Away,1.800,0.875,0,0
2018-19,Cardiff,2018-12-22,Home,1.200,0.824,0,0
2018-19,Cardiff,2018-12-26,Away,1.200,0.778,1,0
2018-19,Cardiff,2018-12-29,Away,0.800,0.789,3,1
2018-19,Cardiff,2019-01-01,Home,1.400,0.900,0,0
2018-19,Cardiff,2019-01-12,Home,0.800,0.857,1,0
2018-19,Cardiff,2019-01-19,Away,1.000,0.864,0,0
2018-19,Cardiff,2019-01-29,Away,1.000,0.826,0,0
2018-19,Cardiff,2019-02-02,Home,0.800,0.792,3,1
2018-19,Cardiff,2019-02-09,Away,0.800,0.880,3,1
2018-19,Cardiff,2019-02-22,Home,1.400,0.962,0,0
2018-19,Cardiff,2019-02-26,Home,1.200,0.926,0,0
2018-19,Cardiff,2019-03-02,Away,1.200,0.893,0,0
2018-19,Cardiff,2019-03-09,Home,1.200,0.862,3,1
2018-19,Cardiff,2019-03-31,Home,1.200,0.933,0,0
2018-19,Cardiff,2019-04-03,Away,0.600,0.903,0,0
2018-19,Cardiff,2019-04-13,Away,0.600,0.875,0,0
2018-19,Cardiff,2019-04-16,Away,0.600,0.848,3,1
2018-19,Cardiff,2019-04-21,Home,1.200,0.912,0,0
2018-19,Cardiff,2019-04-27,Away,0.600,0.886,0,0
2018-19,Cardiff,2019-05-04,Home,0.600,0.861,0,0
2018-19,Cardiff,2019-05-12,Away,0.600,0.838,3,1
2018-19,Chelsea,2018-09-23,Away,3.000,3.000,1,0
2018-19,Chelsea,2018-09-29,Home,2.600,2.667,1,0
2018-19,Chelsea,2018-10-07,Away,2.200,2.429,3,1
2018-19,Chelsea,2018-10-20,Home,2.200,2.500,1,0
2018-19,Chelsea,2018-10-28,Away,1.800,2.333,3,1
2018-19,Chelsea,2018-11-04,Home,1.800,2.400,3,1
2018-19,Chelsea,2018-11-11,Home,2.200,2.455,1,0
2018-19,Chelsea,2018-11-24,Away,2.200,2.333,0,0
2018-19,Chelsea,2018-12-02,Home,1.600,2.154,3,1
2018-19,Chelsea,2018-12-05,Away,2.000,2.214,0,0
2018-19,Chelsea,2018-12-08,Home,1.400,2.067,3,1
2018-19,Chelsea,2018-12-16,Away,1.400,2.125,3,1
2018-19,Chelsea,2018-12-22,Home,1.800,2.176,0,0
2018-19,Chelsea,2018-12-26,Away,1.800,2.056,3,1
2018-19,Chelsea,2018-12-30,Away,1.800,2.105,3,1
2018-19,Chelsea,2019-01-02,Home,2.400,2.150,1,0
2018-19,Chelsea,2019-01-12,Home,2.000,2.095,3,1
2018-19,Chelsea,2019-01-19,Away,2.000,2.136,0,0
2018-19,Chelsea,2019-01-30,Away,2.000,2.043,0,0
2018-19,Chelsea,2019-02-02,Home,1.400,1.958,3,1
2018-19,Chelsea,2019-02-10,Away,1.400,2.000,0,0
2018-19,Chelsea,2019-02-27,Home,1.200,1.923,3,1
2018-19,Chelsea,2019-03-03,Away,1.200,1.963,3,1
2018-19,Chelsea,2019-03-10,Home,1.800,2.000,1,0
2018-19,Chelsea,2019-03-17,Away,2.000,1.966,0,0
2018-19,Chelsea,2019-03-31,Away,1.400,1.900,3,1
2018-19,Chelsea,2019-04-03,Home,2.000,1.935,3,1
2018-19,Chelsea,2019-04-08,Home,2.000,1.969,3,1
2018-19,Chelsea,2019-04-14,Away,2.000,2.000,0,0
2018-19,Chelsea,2019-04-22,Home,1.800,1.941,1,0
2018-19,Chelsea,2019-04-28,Away,2.000,1.914,1,0
2018-19,Chelsea,2019-05-05,Home,1.600,1.889,3,1
2018-19,Chelsea,2019-05-12,Away,1.600,1.919,1,0
2018-19,Crystal Palace,2018-09-22,Home,1.200,1.200,1,0
2018-19,Crystal Palace,2018-10-01,Away,0.800,1.167,0,0
2018-19,Crystal Palace,2018-10-06,Home,0.800,1.000,0,0
2018-19,Crystal Palace,2018-10-21,Away,0.800,0.875,0,0
2018-19,Crystal Palace,2018-10-28,Home,0.800,0.778,1,0
2018-19,Crystal Palace,2018-11-04,Away,0.400,0.800,0,0
2018-19,Crystal Palace,2018-11-10,Home,0.200,0.727,0,0
2018-19,Crystal Palace,2018-11-24,Away,0.200,0.667,1,0
2018-19,Crystal Palace,2018-12-01,Home,0.400,0.692,3,1
2018-19,Crystal Palace,2018-12-04,Away,1.000,0.857,0,0
2018-19,Crystal Palace,2018-12-08,Away,0.800,0.800,0,0
2018-19,Crystal Palace,2018-12-15,Home,0.800,0.750,3,1
2018-19,Crystal Palace,2018-12-22,Away,1.400,0.882,3,1
2018-19,Crystal Palace,2018-12-26,Home,1.800,1.000,1,0
2018-19,Crystal Palace,2018-12-30,Home,1.400,1.000,0,0
2018-19,Crystal Palace,2019-01-02,Away,1.400,0.950,3,1
2018-19,Crystal Palace,2019-01-12,Home,2.000,1.048,0,0
2018-19,Crystal Palace,2019-01-19,Away,1.400,1.000,0,0
2018-19,Crystal Palace,2019-01-30,Away,0.800,0.957,1,0
2018-19,Crystal Palace,2019-02-02,Home,0.800,0.958,3,1
2018-19,Crystal Palace,2019-02-09,Home,1.400,1.040,1,0
2018-19,Crystal Palace,2019-02-23,Away,1.000,1.038,3,1
2018-19,Crystal Palace,2019-02-27,Home,1.600,1.111,0,0
2018-19,Crystal Palace,2019-03-02,Away,1.600,1.071,3,1
2018-19,Crystal Palace,2019-03-09,Home,2.000,1.138,0,0
2018-19,Crystal Palace,2019-03-30,Home,1.400,1.100,3,1
2018-19,Crystal Palace,2019-04-03,Away,1.800,1.161,0,0
2018-19,Crystal Palace,2019-04-06,Away,1.200,1.125,3,1
2018-19,Crystal Palace,2019-04-14,Home,1.800,1.182,0,0
2018-19,Crystal Palace,2019-04-21,Away,1.200,1.147,3,1
2018-19,Crystal Palace,2019-04-27,Home,1.800,1.200,1,0
2018-19,Crystal Palace,2019-05-04,Away,1.400,1.194,3,1
2018-19,Crystal Palace,2019-05-12,Home,2.000,1.243,3,1
2018-19,Everton,2018-09-23,Away,1.200,1.200,0,0
2018-19,Everton,2018-09-29,Home,1.000,1.000,3,1
2018-19,Everton,2018-10-06,Away,1.000,1.286,3,1
2018-19,Everton,2018-10-21,Home,1.400,1.500,3,1
2018-19,Everton,2018-10-28,Away,1.800,1.667,0,0
2018-19,Everton,2018-11-03,Home,1.800,1.500,3,1
2018-19,Everton,2018-11-11,Away,2.400,1.636,1,0
2018-19,Everton,2018-11-24,Home,2.000,1.583,3,1
2018-19,Everton,2018-12-02,Away,2.000,1.692,0,0
2018-19,Everton,2018-12-05,Home,1.400,1.571,1,0
2018-19,Everton,2018-12-10,Home,1.600,1.533,1,0
2018-19,Everton,2018-12-15,Away,1.200,1.500,0,0
2018-19,Everton,2018-12-23,Home,1.000,1.412,0,0
2018-19,Everton,2018-12-26,Away,0.400,1.333,3,1
2018-19,Everton,2018-12-29,Away,1.000,1.421,0,0
2018-19,Everton,2019-01-01,Home,0.800,1.350,0,0
2018-19,Everton,2019-01-13,Home,0.600,1.286,3,1
2018-19,Everton,2019-01-19,Away,1.200,1.364,0,0
2018-19,Everton,2019-01-29,Away,1.200,1.304,3,1
2018-19,Everton,2019-02-02,Home,1.200,1.375,0,0
2018-19,Everton,2019-02-06,Home,1.200,1.320,0,0
2018-19,Everton,2019-02-09,Away,1.200,1.269,0,0
2018-19,Everton,2019-02-26,Away,0.600,1.222,3,1
2018-19,Everton,2019-03-03,Home,1.200,1.286,1,0
2018-19,Everton,2019-03-09,Away,0.800,1.276,0,0
2018-19,Everton,2019-03-17,Home,0.800,1.233,3,1
2018-19,Everton,2019-03-30,Away,1.400,1.290,3,1
2018-19,Everton,2019-04-07,Home,2.000,1.344,3,1
2018-19,Everton,2019-04-13,Away,2.000,1.394,0,0
2018-19,Everton,2019-04-21,Home,1.800,1.353,3,1
2018-19,Everton,2019-04-27,Away,2.400,1.400,1,0
2018-19,Everton,2019-05-03,Home,2.000,1.389,3,1
2018-19,Everton,2019-05-12,Away,2.000,1.432,1,0
2018-19,Fulham,2018-09-22,Home,0.800,0.800,1,0
2018-19,Fulham,2018-09-29,Away,1.000,0.833,0,0
2018-19,Fulham,2018-10-07,Home,1.000,0.714,0,0
2018-19,Fulham,2018-10-20,Away,0.400,0.625,0,0
2018-19,Fulham,2018-10-27,Home,0.200,0.556,0,0
2018-19,Fulham,2018-11-05,Away,0.200,0.500,0,0
2018-19,Fulham,2018-11-11,Away,0.000,0.455,0,0
2018-19,Fulham,2018-11-24,Home,0.000,0.417,3,1
2018-19,Fulham,2018-12-02,Away,0.600,0.615,0,0
2018-19,Fulham,2018-12-05,Home,0.600,0.571,1,0
2018-19,Fulham,2018-12-08,Away,0.800,0.600,0,0
2018-19,Fulham,2018-12-15,Home,0.800,0.563,0,0
2018-19,Fulham,2018-12-22,Away,0.800,0.529,1,0
2018-19,Fulham,2018-12-26,Home,0.400,0.556,1,0
2018-19,Fulham,2018-12-29,Home,0.600,0.579,3,1
2018-19,Fulham,2019-01-01,Away,1.000,0.700,0,0
2018-19,Fulham,2019-01-12,Away,1.000,0.667,0,0
2018-19,Fulham,2019-01-20,Home,1.000,0.636,0,0
2018-19,Fulham,2019-01-29,Home,0.800,0.609,3,1
2018-19,Fulham,2019-02-02,Away,1.200,0.708,0,0
2018-19,Fulham,2019-02-09,Home,0.600,0.680,0,0
2018-19,Fulham,2019-02-22,Away,0.600,0.654,0,0
2018-19,Fulham,2019-02-27,Away,0.600,0.630,0,0
2018-19,Fulham,2019-03-03,Home,0.600,0.607,0,0
2018-19,Fulham,2019-03-09,Away,0.000,0.586,0,0
2018-19,Fulham,2019-03-17,Home,0.000,0.567,0,0
2018-19,Fulham,2019-03-30,Home,0.000,0.548,0,0
2018-19,Fulham,2019-04-02,Away,0.000,0.531,0,0
2018-19,Fulham,2019-04-13,Home,0.000,0.515,3,1
2018-19,Fulham,2019-04-20,Away,0.600,0.588,3,1
2018-19,Fulham,2019-04-27,Home,1.200,0.657,3,1
2018-19,Fulham,2019-05-04,Away,1.800,0.722,0,0
2018-19,Fulham,2019-05-12,Home,1.800,0.703,0,0
2018-19,Huddersfield,2018-09-22,Away,0.400,0.400,0,0
2018-19,Huddersfield,2018-09-29,Home,0.400,0.333,0,0
2018-19,Huddersfield,2018-10-06,Away,0.400,0.286,1,0
2018-19,Huddersfield,2018-10-20,Home,0.400,0.375,0,0
2018-19,Huddersfield,2018-10-27,Away,0.200,0.333,0,0
2018-19,Huddersfield,2018-11-05,Home,0.200,0.300,3,1
2018-19,Huddersfield,2018-11-10,Home,0.800,0.545,1,0
2018-19,Huddersfield,2018-11-25,Away,1.000,0.583,3,1
2018-19,Huddersfield,2018-12-01,Home,1.400,0.769,0,0
2018-19,Huddersfield,2018-12-04,Away,1.400,0.714,0,0
2018-19,Huddersfield,2018-12-08,Away,1.400,0.667,0,0
2018-19,Huddersfield,2018-12-15,Home,0.800,0.625,0,0
2018-19,Huddersfield,2018-12-22,Home,0.600,0.588,0,0
2018-19,Huddersfield,2018-12-26,Away,0.000,0.556,0,0
2018-19,Huddersfield,2018-12-29,Away,0.000,0.526,0,0
2018-19,Huddersfield,2019-01-02,Home,0.000,0.500,0,0
2018-19,Huddersfield,2019-01-12,Away,0.000,0.476,1,0
2018-19,Huddersfield,2019-01-20,Home,0.200,0.500,0,0
2018-19,Huddersfield,2019-01-29,Home,0.200,0.478,0,0
2018-19,Huddersfield,2019-02-02,Away,0.200,0.458,0,0
2018-19,Huddersfield,2019-02-09,Home,0.200,0.440,0,0
2018-19,Huddersfield,2019-02-23,Away,0.200,0.423,0,0
2018-19,Huddersfield,2019-02-26,Home,0.000,0.407,3,1
2018-19,Huddersfield,2019-03-02,Away,0.600,0.500,0,0
2018-19,Huddersfield,2019-03-09,Home,0.600,0.483,0,0
2018-19,Huddersfield,2019-03-16,Away,0.600,0.467,0,0
2018-19,Huddersfield,2019-03-30,Away,0.600,0.452,0,0
2018-19,Huddersfield,2019-04-06,Home,0.600,0.438,0,0
2018-19,Huddersfield,2019-04-13,Away,0.000,0.424,0,0
2018-19,Huddersfield,2019-04-20,Home,0.000,0.412,0,0
2018-19,Huddersfield,2019-04-26,Away,0.000,0.400,0,0
2018-19,Huddersfield,2019-05-05,Home,0.000,0.389,1,0
2018-19,Huddersfield,2019-05-12,Away,0.200,0.405,1,0
2018-19,Leicester,2018-09-22,Home,1.200,1.200,3,1
2018-19,Leicester,2018-09-29,Away,1.800,1.500,3,1
2018-19,Leicester,2018-10-06,Home,1.800,1.714,0,0
2018-19,Leicester,2018-10-22,Away,1.200,1.500,0,0
2018-19,Leicester,2018-10-27,Home,1.200,1.333,1,0
2018-19,Leicester,2018-11-03,Away,1.400,1.300,3,1
2018-19,Leicester,2018-11-10,Home,1.400,1.455,1,0
2018-19,Leicester,2018-11-24,Away,1.000,1.417,1,0
2018-19,Leicester,2018-12-01,Home,1.200,1.385,3,1
2018-19,Leicester,2018-12-05,Away,1.800,1.500,1,0
2018-19,Leicester,2018-12-08,Home,1.800,1.467,0,0
2018-19,Leicester,2018-12-15,Away,1.200,1.375,0,0
2018-19,Leicester,2018-12-22,Away,1.000,1.294,3,1
2018-19,Leicester,2018-12-26,Home,1.400,1.389,3,1
2018-19,Leicester,2018-12-29,Home,1.400,1.474,0,0
2018-19,Leicester,2019-01-01,Away,1.200,1.400,3,1
2018-19,Leicester,2019-01-12,Home,1.800,1.476,0,0
2018-19,Leicester,2019-01-19,Away,1.800,1.409,0,0
2018-19,Leicester,2019-01-30,Away,1.200,1.348,1,0
2018-19,Leicester,2019-02-03,Home,0.800,1.333,0,0
2018-19,Leicester,2019-02-10,Away,0.800,1.280,0,0
2018-19,Leicester,2019-02-23,Home,0.200,1.231,0,0
2018-19,Leicester,2019-02-26,Home,0.200,1.185,3,1
2018-19,Leicester,2019-03-03,Away,0.800,1.250,0,0
2018-19,Leicester,2019-03-09,Home,0.600,1.207,3,1
2018-19,Leicester,2019-03-16,Away,1.200,1.267,3,1
2018-19,Leicester,2019-03-30,Home,1.800,1.323,3,1
2018-19,Leicester,2019-04-06,Away,2.400,1.375,3,1
2018-19,Leicester,2019-04-12,Home,2.400,1.424,0,0
2018-19,Leicester,2019-04-20,Away,2.400,1.382,1,0
2018-19,Leicester,2019-04-28,Home,2.000,1.371,3,1
2018-19,Leicester,2019-05-06,Away,2.000,1.417,0,0
2018-19,Leicester,2019-05-12,Home,1.400,1.378,1,0
2018-19,Liverpool,2018-09-22,Home,3.000,3.000,3,1
2018-19,Liverpool,2018-09-29,Away,3.000,3.000,1,0
2018-19,Liverpool,2018-10-07,Home,2.600,2.714,1,0
2018-19,Liverpool,2018-10-20,Away,2.200,2.500,3,1
2018-19,Liverpool,2018-10-27,Home,2.200,2.556,3,1
2018-19,Liverpool,2018-11-03,Away,2.200,2.600,1,0
2018-19,Liverpool,2018-11-11,Home,1.800,2.455,3,1
2018-19,Liverpool,2018-11-24,Away,2.200,2.500,3,1
2018-19,Liverpool,2018-12-02,Home,2.600,2.538,3,1
2018-19,Liverpool,2018-12-05,Away,2.600,2.571,3,1
2018-19,Liverpool,2018-12-08,Away,2.600,2.600,3,1
2018-19,Liverpool,2018-12-16,Home,3.000,2.625,3,1
2018-19,Liverpool,2018-12-21,Away,3.000,2.647,3,1
2018-19,Liverpool,2018-12-26,Home,3.000,2.667,3,1
2018-19,Liverpool,2018-12-29,Home,3.000,2.684,3,1
2018-19,Liverpool,2019-01-03,Away,3.000,2.700,0,0
2018-19,Liverpool,2019-01-12,Away,2.400,2.571,3,1
2018-19,Liverpool,2019-01-19,Home,2.400,2.591,3,1
2018-19,Liverpool,2019-01-30,Home,2.400,2.609,1,0
2018-19,Liverpool,2019-02-04,Away,2.000,2.542,1,0
2018-19,Liverpool,2019-02-09,Home,1.600,2.480,3,1
2018-19,Liverpool,2019-02-24,Away,2.200,2.500,1,0
2018-19,Liverpool,2019-02-27,Home,1.800,2.444,3,1
2018-19,Liverpool,2019-03-03,Away,1.800,2.464,1,0
2018-19,Liverpool,2019-03-10,Home,1.800,2.414,3,1
2018-19,Liverpool,2019-03-17,Away,2.200,2.433,3,1
2018-19,Liverpool,2019-03-31,Home,2.200,2.452,3,1
2018-19,Liverpool,2019-04-05,Away,2.600,2.469,3,1
2018-19,Liverpool,2019-04-14,Home,2.600,2.485,3,1
2018-19,Liverpool,2019-04-21,Away,3.000,2.500,3,1
2018-19,Liverpool,2019-04-26,Home,3.000,2.514,3,1
2018-19,Liverpool,2019-05-04,Away,3.000,2.528,3,1
2018-19,Liverpool,2019-05-12,Home,3.000,2.541,3,1
2018-19,Man City,2018-09-22,Away,2.600,2.600,3,1
2018-19,Man City,2018-09-29,Home,2.600,2.667,3,1
2018-19,Man City,2018-10-07,Away,2.600,2.714,1,0
2018-19,Man City,2018-10-20,Home,2.600,2.500,3,1
2018-19,Man City,2018-10-29,Away,2.600,2.556,3,1
2018-19,Man City,2018-11-04,Home,2.600,2.600,3,1
2018-19,Man City,2018-11-11,Home,2.600,2.636,3,1
2018-19,Man City,2018-11-24,Away,2.600,2.667,3,1
2018-19,Man City,2018-12-01,Home,3.000,2.692,3,1
2018-19,Man City,2018-12-04,Away,3.000,2.714,3,1
2018-19,Man City,2018-12-08,Away,3.000,2.733,0,0
2018-19,Man City,2018-12-15,Home,2.400,2.563,3,1
2018-19,Man City,2018-12-22,Home,2.400,2.588,0,0
2018-19,Man City,2018-12-26,Away,1.800,2.444,0,0
2018-19,Man City,2018-12-30,Away,1.200,2.316,3,1
2018-19,Man City,2019-01-03,Home,1.200,2.350,3,1
2018-19,Man City,2019-01-14,Home,1.800,2.381,3,1
2018-19,Man City,2019-01-20,Away,1.800,2.409,3,1
2018-19,Man City,2019-01-29,Away,2.400,2.435,0,0
2018-19,Man City,2019-02-03,Home,2.400,2.333,3,1
2018-19,Man City,2019-02-06,Away,2.400,2.360,3,1
2018-19,Man City,2019-02-10,Home,2.400,2.385,3,1
2018-19,Man City,2019-02-27,Home,2.400,2.407,3,1
2018-19,Man City,2019-03-02,Away,2.400,2.429,3,1
2018-19,Man City,2019-03-09,Home,3.000,2.448,3,1
2018-19,Man City,2019-03-30,Away,3.000,2.467,3,1
2018-19,Man City,2019-04-03,Home,3.000,2.484,3,1
2018-19,Man City,2019-04-14,Away,3.000,2.500,3,1
2018-19,Man City,2019-04-20,Home,3.000,2.515,3,1
2018-19,Man City,2019-04-24,Away,3.000,2.529,3,1
2018-19,Man City,2019-04-28,Away,3.000,2.543,3,1
2018-19,Man City,2019-05-06,Home,3.000,2.556,3,1
2018-19,Man City,2019-05-12,Away,3.000,2.568,3,1
2018-19,Man United,2018-09-22,Home,1.800,1.800,1,0
2018-19,Man United,2018-09-29,Away,1.400,1.667,0,0
2018-19,Man United,2018-10-06,Home,1.400,1.429,3,1
2018-19,Man United,2018-10-20,Away,2.000,1.625,1,0
2018-19,Man United,2018-10-28,Home,1.600,1.556,3,1
2018-19,Man United,2018-11-03,Away,1.600,1.700,3,1
2018-19,Man United,2018-11-11,Away,2.000,1.818,0,0
2018-19,Man United,2018-11-24,Home,2.000,1.667,1,0
2018-19,Man United,2018-12-01,Away,1.600,1.615,1,0
2018-19,Man United,2018-12-05,Home,1.600,1.571,1,0
2018-19,Man United,2018-12-08,Home,1.200,1.533,3,1
2018-19,Man United,2018-12-16,Away,1.200,1.625,0,0
2018-19,Man United,2018-12-22,Away,1.200,1.529,3,1
2018-19,Man United,2018-12-26,Home,1.600,1.611,3,1
2018-19,Man United,2018-12-30,Home,2.000,1.684,3,1
2018-19,Man United,2019-01-02,Away,2.400,1.750,3,1
2018-19,Man United,2019-01-13,Away,2.400,1.810,3,1
2018-19,Man United,2019-01-19,Home,3.000,1.864,3,1
2018-19,Man United,2019-01-29,Home,3.000,1.913,1,0
2018-19,Man United,2019-02-03,Away,2.600,1.875,3,1
2018-19,Man United,2019-02-09,Away,2.600,1.920,3,1
2018-19,Man United,2019-02-24,Home,2.600,1.962,1,0
2018-19,Man United,2019-02-27,Away,2.200,1.926,3,1
2018-19,Man United,2019-03-02,Home,2.200,1.964,3,1
2018-19,Man United,2019-03-10,Away,2.600,2.000,0,0
2018-19,Man United,2019-03-30,Home,2.000,1.933,3,1
2018-19,Man United,2019-04-02,Away,2.000,1.968,0,0
2018-19,Man United,2019-04-13,Home,1.800,1.906,3,1
2018-19,Man United,2019-04-21,Away,1.800,1.939,0,0
2018-19,Man United,2019-04-24,Home,1.200,1.882,0,0
2018-19,Man United,2019-04-28,Home,1.200,1.829,1,0
2018-19,Man United,2019-05-05,Away,0.800,1.806,1,0
2018-19,Man United,2019-05-12,Home,1.000,1.784,0,0
2018-19,Newcastle,2018-09-22,Away,0.200,0.200,1,0
2018-19,Newcastle,2018-09-29,Home,0.400,0.333,0,0
2018-19,Newcastle,2018-10-06,Away,0.200,0.286,0,0
2018-19,Newcastle,2018-10-20,Home,0.200,0.250,0,0
2018-19,Newcastle,2018-10-27,Away,0.200,0.222,1,0
2018-19,Newcastle,2018-11-03,Home,0.400,0.300,3,1
2018-19,Newcastle,2018-11-10,Home,0.800,0.545,3,1
2018-19,Newcastle,2018-11-26,Away,1.400,0.750,3,1
2018-19,Newcastle,2018-12-01,Home,2.000,0.923,0,0
2018-19,Newcastle,2018-12-05,Away,2.000,0.857,1,0
2018-19,Newcastle,2018-12-09,Home,2.000,0.867,0,0
2018-19,Newcastle,2018-12-15,Away,1.400,0.813,3,1
2018-19,Newcastle,2018-12-22,Home,1.400,0.941,1,0
2018-19,Newcastle,2018-12-26,Away,1.000,0.944,0,0
2018-19,Newcastle,2018-12-29,Away,1.000,0.895,1,0
2018-19,Newcastle,2019-01-02,Home,1.000,0.900,0,0
2018-19,Newcastle,2019-01-12,Away,1.000,0.857,0,0
2018-19,Newcastle,2019-01-19,Home,0.400,0.818,3,1
2018-19,Newcastle,2019-01-29,Home,0.800,0.913,3,1
2018-19,Newcastle,2019-02-02,Away,1.400,1.000,0,0
2018-19,Newcastle,2019-02-11,Away,1.200,0.960,1,0
2018-19,Newcastle,2019-02-23,Home,1.400,0.962,3,1
2018-19,Newcastle,2019-02-26,Home,2.000,1.037,3,1
2018-19,Newcastle,2019-03-02,Away,2.000,1.107,0,0
2018-19,Newcastle,2019-03-09,Home,1.400,1.069,3,1
2018-19,Newcastle,2019-03-16,Away,2.000,1.133,1,0
2018-19,Newcastle,2019-04-01,Away,2.000,1.129,0,0
2018-19,Newcastle,2019-04-06,Home,1.400,1.094,0,0
2018-19,Newcastle,2019-04-12,Away,0.800,1.061,3,1
2018-19,Newcastle,2019-04-20,Home,1.400,1.118,3,1
2018-19,Newcastle,2019-04-27,Away,1.400,1.171,1,0
2018-19,Newcastle,2019-05-04,Home,1.400,1.167,0,0
2018-19,Newcastle,2019-05-12,Away,1.400,1.135,3,1
2018-19,Southampton,2018-09-22,Away,1.000,1.000,0,0
2018-19,Southampton,2018-09-29,Away,0.800,0.833,0,0
2018-19,Southampton,2018-10-07,Home,0.800,0.714,0,0
2018-19,Southampton,2018-10-20,Away,0.800,0.625,1,0
2018-19,Southampton,2018-10-27,Home,0.400,0.667,1,0
2018-19,Southampton,2018-11-04,Away,0.400,0.700,0,0
2018-19,Southampton,2018-11-10,Home,0.400,0.636,1,0
2018-19,Southampton,2018-11-24,Away,0.600,0.667,0,0
2018-19,Southampton,2018-12-01,Home,0.600,0.615,1,0
2018-19,Southampton,2018-12-05,Away,0.600,0.643,0,0
2018-19,Southampton,2018-12-08,Away,0.400,0.600,0,0
2018-19,Southampton,2018-12-16,Home,0.400,0.563,3,1
2018-19,Southampton,2018-12-22,Away,0.800,0.706,3,1
2018-19,Southampton,2018-12-27,Home,1.400,0.833,0,0
2018-19,Southampton,2018-12-30,Home,1.200,0.789,0,0
2018-19,Southampton,2019-01-02,Away,1.200,0.750,1,0
2018-19,Southampton,2019-01-12,Away,1.400,0.762,3,1
2018-19,Southampton,2019-01-19,Home,1.400,0.864,3,1
2018-19,Southampton,2019-01-30,Home,1.400,0.957,1,0
2018-19,Southampton,2019-02-02,Away,1.600,0.958,1,0
2018-19,Southampton,2019-02-09,Home,1.800,0.960,0,0
2018-19,Southampton,2019-02-24,Away,1.600,0.923,0,0
2018-19,Southampton,2019-02-27,Home,1.000,0.889,3,1
2018-19,Southampton,2019-03-02,Away,1.000,0.964,0,0
2018-19,Southampton,2019-03-09,Home,0.800,0.931,3,1
2018-19,Southampton,2019-03-30,Away,1.200,1.000,3,1
2018-19,Southampton,2019-04-05,Home,1.800,1.065,0,0
2018-19,Southampton,2019-04-13,Home,1.800,1.031,3,1
2018-19,Southampton,2019-04-20,Away,1.800,1.091,0,0
2018-19,Southampton,2019-04-23,Away,1.800,1.059,1,0
2018-19,Southampton,2019-04-27,Home,1.400,1.057,1,0
2018-19,Southampton,2019-05-04,Away,1.000,1.056,0,0
2018-19,Southampton,2019-05-12,Home,1.000,1.027,1,0
2018-19,Tottenham,2018-09-22,Away,1.800,1.800,3,1
2018-19,Tottenham,2018-09-29,Away,1.800,2.000,3,1
2018-19,Tottenham,2018-10-06,Home,1.800,2.143,3,1
2018-19,Tottenham,2018-10-20,Away,1.800,2.250,3,1
2018-19,Tottenham,2018-10-29,Home,2.400,2.333,0,0
2018-19,Tottenham,2018-11-03,Away,2.400,2.100,3,1
2018-19,Tottenham,2018-11-10,Away,2.400,2.182,3,1
2018-19,Tottenham,2018-11-24,Home,2.400,2.250,3,1
2018-19,Tottenham,2018-12-02,Away,2.400,2.308,0,0
2018-19,Tottenham,2018-12-05,Home,1.800,2.143,3,1
2018-19,Tottenham,2018-12-08,Away,2.400,2.200,3,1
2018-19,Tottenham,2018-12-15,Home,2.400,2.250,3,1
2018-19,Tottenham,2018-12-23,Away,2.400,2.294,3,1
2018-19,Tottenham,2018-12-26,Home,2.400,2.333,3,1
2018-19,Tottenham,2018-12-29,Home,3.000,2.368,0,0
2018-19,Tottenham,2019-01-01,Away,2.400,2.250,3,1
2018-19,Tottenham,2019-01-13,Home,2.400,2.286,0,0
2018-19,Tottenham,2019-01-20,Away,1.800,2.182,3,1
2018-19,Tottenham,2019-01-30,Home,1.800,2.217,3,1
2018-19,Tottenham,2019-02-02,Home,1.800,2.250,3,1
2018-19,Tottenham,2019-02-10,Home,2.400,2.280,3,1
2018-19,Tottenham,2019-02-23,Away,2.400,2.308,0,0
2018-19,Tottenham,2019-02-27,Away,2.400,2.222,0,0
2018-19,Tottenham,2019-03-02,Home,1.800,2.143,1,0
2018-19,Tottenham,2019-03-09,Away,1.400,2.103,0,0
2018-19,Tottenham,2019-03-31,Away,0.800,2.033,0,0
2018-19,Tottenham,2019-04-03,Home,0.200,1.968,3,1
2018-19,Tottenham,2019-04-13,Home,0.800,2.000,3,1
2018-19,Tottenham,2019-04-20,Away,1.400,2.030,0,0
2018-19,Tottenham,2019-04-23,Home,1.200,1.971,3,1
2018-19,Tottenham,2019-04-27,Home,1.800,2.000,0,0
2018-19,Tottenham,2019-05-04,Away,1.800,1.944,0,0
2018-19,Tottenham,2019-05-12,Home,1.200,1.892,1,0
2018-19,Watford,2018-09-22,Away,2.400,2.400,1,0
2018-19,Watford,2018-09-29,Away,2.000,2.167,0,0
2018-19,Watford,2018-10-06,Home,1.400,1.857,0,0
2018-19,Watford,2018-10-20,Away,0.800,1.625,3,1
2018-19,Watford,2018-10-27,Home,0.800,1.778,3,1
2018-19,Watford,2018-11-03,Away,1.400,1.900,0,0
2018-19,Watford,2018-11-10,Away,1.200,1.727,1,0
2018-19,Watford,2018-11-24,Home,1.400,1.667,0,0
2018-19,Watford,2018-12-01,Away,1.400,1.538,0,0
2018-19,Watford,2018-12-04,Home,0.800,1.429,0,0
2018-19,Watford,2018-12-10,Away,0.200,1.333,1,0
2018-19,Watford,2018-12-15,Home,0.400,1.313,3,1
2018-19,Watford,2018-12-22,Away,0.800,1.412,3,1
2018-19,Watford,2018-12-26,Home,1.400,1.500,0,0
2018-19,Watford,2018-12-29,Home,1.400,1.421,1,0
2018-19,Watford,2019-01-02,Away,1.600,1.400,1,0
2018-19,Watford,2019-01-12,Away,1.600,1.381,3,1
2018-19,Watford,2019-01-19,Home,1.600,1.455,1,0
2018-19,Watford,2019-01-30,Away,1.200,1.435,0,0
2018-19,Watford,2019-02-02,Away,1.200,1.375,1,0
2018-19,Watford,2019-02-09,Home,1.200,1.360,3,1
2018-19,Watford,2019-02-22,Away,1.600,1.423,3,1
2018-19,Watford,2019-02-27,Away,1.600,1.481,0,0
2018-19,Watford,2019-03-03,Home,1.400,1.429,3,1
2018-19,Watford,2019-03-09,Away,2.000,1.483,0,0
2018-19,Watford,2019-03-30,Away,1.800,1.433,0,0
2018-19,Watford,2019-04-02,Home,1.200,1.387,3,1
2018-19,Watford,2019-04-15,Home,1.200,1.438,0,0
2018-19,Watford,2019-04-20,Away,1.200,1.394,3,1
2018-19,Watford,2019-04-23,Home,1.200,1.441,1,0
2018-19,Watford,2019-04-27,Home,1.400,1.429,0,0
2018-19,Watford,2019-05-05,Away,1.400,1.389,0,0
2018-19,Watford,2019-05-12,Home,0.800,1.351,0,0
2018-19,West Ham,2018-09-23,Home,0.600,0.600,1,0
2018-19,West Ham,2018-09-29,Home,0.800,0.667,3,1
2018-19,West Ham,2018-10-05,Away,1.400,1.000,0,0
2018-19,West Ham,2018-10-20,Home,1.400,0.875,0,0
2018-19,West Ham,2018-10-27,Away,1.400,0.778,1,0
2018-19,West Ham,2018-11-03,Home,1.000,0.800,3,1
2018-19,West Ham,2018-11-10,Away,1.400,1.000,1,0
2018-19,West Ham,2018-11-24,Home,1.000,1.000,0,0
2018-19,West Ham,2018-12-01,Away,1.000,0.923,3,1
2018-19,West Ham,2018-12-04,Home,1.600,1.071,3,1
2018-19,West Ham,2018-12-08,Home,2.000,1.200,3,1
2018-19,West Ham,2018-12-15,Away,2.000,1.313,3,1
2018-19,West Ham,2018-12-22,Home,2.400,1.412,0,0
2018-19,West Ham,2018-12-27,Away,2.400,1.333,3,1
2018-19,West Ham,2018-12-30,Away,2.400,1.421,0,0
2018-19,West Ham,2019-01-02,Home,1.800,1.350,1,0
2018-19,West Ham,2019-01-12,Home,1.400,1.333,3,1
2018-19,West Ham,2019-01-19,Away,1.400,1.409,0,0
2018-19,West Ham,2019-01-29,Away,1.400,1.348,0,0
2018-19,West Ham,2019-02-04,Home,0.800,1.292,1,0
2018-19,West Ham,2019-02-09,Away,1.000,1.280,1,0
2018-19,West Ham,2019-02-22,Home,1.000,1.269,3,1
2018-19,West Ham,2019-02-27,Away,1.000,1.333,0,0
2018-19,West Ham,2019-03-02,Home,1.000,1.286,3,1
2018-19,West Ham,2019-03-09,Away,1.600,1.345,0,0
2018-19,West Ham,2019-03-16,Home,1.400,1.300,3,1
2018-19,West Ham,2019-03-30,Home,1.800,1.355,0,0
2018-19,West Ham,2019-04-08,Away,1.200,1.313,0,0
2018-19,West Ham,2019-04-13,Away,1.200,1.273,0,0
2018-19,West Ham,2019-04-20,Home,0.600,1.235,1,0
2018-19,West Ham,2019-04-27,Away,0.800,1.229,3,1
2018-19,West Ham,2019-05-04,Home,0.800,1.278,3,1
2018-19,West Ham,2019-05-12,Away,1.400,1.324,3,1
2018-19,Wolves,2018-09-22,Away,1.600,1.600,1,0
2018-19,Wolves,2018-09-29,Home,1.600,1.500,3,1
2018-19,Wolves,2018-10-06,Away,2.200,1.714,3,1
2018-19,Wolves,2018-10-20,Home,2.600,1.875,0,0
2018-19,Wolves,2018-10-27,Away,2.000,1.667,0,0
2018-19,Wolves,2018-11-03,Home,1.400,1.500,0,0
2018-19,Wolves,2018-11-11,Away,1.200,1.364,1,0
2018-19,Wolves,2018-11-25,Home,0.800,1.333,0,0
2018-19,Wolves,2018-11-30,Away,0.200,1.231,0,0
2018-19,Wolves,2018-12-05,Home,0.200,1.143,3,1
2018-19,Wolves,2018-12-09,Away,0.800,1.267,3,1
2018-19,Wolves,2018-12-15,Home,1.400,1.375,3,1
2018-19,Wolves,2018-12-21,Home,1.800,1.471,0,0
2018-19,Wolves,2018-12-26,Away,1.800,1.389,1,0
2018-19,Wolves,2018-12-29,Away,2.000,1.368,3,1
2018-19,Wolves,2019-01-02,Home,2.000,1.450,0,0
2018-19,Wolves,2019-01-14,Away,1.400,1.381,0,0
2018-19,Wolves,2019-01-19,Home,0.800,1.318,3,1
2018-19,Wolves,2019-01-29,Home,1.400,1.391,3,1
2018-19,Wolves,2019-02-02,Away,1.800,1.458,3,1
2018-19,Wolves,2019-02-11,Home,1.800,1.520,1,0
2018-19,Wolves,2019-02-23,Away,2.000,1.500,1,0
2018-19,Wolves,2019-02-26,Away,2.200,1.481,0,0
2018-19,Wolves,2019-03-02,Home,1.600,1.429,3,1
2018-19,Wolves,2019-03-10,Away,1.600,1.483,1,0
2018-19,Wolves,2019-03-30,Away,1.200,1.467,0,0
2018-19,Wolves,2019-04-02,Home,1.000,1.419,3,1
2018-19,Wolves,2019-04-13,Away,1.400,1.469,0,0
2018-19,Wolves,2019-04-20,Home,1.400,1.424,1,0
2018-19,Wolves,2019-04-24,Home,1.000,1.412,3,1
2018-19,Wolves,2019-04-27,Away,1.400,1.457,3,1
2018-19,Wolves,2019-05-04,Home,2.000,1.500,3,1
2018-19,Wolves,2019-05-12,Away,2.000,1.541,0,0
2019-20,Arsenal,2019-09-22,Home,1.600,1.600,3,1
2019-20,Arsenal,2019-09-30,Away,1.600,1.833,1,0
2019-20,Arsenal,2019-10-06,Home,1.200,1.714,3,1
2019-20,Arsenal,2019-10-21,Away,1.800,1.875,0,0
2019-20,Arsenal,2019-10-27,Home,1.600,1.667,1,0
2019-20,Arsenal,2019-11-02,Home,1.600,1.600,1,0
2019-20,Arsenal,2019-11-09,Away,1.200,1.545,0,0
2019-20,Arsenal,2019-11-23,Home,1.000,1.417,1,0
2019-20,Arsenal,2019-12-01,Away,0.600,1.385,1,0
2019-20,Arsenal,2019-12-05,Home,0.800,1.357,0,0
2019-20,Arsenal,2019-12-09,Away,0.600,1.267,3,1
2019-20,Arsenal,2019-12-15,Home,1.000,1.375,0,0
2019-20,Arsenal,2019-12-21,Away,1.000,1.294,1,0
2019-20,Arsenal,2019-12-26,Away,1.000,1.278,1,0
2019-20,Arsenal,2019-12-29,Home,1.000,1.263,0,0
2019-20,Arsenal,2020-01-01,Home,1.000,1.200,3,1
2019-20,Arsenal,2020-01-11,Away,1.000,1.286,1,0
2019-20,Arsenal,2020-01-18,Home,1.200,1.273,1,0
2019-20,Arsenal,2020-01-21,Away,1.200,1.261,1,0
2019-20,Arsenal,2020-02-02,Away,1.200,1.250,1,0
2019-20,Arsenal,2020-02-16,Home,1.400,1.240,3,1
2019-20,Arsenal,2020-02-23,Home,1.400,1.308,3,1
2019-20,Arsenal,2020-03-07,Home,1.800,1.370,3,1
2019-20,Arsenal,2020-06-17,Away,2.200,1.429,0,0
2019-20,Arsenal,2020-06-20,Away,2.000,1.379,0,0
2019-20,Arsenal,2020-06-25,Away,1.800,1.333,3,1
2019-20,Arsenal,2020-07-01,Home,1.800,1.387,3,1
2019-20,Arsenal,2020-07-04,Away,1.800,1.438,3,1
2019-20,Arsenal,2020-07-07,Home,1.800,1.485,1,0
2019-20,Arsenal,2020-07-12,Away,2.000,1.471,0,0
2019-20,Arsenal,2020-07-15,Home,2.000,1.429,3,1
2019-20,Arsenal,2020-07-21,Away,2.000,1.472,0,0
2019-20,Arsenal,2020-07-26,Home,1.400,1.432,3,1
2019-20,Aston Villa,2019-09-22,Away,0.800,0.800,0,0
2019-20,Aston Villa,2019-09-28,Home,0.800,0.667,1,0
2019-20,Aston Villa,2019-10-05,Away,1.000,0.714,3,1
2019-20,Aston Villa,2019-10-19,Home,1.000,1.000,3,1
2019-20,Aston Villa,2019-10-26,Away,1.600,1.222,0,0
2019-20,Aston Villa,2019-11-02,Home,1.400,1.100,0,0
2019-20,Aston Villa,2019-11-10,Away,1.400,1.000,0,0
2019-20,Aston Villa,2019-11-25,Home,1.200,0.917,3,1
2019-20,Aston Villa,2019-12-01,Away,1.200,1.077,1,0
2019-20,Aston Villa,2019-12-04,Away,0.800,1.071,0,0
2019-20,Aston Villa,2019-12-08,Home,0.800,1.000,0,0
2019-20,Aston Villa,2019-12-14,Away,0.800,0.938,0,0
2019-20,Aston Villa,2019-12-21,Home,0.800,0.882,0,0
2019-20,Aston Villa,2019-12-26,Home,0.200,0.833,3,1
2019-20,Aston Villa,2019-12-28,Away,0.600,0.947,0,0
2019-20,Aston Villa,2020-01-01,Away,0.600,0.900,3,1
2019-20,Aston Villa,2020-01-12,Home,1.200,1.000,0,0
2019-20,Aston Villa,2020-01-18,Away,1.200,0.955,1,0
2019-20,Aston Villa,2020-01-21,Home,1.400,0.957,3,1
2019-20,Aston Villa,2020-02-01,Away,1.400,1.042,0,0
2019-20,Aston Villa,2020-02-16,Home,1.400,1.000,0,0
2019-20,Aston Villa,2020-02-22,Away,0.800,0.962,0,0
2019-20,Aston Villa,2020-03-09,Away,0.800,0.926,0,0
2019-20,Aston Villa,2020-06-17,Home,0.600,0.893,1,0
2019-20,Aston Villa,2020-06-21,Home,0.200,0.897,0,0
2019-20,Aston Villa,2020-06-24,Away,0.200,0.867,1,0
2019-20,Aston Villa,2020-06-27,Home,0.400,0.871,0,0
2019-20,Aston Villa,2020-07-05,Away,0.400,0.844,0,0
2019-20,Aston Villa,2020-07-09,Home,0.400,0.818,0,0
2019-20,Aston Villa,2020-07-12,Home,0.200,0.794,3,1
2019-20,Aston Villa,2020-07-16,Away,0.800,0.857,1,0
2019-20,Aston Villa,2020-07-21,Home,0.800,0.861,3,1
2019-20,Aston Villa,2020-07-26,Away,1.400,0.919,1,0
2019-20,Bournemouth,2019-09-20,Away,1.400,1.400,3,1
2019-20,Bournemouth,2019-09-28,Home,1.800,1.667,1,0
2019-20,Bournemouth,2019-10-06,Away,1.400,1.571,0,0
2019-20,Bournemouth,2019-10-19,Home,1.400,1.375,1,0
2019-20,Bournemouth,2019-10-26,Away,1.600,1.333,1,0
2019-20,Bournemouth,2019-11-02,Home,1.200,1.300,3,1
2019-20,Bournemouth,2019-11-09,Away,1.200,1.455,0,0
2019-20,Bournemouth,2019-11-23,Home,1.000,1.333,0,0
2019-20,Bournemouth,2019-11-30,Away,1.000,1.231,0,0
2019-20,Bournemouth,2019-12-03,Away,0.800,1.143,0,0
2019-20,Bournemouth,2019-12-07,Home,0.600,1.067,0,0
2019-20,Bournemouth,2019-12-14,Away,0.000,1.000,3,1
2019-20,Bournemouth,2019-12-21,Home,0.600,1.118,0,0
2019-20,Bournemouth,2019-12-26,Home,0.600,1.056,1,0
2019-20,Bournemouth,2019-12-28,Away,0.800,1.053,0,0
2019-20,Bournemouth,2020-01-01,Away,0.800,1.000,0,0
2019-20,Bournemouth,2020-01-12,Home,0.800,0.952,0,0
2019-20,Bournemouth,2020-01-18,Away,0.200,0.909,0,0
2019-20,Bournemouth,2020-01-21,Home,0.200,0.870,3,1
2019-20,Bournemouth,2020-02-01,Home,0.600,0.958,3,1
2019-20,Bournemouth,2020-02-09,Away,1.200,1.040,0,0
2019-20,Bournemouth,2020-02-22,Away,1.200,1.000,0,0
2019-20,Bournemouth,2020-02-29,Home,1.200,0.963,1,0
2019-20,Bournemouth,2020-03-07,Away,1.400,0.964,0,0
2019-20,Bournemouth,2020-06-20,Home,0.800,0.931,0,0
2019-20,Bournemouth,2020-06-24,Away,0.200,0.900,0,0
2019-20,Bournemouth,2020-07-01,Home,0.200,0.871,0,0
2019-20,Bournemouth,2020-07-04,Away,0.200,0.844,0,0
2019-20,Bournemouth,2020-07-09,Home,0.000,0.818,1,0
2019-20,Bournemouth,2020-07-12,Home,0.200,0.824,3,1
2019-20,Bournemouth,2020-07-15,Away,0.800,0.886,0,0
2019-20,Bournemouth,2020-07-19,Home,0.800,0.861,0,0
2019-20,Bournemouth,2020-07-26,Away,0.800,0.838,3,1
2019-20,Brighton,2019-09-21,Away,1.000,1.000,1,0
2019-20,Brighton,2019-09-28,Away,0.600,1.000,0,0
2019-20,Brighton,2019-10-05,Home,0.400,0.857,3,1
2019-20,Brighton,2019-10-19,Away,1.000,1.125,0,0
2019-20,Brighton,2019-10-26,Home,1.000,1.000,3,1
2019-20,Brighton,2019-11-02,Home,1.400,1.200,3,1
2019-20,Brighton,2019-11-10,Away,1.800,1.364,0,0
2019-20,Brighton,2019-11-23,Home,1.800,1.250,0,0
2019-20,Brighton,2019-11-30,Away,1.200,1.154,0,0
2019-20,Brighton,2019-12-05,Away,1.200,1.071,3,1
2019-20,Brighton,2019-12-08,Home,1.200,1.200,1,0
2019-20,Brighton,2019-12-16,Away,0.800,1.188,1,0
2019-20,Brighton,2019-12-21,Home,1.000,1.176,0,0
2019-20,Brighton,2019-12-26,Away,1.000,1.111,0,0
2019-20,Brighton,2019-12-28,Home,1.000,1.053,3,1
2019-20,Brighton,2020-01-01,Home,1.000,1.150,1,0
2019-20,Brighton,2020-01-11,Away,1.000,1.143,0,0
2019-20,Brighton,2020-01-18,Home,0.800,1.091,1,0
2019-20,Brighton,2020-01-21,Away,1.000,1.087,0,0
2019-20,Brighton,2020-02-01,Away,1.000,1.042,1,0
2019-20,Brighton,2020-02-08,Home,0.600,1.040,1,0
2019-20,Brighton,2020-02-22,Away,0.600,1.038,1,0
2019-20,Brighton,2020-02-29,Home,0.800,1.037,0,0
2019-20,Brighton,2020-03-07,Away,0.600,1.000,1,0
2019-20,Brighton,2020-06-20,Home,0.800,1.000,3,1
2019-20,Brighton,2020-06-23,Away,1.200,1.067,1,0
2019-20,Brighton,2020-06-30,Home,1.200,1.065,0,0
2019-20,Brighton,2020-07-04,Away,1.000,1.031,3,1
2019-20,Brighton,2020-07-08,Home,1.600,1.091,0,0
2019-20,Brighton,2020-07-11,Home,1.400,1.059,0,0
2019-20,Brighton,2020-07-16,Away,0.800,1.029,1,0
2019-20,Brighton,2020-07-20,Home,0.800,1.028,1,0
2019-20,Brighton,2020-07-26,Away,1.000,1.027,3,1
2019-20,Burnley,2019-09-21,Home,1.000,1.000,3,1
2019-20,Burnley,2019-09-28,Away,1.000,1.333,1,0
2019-20,Burnley,2019-10-05,Home,1.200,1.286,3,1
2019-20,Burnley,2019-10-19,Away,1.600,1.500,0,0
2019-20,Burnley,2019-10-26,Home,1.600,1.333,0,0
2019-20,Burnley,2019-11-02,Away,1.400,1.200,0,0
2019-20,Burnley,2019-11-09,Home,0.800,1.091,3,1
2019-20,Burnley,2019-11-23,Away,1.200,1.250,3,1
2019-20,Burnley,2019-11-30,Home,1.200,1.385,0,0
2019-20,Burnley,2019-12-03,Home,1.200,1.286,0,0
2019-20,Burnley,2019-12-07,Away,1.200,1.200,0,0
2019-20,Burnley,2019-12-14,Home,1.200,1.125,3,1
2019-20,Burnley,2019-12-21,Away,1.200,1.235,3,1
2019-20,Burnley,2019-12-26,Away,1.200,1.333,0,0
2019-20,Burnley,2019-12-28,Home,1.200,1.263,0,0
2019-20,Burnley,2020-01-01,Home,1.200,1.200,0,0
2019-20,Burnley,2020-01-11,Away,1.200,1.143,0,0
2019-20,Burnley,2020-01-19,Home,0.600,1.091,3,1
2019-20,Burnley,2020-01-22,Away,0.600,1.174,3,1
2019-20,Burnley,2020-02-02,Home,1.200,1.250,1,0
2019-20,Burnley,2020-02-15,Away,1.400,1.240,3,1
2019-20,Burnley,2020-02-22,Home,2.000,1.308,3,1
2019-20,Burnley,2020-02-29,Away,2.600,1.370,1,0
2019-20,Burnley,2020-03-07,Home,2.200,1.357,1,0
2019-20,Burnley,2020-06-22,Away,1.800,1.345,0,0
2019-20,Burnley,2020-06-25,Home,1.600,1.300,3,1
2019-20,Burnley,2020-06-29,Away,1.600,1.355,3,1
2019-20,Burnley,2020-07-05,Home,1.600,1.406,1,0
2019-20,Burnley,2020-07-08,Away,1.600,1.394,3,1
2019-20,Burnley,2020-07-11,Away,2.000,1.441,1,0
2019-20,Burnley,2020-07-15,Home,2.200,1.429,1,0
2019-20,Burnley,2020-07-18,Away,1.800,1.417,3,1
2019-20,Burnley,2020-07-26,Home,1.800,1.459,0,0
2019-20,Chelsea,2019-09-22,Home,1.600,1.600,0,0
2019-20,Chelsea,2019-09-28,Home,1.600,1.333,3,1
2019-20,Chelsea,2019-10-06,Away,2.000,1.571,3,1
2019-20,Chelsea,2019-10-19,Home,2.000,1.750,3,1
2019-20,Chelsea,2019-10-26,Away,2.400,1.889,3,1
2019-20,Chelsea,2019-11-02,Away,2.400,2.000,3,1
2019-20,Chelsea,2019-11-09,Home,3.000,2.091,3,1
2019-20,Chelsea,2019-11-23,Away,3.000,2.167,0,0
2019-20,Chelsea,2019-11-30,Home,2.400,2.000,0,0
2019-20,Chelsea,2019-12-04,Home,1.800,1.857,3,1
2019-20,Chelsea,2019-12-07,Away,1.800,1.933,0,0
2019-20,Chelsea,2019-12-14,Home,1.200,1.813,0,0
2019-20,Chelsea,2019-12-22,Away,0.600,1.706,3,1
2019-20,Chelsea,2019-12-26,Home,1.200,1.778,0,0
2019-20,Chelsea,2019-12-29,Away,1.200,1.684,3,1
2019-20,Chelsea,2020-01-01,Away,1.200,1.750,1,0
2019-20,Chelsea,2020-01-11,Home,1.400,1.714,3,1
2019-20,Chelsea,2020-01-18,Away,2.000,1.773,0,0
2019-20,Chelsea,2020-01-21,Home,1.400,1.696,1,0
2019-20,Chelsea,2020-02-01,Away,1.600,1.667,1,0
2019-20,Chelsea,2020-02-17,Home,1.200,1.640,0,0
2019-20,Chelsea,2020-02-22,Home,1.000,1.577,3,1
2019-20,Chelsea,2020-02-29,Away,1.000,1.630,1,0
2019-20,Chelsea,2020-03-08,Home,1.200,1.607,3,1
2019-20,Chelsea,2020-06-21,Away,1.600,1.655,3,1
2019-20,Chelsea,2020-06-25,Home,2.000,1.700,3,1
2019-20,Chelsea,2020-07-01,Away,2.600,1.742,0,0
2019-20,Chelsea,2020-07-04,Home,2.000,1.688,3,1
2019-20,Chelsea,2020-07-07,Away,2.400,1.727,3,1
2019-20,Chelsea,2020-07-11,Away,2.400,1.765,0,0
2019-20,Chelsea,2020-07-14,Home,1.800,1.714,3,1
2019-20,Chelsea,2020-07-22,Away,1.800,1.750,0,0
2019-20,Chelsea,2020-07-26,Home,1.800,1.703,3,1
2019-20,Crystal Palace,2019-09-22,Home,1.400,1.400,1,0
2019-20,Crystal Palace,2019-09-28,Home,1.400,1.333,3,1
2019-20,Crystal Palace,2019-10-05,Away,2.000,1.571,3,1
2019-20,Crystal Palace,2019-10-19,Home,2.000,1.750,0,0
2019-20,Crystal Palace,2019-10-27,Away,1.400,1.556,1,0
2019-20,Crystal Palace,2019-11-03,Home,1.600,1.500,0,0
2019-20,Crystal Palace,2019-11-09,Away,1.400,1.364,0,0
2019-20,Crystal Palace,2019-11-23,Home,0.800,1.250,0,0
2019-20,Crystal Palace,2019-11-30,Away,0.200,1.154,3,1
2019-20,Crystal Palace,2019-12-03,Home,0.800,1.286,3,1
2019-20,Crystal Palace,2019-12-07,Away,1.200,1.400,1,0
2019-20,Crystal Palace,2019-12-16,Home,1.400,1.375,1,0
2019-20,Crystal Palace,2019-12-21,Away,1.600,1.353,0,0
2019-20,Crystal Palace,2019-12-26,Home,1.600,1.278,3,1
2019-20,Crystal Palace,2019-12-28,Away,1.600,1.368,1,0
2019-20,Crystal Palace,2020-01-01,Away,1.200,1.350,1,0
2019-20,Crystal Palace,2020-01-11,Home,1.200,1.333,1,0
2019-20,Crystal Palace,2020-01-18,Away,1.200,1.318,1,0
2019-20,Crystal Palace,2020-01-21,Home,1.400,1.304,0,0
2019-20,Crystal Palace,2020-02-01,Home,0.800,1.250,0,0
2019-20,Crystal Palace,2020-02-08,Away,0.600,1.200,0,0
2019-20,Crystal Palace,2020-02-22,Home,0.400,1.154,3,1
2019-20,Crystal Palace,2020-02-29,Away,0.800,1.222,3,1
2019-20,Crystal Palace,2020-03-07,Home,1.200,1.286,3,1
2019-20,Crystal Palace,2020-06-20,Away,1.800,1.345,3,1
2019-20,Crystal Palace,2020-06-24,Away,2.400,1.400,0,0
2019-20,Crystal Palace,2020-06-29,Home,2.400,1.355,0,0
2019-20,Crystal Palace,2020-07-04,Away,1.800,1.313,0,0
2019-20,Crystal Palace,2020-07-07,Home,1.200,1.273,0,0
2019-20,Crystal Palace,2020-07-12,Away,0.600,1.235,0,0
2019-20,Crystal Palace,2020-07-16,Home,0.000,1.200,0,0
2019-20,Crystal Palace,2020-07-20,Away,0.000,1.167,0,0
2019-20,Crystal Palace,2020-07-26,Home,0.000,1.135,1,0
2019-20,Everton,2019-09-21,Home,1.400,1.400,0,0
2019-20,Everton,2019-09-28,Home,1.200,1.167,0,0
2019-20,Everton,2019-10-05,Away,0.600,1.000,0,0
2019-20,Everton,2019-10-19,Home,0.600,0.875,3,1
2019-20,Everton,2019-10-26,Away,0.600,1.111,0,0
2019-20,Everton,2019-11-03,Home,0.600,1.000,1,0
2019-20,Everton,2019-11-09,Away,0.800,1.000,3,1
2019-20,Everton,2019-11-23,Home,1.400,1.167,0,0
2019-20,Everton,2019-12-01,Away,1.400,1.077,0,0
2019-20,Everton,2019-12-04,Away,0.800,1.000,0,0
2019-20,Everton,2019-12-07,Home,0.800,0.933,3,1
2019-20,Everton,2019-12-15,Away,1.200,1.063,1,0
2019-20,Everton,2019-12-21,Home,0.800,1.059,1,0
2019-20,Everton,2019-12-26,Home,1.000,1.056,3,1
2019-20,Everton,2019-12-28,Away,1.600,1.158,3,1
2019-20,Everton,2020-01-01,Away,2.200,1.250,0,0
2019-20,Everton,2020-01-11,Home,1.600,1.190,3,1
2019-20,Everton,2020-01-18,Away,2.000,1.273,1,0
2019-20,Everton,2020-01-21,Home,2.000,1.261,1,0
2019-20,Everton,2020-02-01,Away,1.600,1.250,3,1
2019-20,Everton,2020-02-08,Home,1.600,1.320,3,1
2019-20,Everton,2020-02-23,Away,2.200,1.385,0,0
2019-20,Everton,2020-03-01,Home,1.600,1.333,1,0
2019-20,Everton,2020-03-08,Away,1.600,1.321,0,0
2019-20,Everton,2020-06-21,Home,1.400,1.276,1,0
2019-20,Everton,2020-06-24,Away,1.000,1.267,3,1
2019-20,Everton,2020-07-01,Home,1.000,1.323,3,1
2019-20,Everton,2020-07-06,Away,1.600,1.375,0,0
2019-20,Everton,2020-07-09,Home,1.400,1.333,1,0
2019-20,Everton,2020-07-12,Away,1.600,1.324,0,0
2019-20,Everton,2020-07-16,Home,1.400,1.286,1,0
2019-20,Everton,2020-07-20,Away,1.000,1.278,3,1
2019-20,Everton,2020-07-26,Home,1.000,1.324,0,0
2019-20,Leicester,2019-09-21,Home,1.600,1.600,3,1
2019-20,Leicester,2019-09-29,Home,2.000,1.833,3,1
2019-20,Leicester,2019-10-05,Away,2.400,2.000,0,0
2019-20,Leicester,2019-10-19,Home,1.800,1.750,3,1
2019-20,Leicester,2019-10-25,Away,1.800,1.889,3,1
2019-20,Leicester,2019-11-03,Away,2.400,2.000,3,1
2019-20,Leicester,2019-11-09,Home,2.400,2.091,3,1
2019-20,Leicester,2019-11-23,Away,2.400,2.167,3,1
2019-20,Leicester,2019-12-01,Home,3.000,2.231,3,1
2019-20,Leicester,2019-12-04,Home,3.000,2.286,3,1
2019-20,Leicester,2019-12-08,Away,3.000,2.333,3,1
2019-20,Leicester,2019-12-14,Home,3.000,2.375,1,0
2019-20,Leicester,2019-12-21,Away,2.600,2.294,0,0
2019-20,Leicester,2019-12-26,Home,2.000,2.167,0,0
2019-20,Leicester,2019-12-28,Away,1.400,2.053,3,1
2019-20,Leicester,2020-01-01,Away,1.400,2.100,3,1
2019-20,Leicester,2020-01-11,Home,1.400,2.143,0,0
2019-20,Leicester,2020-01-19,Away,1.200,2.045,0,0
2019-20,Leicester,2020-01-22,Home,1.200,1.957,3,1
2019-20,Leicester,2020-02-01,Home,1.800,2.000,1,0
2019-20,Leicester,2020-02-14,Away,1.400,1.960,1,0
2019-20,Leicester,2020-02-22,Home,1.000,1.923,0,0
2019-20,Leicester,2020-02-28,Away,1.000,1.852,0,0
2019-20,Leicester,2020-03-09,Home,1.000,1.786,3,1
2019-20,Leicester,2020-06-20,Away,1.000,1.828,1,0
2019-20,Leicester,2020-06-23,Home,1.000,1.800,1,0
2019-20,Leicester,2020-07-01,Away,1.000,1.774,0,0
2019-20,Leicester,2020-07-04,Home,1.000,1.719,3,1
2019-20,Leicester,2020-07-07,Away,1.600,1.758,1,0
2019-20,Leicester,2020-07-12,Away,1.200,1.735,0,0
2019-20,Leicester,2020-07-16,Home,1.000,1.686,3,1
2019-20,Leicester,2020-07-19,Away,1.400,1.722,0,0
2019-20,Leicester,2020-07-26,Home,1.400,1.676,0,0
2019-20,Liverpool,2019-09-22,Away,3.000,3.000,3,1
2019-20,Liverpool,2019-09-28,Away,3.000,3.000,3,1
2019-20,Liverpool,2019-10-05,Home,3.000,3.000,3,1
2019-20,Liverpool,2019-10-20,Away,3.000,3.000,1,0
2019-20,Liverpool,2019-10-27,Home,2.600,2.778,3,1
2019-20,Liverpool,2019-11-02,Away,2.600,2.800,3,1
2019-20,Liverpool,2019-11-10,Home,2.600,2.818,3,1
2019-20,Liverpool,2019-11-23,Away,2.600,2.833,3,1
2019-20,Liverpool,2019-11-30,Home,2.600,2.846,3,1
2019-20,Liverpool,2019-12-04,Home,3.000,2.857,3,1
2019-20,Liverpool,2019-12-07,Away,3.000,2.867,3,1
2019-20,Liverpool,2019-12-14,Home,3.000,2.875,3,1
2019-20,Liverpool,2019-12-26,Away,3.000,2.882,3,1
2019-20,Liverpool,2019-12-29,Home,3.000,2.889,3,1
2019-20,Liverpool,2020-01-02,Home,3.000,2.895,3,1
2019-20,Liverpool,2020-01-11,Away,3.000,2.900,3,1
2019-20,Liverpool,2020-01-19,Home,3.000,2.905,3,1
2019-20,Liverpool,2020-01-23,Away,3.000,2.909,3,1
2019-20,Liverpool,2020-01-29,Away,3.000,2.913,3,1
2019-20,Liverpool,2020-02-01,Home,3.000,2.917,3,1
2019-20,Liverpool,2020-02-15,Away,3.000,2.920,3,1
2019-20,Liverpool,2020-02-24,Home,3.000,2.923,3,1
2019-20,Liverpool,2020-02-29,Away,3.000,2.926,0,0
2019-20,Liverpool,2020-03-07,Home,2.400,2.821,3,1
2019-20,Liverpool,2020-06-21,Away,2.400,2.828,1,0
2019-20,Liverpool,2020-06-24,Home,2.000,2.767,3,1
2019-20,Liverpool,2020-07-02,Away,2.000,2.774,0,0
2019-20,Liverpool,2020-07-05,Home,1.400,2.688,3,1
2019-20,Liverpool,2020-07-08,Away,2.000,2.697,3,1
2019-20,Liverpool,2020-07-11,Home,2.000,2.706,1,0
2019-20,Liverpool,2020-07-15,Away,2.000,2.657,0,0
2019-20,Liverpool,2020-07-22,Home,1.400,2.583,3,1
2019-20,Liverpool,2020-07-26,Away,2.000,2.595,3,1
2019-20,Man City,2019-09-21,Home,2.000,2.000,3,1
2019-20,Man City,2019-09-28,Away,2.000,2.167,3,1
2019-20,Man City,2019-10-06,Home,2.400,2.286,0,0
2019-20,Man City,2019-10-19,Away,1.800,2.000,3,1
2019-20,Man City,2019-10-26,Home,1.800,2.111,3,1
2019-20,Man City,2019-11-02,Home,2.400,2.200,3,1
2019-20,Man City,2019-11-10,Away,2.400,2.273,0,0
2019-20,Man City,2019-11-23,Home,1.800,2.083,3,1
2019-20,Man City,2019-11-30,Away,2.400,2.154,1,0
2019-20,Man City,2019-12-03,Away,2.000,2.071,3,1
2019-20,Man City,2019-12-07,Home,2.000,2.133,0,0
2019-20,Man City,2019-12-15,Away,1.400,2.000,3,1
2019-20,Man City,2019-12-21,Home,2.000,2.059,3,1
2019-20,Man City,2019-12-27,Away,2.000,2.111,0,0
2019-20,Man City,2019-12-29,Home,1.800,2.000,3,1
2019-20,Man City,2020-01-01,Home,1.800,2.050,3,1
2019-20,Man City,2020-01-12,Away,2.400,2.095,3,1
2019-20,Man City,2020-01-18,Home,2.400,2.136,1,0
2019-20,Man City,2020-01-21,Away,2.000,2.087,3,1
2019-20,Man City,2020-02-02,Away,2.600,2.125,0,0
2019-20,Man City,2020-02-19,Home,2.000,2.040,3,1
2019-20,Man City,2020-02-22,Away,2.000,2.077,3,1
2019-20,Man City,2020-03-08,Away,2.000,2.111,0,0
2019-20,Man City,2020-06-17,Home,1.800,2.036,3,1
2019-20,Man City,2020-06-22,Home,1.800,2.069,3,1
2019-20,Man City,2020-06-25,Away,2.400,2.100,0,0
2019-20,Man City,2020-07-02,Home,1.800,2.032,3,1
2019-20,Man City,2020-07-05,Away,1.800,2.063,0,0
2019-20,Man City,2020-07-08,Home,1.800,2.000,3,1
2019-20,Man City,2020-07-11,Away,1.800,2.029,3,1
2019-20,Man City,2020-07-15,Home,1.800,2.057,3,1
2019-20,Man City,2020-07-21,Away,2.400,2.083,3,1
2019-20,Man City,2020-07-26,Home,2.400,2.108,3,1
2019-20,Man United,2019-09-22,Away,1.600,1.600,0,0
2019-20,Man United,2019-09-30,Home,1.000,1.333,1,0
2019-20,Man United,2019-10-06,Away,1.000,1.286,0,0
2019-20,Man United,2019-10-20,Home,1.000,1.125,1,0
2019-20,Man United,2019-10-27,Away,1.000,1.111,3,1
2019-20,Man United,2019-11-02,Away,1.000,1.300,0,0
2019-20,Man United,2019-11-10,Home,1.000,1.182,3,1
2019-20,Man United,2019-11-24,Away,1.400,1.333,1,0
2019-20,Man United,2019-12-01,Home,1.600,1.308,1,0
2019-20,Man United,2019-12-04,Home,1.600,1.286,3,1
2019-20,Man United,2019-12-07,Away,1.600,1.400,3,1
2019-20,Man United,2019-12-15,Home,2.200,1.500,1,0
2019-20,Man United,2019-12-22,Away,1.800,1.471,0,0
2019-20,Man United,2019-12-26,Home,1.600,1.389,3,1
2019-20,Man United,2019-12-28,Away,2.000,1.474,3,1
2019-20,Man United,2020-01-01,Away,2.000,1.550,0,0
2019-20,Man United,2020-01-11,Home,1.400,1.476,3,1
2019-20,Man United,2020-01-19,Away,1.800,1.545,0,0
2019-20,Man United,2020-01-22,Home,1.800,1.478,0,0
2019-20,Man United,2020-02-01,Home,1.200,1.417,1,0
2019-20,Man United,2020-02-17,Away,0.800,1.400,3,1
2019-20,Man United,2020-02-23,Home,1.400,1.462,3,1
2019-20,Man United,2020-03-01,Away,1.400,1.519,1,0
2019-20,Man United,2020-03-08,Home,1.600,1.500,3,1
2019-20,Man United,2020-06-19,Away,2.200,1.552,1,0
2019-20,Man United,2020-06-24,Home,2.200,1.533,3,1
2019-20,Man United,2020-06-30,Away,2.200,1.581,3,1
2019-20,Man United,2020-07-04,Home,2.200,1.625,3,1
2019-20,Man United,2020-07-09,Away,2.600,1.667,3,1
2019-20,Man United,2020-07-13,Home,2.600,1.706,1,0
2019-20,Man United,2020-07-16,Away,2.600,1.686,3,1
2019-20,Man United,2020-07-22,Home,2.600,1.722,1,0
2019-20,Man United,2020-07-26,Away,2.200,1.703,3,1
2019-20,Newcastle,2019-09-21,Home,0.800,0.800,1,0
2019-20,Newcastle,2019-09-29,Away,1.000,0.833,0,0
2019-20,Newcastle,2019-10-06,Home,1.000,0.714,3,1
2019-20,Newcastle,2019-10-19,Away,1.000,1.000,0,0
2019-20,Newcastle,2019-10-27,Home,0.800,0.889,1,0
2019-20,Newcastle,2019-11-02,Away,1.000,0.900,3,1
2019-20,Newcastle,2019-11-09,Home,1.400,1.091,3,1
2019-20,Newcastle,2019-11-25,Away,2.000,1.250,0,0
2019-20,Newcastle,2019-11-30,Home,1.400,1.154,1,0
2019-20,Newcastle,2019-12-05,Away,1.600,1.143,3,1
2019-20,Newcastle,2019-12-08,Home,2.000,1.267,3,1
2019-20,Newcastle,2019-12-14,Away,2.000,1.375,0,0
2019-20,Newcastle,2019-12-21,Home,1.400,1.294,3,1
2019-20,Newcastle,2019-12-26,Away,2.000,1.389,0,0
2019-20,Newcastle,2019-12-28,Home,1.800,1.316,0,0
2019-20,Newcastle,2020-01-01,Home,1.200,1.250,0,0
2019-20,Newcastle,2020-01-11,Away,0.600,1.190,1,0
2019-20,Newcastle,2020-01-18,Home,0.800,1.182,3,1
2019-20,Newcastle,2020-01-21,Away,0.800,1.261,1,0
2019-20,Newcastle,2020-02-01,Home,1.000,1.250,1,0
2019-20,Newcastle,2020-02-16,Away,1.200,1.240,0,0
2019-20,Newcastle,2020-02-22,Away,1.200,1.192,0,0
2019-20,Newcastle,2020-02-29,Home,1.000,1.148,1,0
2019-20,Newcastle,2020-03-07,Away,0.600,1.143,3,1
2019-20,Newcastle,2020-06-21,Home,1.000,1.207,3,1
2019-20,Newcastle,2020-06-24,Home,1.400,1.267,1,0
2019-20,Newcastle,2020-07-01,Away,1.600,1.258,3,1
2019-20,Newcastle,2020-07-05,Home,2.200,1.313,1,0
2019-20,Newcastle,2020-07-08,Away,2.200,1.303,0,0
2019-20,Newcastle,2020-07-11,Away,1.600,1.265,0,0
2019-20,Newcastle,2020-07-15,Home,1.000,1.229,0,0
2019-20,Newcastle,2020-07-20,Away,0.800,1.194,1,0
2019-20,Newcastle,2020-07-26,Home,0.400,1.189,0,0
2019-20,Norwich,2019-09-21,Away,1.200,1.200,0,0
2019-20,Norwich,2019-09-28,Away,1.200,1.000,0,0
2019-20,Norwich,2019-10-05,Home,0.600,0.857,0,0
2019-20,Norwich,2019-10-19,Away,0.600,0.750,1,0
2019-20,Norwich,2019-10-27,Home,0.800,0.778,0,0
2019-20,Norwich,2019-11-02,Away,0.200,0.700,0,0
2019-20,Norwich,2019-11-08,Home,0.200,0.636,0,0
2019-20,Norwich,2019-11-23,Away,0.200,0.583,3,1
2019-20,Norwich,2019-12-01,Home,0.800,0.769,1,0
2019-20,Norwich,2019-12-04,Away,0.800,0.786,0,0
2019-20,Norwich,2019-12-08,Home,0.800,0.733,0,0
2019-20,Norwich,2019-12-14,Away,0.800,0.688,1,0
2019-20,Norwich,2019-12-21,Home,1.000,0.706,0,0
2019-20,Norwich,2019-12-26,Away,0.400,0.667,0,0
2019-20,Norwich,2019-12-28,Home,0.200,0.632,1,0
2019-20,Norwich,2020-01-01,Home,0.400,0.650,1,0
2019-20,Norwich,2020-01-11,Away,0.600,0.667,0,0
2019-20,Norwich,2020-01-18,Home,0.400,0.636,3,1
2019-20,Norwich,2020-01-22,Away,1.000,0.739,0,0
2019-20,Norwich,2020-02-01,Away,1.000,0.708,1,0
2019-20,Norwich,2020-02-15,Home,1.000,0.720,0,0
2019-20,Norwich,2020-02-23,Away,0.800,0.692,0,0
2019-20,Norwich,2020-02-28,Home,0.800,0.667,3,1
2019-20,Norwich,2020-03-07,Away,0.800,0.750,0,0
2019-20,Norwich,2020-06-19,Home,0.800,0.724,0,0
2019-20,Norwich,2020-06-24,Home,0.600,0.700,0,0
2019-20,Norwich,2020-07-01,Away,0.600,0.677,0,0
2019-20,Norwich,2020-07-04,Home,0.600,0.656,0,0
2019-20,Norwich,2020-07-07,Away,0.000,0.636,0,0
2019-20,Norwich,2020-07-11,Home,0.000,0.618,0,0
2019-20,Norwich,2020-07-14,Away,0.000,0.600,0,0
2019-20,Norwich,2020-07-18,Home,0.000,0.583,0,0
2019-20,Norwich,2020-07-26,Away,0.000,0.568,0,0
2019-20,Sheffield United,2019-09-21,Away,1.000,1.000,3,1
2019-20,Sheffield United,2019-09-28,Home,1.400,1.333,0,0
2019-20,Sheffield United,2019-10-05,Away,0.800,1.143,1,0
2019-20,Sheffield United,2019-10-21,Home,1.000,1.125,3,1
2019-20,Sheffield United,2019-10-26,Away,1.400,1.333,1,0
2019-20,Sheffield United,2019-11-02,Home,1.600,1.300,3,1
2019-20,Sheffield United,2019-11-09,Away,1.600,1.455,1,0
2019-20,Sheffield United,2019-11-24,Home,1.800,1.417,1,0
2019-20,Sheffield United,2019-12-01,Away,1.800,1.385,1,0
2019-20,Sheffield United,2019-12-05,Home,1.400,1.357,0,0
2019-20,Sheffield United,2019-12-08,Away,1.200,1.267,3,1
2019-20,Sheffield United,2019-12-14,Home,1.200,1.375,3,1
2019-20,Sheffield United,2019-12-21,Away,1.600,1.471,3,1
2019-20,Sheffield United,2019-12-26,Home,2.000,1.556,1,0
2019-20,Sheffield United,2019-12-29,Away,2.000,1.526,0,0
2019-20,Sheffield United,2020-01-02,Away,2.000,1.450,0,0
2019-20,Sheffield United,2020-01-10,Home,1.400,1.381,3,1
2019-20,Sheffield United,2020-01-18,Away,1.400,1.455,1,0
2019-20,Sheffield United,2020-01-21,Home,1.000,1.435,0,0
2019-20,Sheffield United,2020-02-01,Away,0.800,1.375,3,1
2019-20,Sheffield United,2020-02-09,Home,1.400,1.440,3,1
2019-20,Sheffield United,2020-02-22,Home,2.000,1.500,1,0
2019-20,Sheffield United,2020-03-07,Home,1.600,1.481,3,1
2019-20,Sheffield United,2020-06-17,Away,2.000,1.536,1,0
2019-20,Sheffield United,2020-06-21,Away,2.200,1.517,0,0
2019-20,Sheffield United,2020-06-24,Away,1.600,1.467,0,0
2019-20,Sheffield United,2020-07-02,Home,1.000,1.419,3,1
2019-20,Sheffield United,2020-07-05,Away,1.400,1.469,1,0
2019-20,Sheffield United,2020-07-08,Home,1.000,1.455,3,1
2019-20,Sheffield United,2020-07-11,Home,1.400,1.500,3,1
2019-20,Sheffield United,2020-07-16,Away,2.000,1.543,0,0
2019-20,Sheffield United,2020-07-20,Home,2.000,1.500,0,0
2019-20,Sheffield United,2020-07-26,Away,1.400,1.459,0,0
2019-20,Southampton,2019-09-20,Home,1.400,1.400,0,0
2019-20,Southampton,2019-09-28,Away,1.400,1.167,0,0
2019-20,Southampton,2019-10-06,Home,1.400,1.000,0,0
2019-20,Southampton,2019-10-19,Away,0.800,0.875,1,0
2019-20,Southampton,2019-10-25,Home,0.800,0.889,0,0
2019-20,Southampton,2019-11-02,Away,0.200,0.800,0,0
2019-20,Southampton,2019-11-09,Home,0.200,0.727,0,0
2019-20,Southampton,2019-11-23,Away,0.200,0.667,1,0
2019-20,Southampton,2019-11-30,Home,0.400,0.692,3,1
2019-20,Southampton,2019-12-04,Home,0.800,0.857,3,1
2019-20,Southampton,2019-12-08,Away,1.400,1.000,0,0
2019-20,Southampton,2019-12-14,Home,1.400,0.938,0,0
2019-20,Southampton,2019-12-21,Away,1.400,0.882,3,1
2019-20,Southampton,2019-12-26,Away,1.800,1.000,3,1
2019-20,Southampton,2019-12-28,Home,1.800,1.105,1,0
2019-20,Southampton,2020-01-01,Home,1.400,1.100,3,1
2019-20,Southampton,2020-01-11,Away,2.000,1.190,3,1
2019-20,Southampton,2020-01-18,Home,2.600,1.273,0,0
2019-20,Southampton,2020-01-21,Away,2.000,1.217,3,1
2019-20,Southampton,2020-02-01,Away,2.000,1.292,0,0
2019-20,Southampton,2020-02-15,Home,1.800,1.240,0,0
2019-20,Southampton,2020-02-22,Home,1.200,1.192,3,1
2019-20,Southampton,2020-02-29,Away,1.200,1.259,0,0
2019-20,Southampton,2020-03-07,Home,1.200,1.214,0,0
2019-20,Southampton,2020-06-19,Away,0.600,1.172,3,1
2019-20,Southampton,2020-06-25,Home,1.200,1.233,0,0
2019-20,Southampton,2020-06-28,Away,1.200,1.194,3,1
2019-20,Southampton,2020-07-05,Home,1.200,1.250,3,1
2019-20,Southampton,2020-07-09,Away,1.800,1.303,1,0
2019-20,Southampton,2020-07-13,Away,2.000,1.294,1,0
2019-20,Southampton,2020-07-16,Home,1.600,1.286,1,0
2019-20,Southampton,2020-07-19,Away,1.800,1.278,3,1
2019-20,Southampton,2020-07-26,Home,1.800,1.324,3,1
2019-20,Tottenham,2019-09-21,Away,1.600,1.600,0,0
2019-20,Tottenham,2019-09-28,Home,1.000,1.333,3,1
2019-20,Tottenham,2019-10-05,Away,1.400,1.571,0,0
2019-20,Tottenham,2019-10-19,Home,1.400,1.375,1,0
2019-20,Tottenham,2019-10-27,Away,1.400,1.333,0,0
2019-20,Tottenham,2019-11-03,Away,0.800,1.200,1,0
2019-20,Tottenham,2019-11-09,Home,1.000,1.182,1,0
2019-20,Tottenham,2019-11-23,Away,0.600,1.167,3,1
2019-20,Tottenham,2019-11-30,Home,1.200,1.308,3,1
2019-20,Tottenham,2019-12-04,Away,1.600,1.429,0,0
2019-20,Tottenham,2019-12-07,Home,1.600,1.333,3,1
2019-20,Tottenham,2019-12-15,Away,2.000,1.438,3,1
2019-20,Tottenham,2019-12-22,Home,2.400,1.529,0,0
2019-20,Tottenham,2019-12-26,Home,1.800,1.444,3,1
2019-20,Tottenham,2019-12-28,Away,1.800,1.526,1,0
2019-20,Tottenham,2020-01-01,Away,2.000,1.500,0,0
2019-20,Tottenham,2020-01-11,Home,1.400,1.429,0,0
2019-20,Tottenham,2020-01-18,Away,0.800,1.364,1,0
2019-20,Tottenham,2020-01-22,Home,1.000,1.348,3,1
2019-20,Tottenham,2020-02-02,Home,1.000,1.417,3,1
2019-20,Tottenham,2020-02-16,Away,1.400,1.480,3,1
2019-20,Tottenham,2020-02-22,Away,2.000,1.538,0,0
2019-20,Tottenham,2020-03-01,Home,2.000,1.481,0,0
2019-20,Tottenham,2020-03-07,Away,1.800,1.429,1,0
2019-20,Tottenham,2020-06-19,Home,1.400,1.414,1,0
2019-20,Tottenham,2020-06-23,Home,1.000,1.400,3,1
2019-20,Tottenham,2020-07-02,Away,1.000,1.452,0,0
2019-20,Tottenham,2020-07-06,Home,1.000,1.406,3,1
2019-20,Tottenham,2020-07-09,Away,1.600,1.455,1,0
2019-20,Tottenham,2020-07-12,Home,1.600,1.441,3,1
2019-20,Tottenham,2020-07-15,Away,2.000,1.486,3,1
2019-20,Tottenham,2020-07-19,Home,2.000,1.528,3,1
2019-20,Tottenham,2020-07-26,Away,2.600,1.568,1,0
2019-20,Watford,2019-09-21,Away,0.400,0.400,0,0
2019-20,Watford,2019-09-28,Away,0.400,0.333,0,0
2019-20,Watford,2019-10-05,Home,0.400,0.286,1,0
2019-20,Watford,2019-10-19,Away,0.600,0.375,1,0
2019-20,Watford,2019-10-26,Home,0.600,0.444,1,0
2019-20,Watford,2019-11-02,Home,0.600,0.500,0,0
2019-20,Watford,2019-11-08,Away,0.600,0.455,3,1
2019-20,Watford,2019-11-23,Home,1.200,0.667,0,0
2019-20,Watford,2019-11-30,Away,1.000,0.615,0,0
2019-20,Watford,2019-12-04,Away,0.800,0.571,0,0
2019-20,Watford,2019-12-07,Home,0.600,0.533,1,0
2019-20,Watford,2019-12-14,Away,0.800,0.563,0,0
2019-20,Watford,2019-12-22,Home,0.200,0.529,3,1
2019-20,Watford,2019-12-26,Away,0.800,0.667,1,0
2019-20,Watford,2019-12-28,Home,1.000,0.684,3,1
2019-20,Watford,2020-01-01,Home,1.600,0.800,3,1
2019-20,Watford,2020-01-12,Away,2.000,0.905,3,1
2019-20,Watford,2020-01-18,Home,2.600,1.000,1,0
2019-20,Watford,2020-01-21,Away,2.200,1.000,0,0
2019-20,Watford,2020-02-01,Home,2.000,0.958,0,0
2019-20,Watford,2020-02-08,Away,1.400,0.920,1,0
2019-20,Watford,2020-02-23,Away,1.000,0.923,0,0
2019-20,Watford,2020-02-29,Home,0.400,0.889,3,1
2019-20,Watford,2020-03-07,Away,0.800,0.964,0,0
2019-20,Watford,2020-06-20,Home,0.800,0.931,1,0
2019-20,Watford,2020-06-25,Away,1.000,0.933,0,0
2019-20,Watford,2020-06-28,Home,0.800,0.903,0,0
2019-20,Watford,2020-07-04,Away,0.800,0.875,0,0
2019-20,Watford,2020-07-07,Home,0.200,0.848,3,1
2019-20,Watford,2020-07-11,Home,0.800,0.912,3,1
2019-20,Watford,2020-07-17,Away,1.200,0.971,0,0
2019-20,Watford,2020-07-21,Home,1.200,0.944,0,0
2019-20,Watford,2020-07-26,Away,1.200,0.919,0,0
2019-20,West Ham,2019-09-22,Home,1.600,1.600,3,1
2019-20,West Ham,2019-09-28,Away,2.200,1.833,1,0
2019-20,West Ham,2019-10-05,Home,2.200,1.714,0,0
2019-20,West Ham,2019-10-19,Away,1.600,1.500,0,0
2019-20,West Ham,2019-10-26,Home,1.000,1.333,1,0
2019-20,West Ham,2019-11-02,Home,1.000,1.300,0,0
2019-20,West Ham,2019-11-09,Away,0.400,1.182,0,0
2019-20,West Ham,2019-11-23,Home,0.200,1.083,0,0
2019-20,West Ham,2019-11-30,Away,0.200,1.000,3,1
2019-20,West Ham,2019-12-04,Away,0.800,1.143,0,0
2019-20,West Ham,2019-12-09,Home,0.600,1.067,0,0
2019-20,West Ham,2019-12-14,Away,0.600,1.000,3,1
2019-20,West Ham,2019-12-26,Away,1.200,1.118,0,0
2019-20,West Ham,2019-12-28,Home,1.200,1.056,0,0
2019-20,West Ham,2020-01-01,Home,0.600,1.000,3,1
2019-20,West Ham,2020-01-10,Away,1.200,1.100,0,0
2019-20,West Ham,2020-01-18,Home,1.200,1.048,1,0
2019-20,West Ham,2020-01-22,Away,0.800,1.045,0,0
2019-20,West Ham,2020-01-29,Home,0.800,1.000,0,0
2019-20,West Ham,2020-02-01,Home,0.800,0.958,1,0
2019-20,West Ham,2020-02-19,Away,0.400,0.960,0,0
2019-20,West Ham,2020-02-24,Away,0.400,0.923,0,0
2019-20,West Ham,2020-02-29,Home,0.200,0.889,3,1
2019-20,West Ham,2020-03-07,Away,0.800,0.964,0,0
2019-20,West Ham,2020-06-20,Home,0.800,0.931,0,0
2019-20,West Ham,2020-06-23,Away,0.600,0.900,0,0
2019-20,West Ham,2020-07-01,Home,0.600,0.871,3,1
2019-20,West Ham,2020-07-05,Away,1.200,0.938,1,0
2019-20,West Ham,2020-07-08,Home,0.800,0.939,0,0
2019-20,West Ham,2020-07-11,Away,0.800,0.912,3,1
2019-20,West Ham,2020-07-17,Home,1.400,0.971,3,1
2019-20,West Ham,2020-07-22,Away,2.000,1.028,1,0
2019-20,West Ham,2020-07-26,Home,1.600,1.027,1,0
2019-20,Wolves,2019-09-22,Away,0.600,0.600,1,0
2019-20,Wolves,2019-09-28,Home,0.600,0.667,3,1
2019-20,Wolves,2019-10-06,Away,1.000,1.000,3,1
2019-20,Wolves,2019-10-19,Home,1.400,1.250,1,0
2019-20,Wolves,2019-10-27,Away,1.600,1.222,1,0
2019-20,Wolves,2019-11-02,Away,1.800,1.200,1,0
2019-20,Wolves,2019-11-10,Home,1.800,1.182,3,1
2019-20,Wolves,2019-11-23,Away,1.800,1.333,3,1
2019-20,Wolves,2019-12-01,Home,1.800,1.462,1,0
2019-20,Wolves,2019-12-04,Home,1.800,1.429,3,1
2019-20,Wolves,2019-12-08,Away,2.200,1.533,1,0
2019-20,Wolves,2019-12-15,Home,2.200,1.500,0,0
2019-20,Wolves,2019-12-21,Away,1.600,1.412,3,1
2019-20,Wolves,2019-12-27,Home,1.600,1.500,3,1
2019-20,Wolves,2019-12-29,Away,2.000,1.579,0,0
2019-20,Wolves,2020-01-01,Away,1.400,1.500,0,0
2019-20,Wolves,2020-01-11,Home,1.200,1.429,1,0
2019-20,Wolves,2020-01-18,Away,1.400,1.409,3,1
2019-20,Wolves,2020-01-23,Home,1.400,1.478,0,0
2019-20,Wolves,2020-02-01,Away,0.800,1.417,1,0
2019-20,Wolves,2020-02-14,Home,1.000,1.400,1,0
2019-20,Wolves,2020-02-23,Home,1.200,1.385,3,1
2019-20,Wolves,2020-03-01,Away,1.600,1.444,3,1
2019-20,Wolves,2020-03-07,Home,1.600,1.500,1,0
2019-20,Wolves,2020-06-20,Away,1.800,1.483,3,1
2019-20,Wolves,2020-06-24,Home,2.200,1.533,3,1
2019-20,Wolves,2020-06-27,Away,2.600,1.581,3,1
2019-20,Wolves,2020-07-04,Home,2.600,1.625,0,0
2019-20,Wolves,2020-07-08,Away,2.000,1.576,0,0
2019-20,Wolves,2020-07-12,Home,1.800,1.529,3,1
2019-20,Wolves,2020-07-15,Away,1.800,1.571,1,0
2019-20,Wolves,2020-07-20,Home,1.400,1.556,3,1
2019-20,Wolves,2020-07-26,Away,1.400,1.595,0,0
2020-21,Arsenal,2020-10-25,Home,1.800,1.800,0,0
2020-21,Arsenal,2020-11-01,Away,1.200,1.500,3,1
2020-21,Arsenal,2020-11-08,Home,1.200,1.714,0,0
2020-21,Arsenal,2020-11-22,Away,1.200,1.500,1,0
2020-21,Arsenal,2020-11-29,Home,0.800,1.444,0,0
2020-21,Arsenal,2020-12-06,Away,0.800,1.300,0,0
2020-21,Arsenal,2020-12-13,Home,0.800,1.182,0,0
2020-21,Arsenal,2020-12-16,Home,0.200,1.083,1,0
2020-21,Arsenal,2020-12-19,Away,0.400,1.077,0,0
2020-21,Arsenal,2020-12-26,Home,0.200,1.000,3,1
2020-21,Arsenal,2020-12-29,Away,0.800,1.133,3,1
2020-21,Arsenal,2021-01-02,Away,1.400,1.250,3,1
2020-21,Arsenal,2021-01-14,Home,2.000,1.353,1,0
2020-21,Arsenal,2021-01-18,Home,2.000,1.333,3,1
2020-21,Arsenal,2021-01-26,Away,2.600,1.421,3,1
2020-21,Arsenal,2021-01-30,Home,2.600,1.500,1,0
2020-21,Arsenal,2021-02-02,Away,2.200,1.476,0,0
2020-21,Arsenal,2021-02-06,Away,1.600,1.409,0,0
2020-21,Arsenal,2021-02-14,Home,1.400,1.348,3,1
2020-21,Arsenal,2021-02-21,Home,1.400,1.417,0,0
2020-21,Arsenal,2021-02-28,Away,0.800,1.360,3,1
2020-21,Arsenal,2021-03-06,Away,1.200,1.423,1,0
2020-21,Arsenal,2021-03-14,Home,1.400,1.407,3,1
2020-21,Arsenal,2021-03-21,Away,2.000,1.464,1,0
2020-21,Arsenal,2021-04-03,Home,1.600,1.448,0,0
2020-21,Arsenal,2021-04-11,Away,1.600,1.400,3,1
2020-21,Arsenal,2021-04-18,Home,1.600,1.452,1,0
2020-21,Arsenal,2021-04-23,Home,1.600,1.438,0,0
2020-21,Arsenal,2021-05-02,Away,1.000,1.394,3,1
2020-21,Arsenal,2021-05-09,Home,1.400,1.441,3,1
2020-21,Arsenal,2021-05-12,Away,2.000,1.486,3,1
2020-21,Arsenal,2021-05-19,Away,2.000,1.528,3,1
2020-21,Arsenal,2021-05-23,Home,2.400,1.568,3,1
2020-21,Aston Villa,2020-11-01,Home,2.400,2.400,0,0
2020-21,Aston Villa,2020-11-08,Away,1.800,2.000,3,1
2020-21,Aston Villa,2020-11-21,Home,1.800,2.143,0,0
2020-21,Aston Villa,2020-11-30,Away,1.200,1.875,0,0
2020-21,Aston Villa,2020-12-12,Away,0.600,1.667,3,1
2020-21,Aston Villa,2020-12-17,Home,1.200,1.800,1,0
2020-21,Aston Villa,2020-12-20,Away,1.400,1.727,3,1
2020-21,Aston Villa,2020-12-26,Home,1.400,1.833,3,1
2020-21,Aston Villa,2020-12-28,Away,2.000,1.923,1,0
2020-21,Aston Villa,2021-01-01,Away,2.200,1.857,0,0
2020-21,Aston Villa,2021-01-20,Away,1.600,1.733,0,0
2020-21,Aston Villa,2021-01-23,Home,1.400,1.625,3,1
2020-21,Aston Villa,2021-01-27,Away,1.400,1.706,0,0
2020-21,Aston Villa,2021-01-30,Away,0.800,1.611,3,1
2020-21,Aston Villa,2021-02-03,Home,1.200,1.684,0,0
2020-21,Aston Villa,2021-02-06,Home,1.200,1.600,3,1
2020-21,Aston Villa,2021-02-13,Away,1.800,1.667,1,0
2020-21,Aston Villa,2021-02-21,Home,1.400,1.636,0,0
2020-21,Aston Villa,2021-02-27,Away,1.400,1.565,3,1
2020-21,Aston Villa,2021-03-03,Away,1.400,1.625,0,0
2020-21,Aston Villa,2021-03-06,Home,1.400,1.560,1,0
2020-21,Aston Villa,2021-03-12,Away,1.000,1.538,1,0
2020-21,Aston Villa,2021-03-21,Home,1.000,1.519,0,0
2020-21,Aston Villa,2021-04-04,Home,1.000,1.464,3,1
2020-21,Aston Villa,2021-04-10,Away,1.000,1.517,0,0
2020-21,Aston Villa,2021-04-21,Home,1.000,1.467,0,0
2020-21,Aston Villa,2021-04-25,Home,0.800,1.419,1,0
2020-21,Aston Villa,2021-05-01,Away,0.800,1.406,3,1
2020-21,Aston Villa,2021-05-09,Home,1.400,1.455,0,0
2020-21,Aston Villa,2021-05-13,Home,0.800,1.412,1,0
2020-21,Aston Villa,2021-05-16,Away,1.000,1.400,0,0
2020-21,Aston Villa,2021-05-19,Away,1.000,1.361,3,1
2020-21,Aston Villa,2021-05-23,Home,1.400,1.405,3,1
2020-21,Brighton,2020-10-26,Home,0.800,0.800,1,0
2020-21,Brighton,2020-11-01,Away,1.000,0.833,0,0
2020-21,Brighton,2020-11-06,Home,0.400,0.714,1,0
2020-21,Brighton,2020-11-21,Away,0.600,0.750,3,1
2020-21,Brighton,2020-11-28,Home,1.200,1.000,1,0
2020-21,Brighton,2020-12-07,Home,1.200,1.000,0,0
2020-21,Brighton,2020-12-13,Away,1.000,0.909,0,0
2020-21,Brighton,2020-12-16,Away,1.000,0.833,1,0
2020-21,Brighton,2020-12-20,Home,1.000,0.846,1,0
2020-21,Brighton,2020-12-27,Away,0.600,0.857,1,0
2020-21,Brighton,2020-12-29,Home,0.600,0.867,0,0
2020-21,Brighton,2021-01-02,Home,0.600,0.813,1,0
2020-21,Brighton,2021-01-13,Away,0.800,0.824,0,0
2020-21,Brighton,2021-01-16,Away,0.600,0.778,3,1
2020-21,Brighton,2021-01-27,Home,1.000,0.895,1,0
2020-21,Brighton,2021-01-31,Home,1.000,0.900,3,1
2020-21,Brighton,2021-02-03,Away,1.600,1.000,3,1
2020-21,Brighton,2021-02-06,Away,2.000,1.091,1,0
2020-21,Brighton,2021-02-13,Home,2.200,1.087,1,0
2020-21,Brighton,2021-02-22,Home,1.800,1.083,0,0
2020-21,Brighton,2021-02-27,Away,1.600,1.040,0,0
2020-21,Brighton,2021-03-06,Home,1.000,1.000,0,0
2020-21,Brighton,2021-03-14,Away,0.400,0.963,3,1
2020-21,Brighton,2021-03-20,Home,0.800,1.036,3,1
2020-21,Brighton,2021-04-04,Away,1.200,1.103,0,0
2020-21,Brighton,2021-04-12,Home,1.200,1.067,1,0
2020-21,Brighton,2021-04-20,Away,1.400,1.065,1,0
2020-21,Brighton,2021-04-24,Away,1.600,1.063,0,0
2020-21,Brighton,2021-05-01,Home,1.000,1.030,3,1
2020-21,Brighton,2021-05-09,Away,1.000,1.088,0,0
2020-21,Brighton,2021-05-15,Home,1.000,1.057,1,0
2020-21,Brighton,2021-05-18,Home,1.000,1.056,3,1
2020-21,Brighton,2021-05-23,Away,1.400,1.108,0,0
2020-21,Burnley,2020-10-31,Home,0.200,0.200,0,0
2020-21,Burnley,2020-11-06,Away,0.200,0.167,1,0
2020-21,Burnley,2020-11-23,Home,0.400,0.286,3,1
2020-21,Burnley,2020-11-28,Away,1.000,0.625,0,0
2020-21,Burnley,2020-12-05,Home,0.800,0.556,1,0
2020-21,Burnley,2020-12-13,Away,1.000,0.600,3,1
2020-21,Burnley,2020-12-17,Away,1.600,0.818,1,0
2020-21,Burnley,2020-12-21,Home,1.600,0.833,3,1
2020-21,Burnley,2020-12-27,Away,1.600,1.000,0,0
2020-21,Burnley,2020-12-29,Home,1.600,0.929,3,1
2020-21,Burnley,2021-01-12,Home,2.000,1.067,0,0
2020-21,Burnley,2021-01-16,Away,1.400,1.000,0,0
2020-21,Burnley,2021-01-21,Away,1.200,0.941,3,1
2020-21,Burnley,2021-01-27,Home,1.200,1.056,3,1
2020-21,Burnley,2021-01-31,Away,1.800,1.158,0,0
2020-21,Burnley,2021-02-03,Home,1.200,1.100,0,0
2020-21,Burnley,2021-02-06,Home,1.200,1.048,1,0
2020-21,Burnley,2021-02-13,Away,1.400,1.045,3,1
2020-21,Burnley,2021-02-17,Home,1.400,1.130,1,0
2020-21,Burnley,2021-02-20,Home,1.000,1.125,1,0
2020-21,Burnley,2021-02-28,Away,1.200,1.120,0,0
2020-21,Burnley,2021-03-03,Home,1.200,1.077,1,0
2020-21,Burnley,2021-03-06,Home,1.200,1.074,1,0
2020-21,Burnley,2021-03-13,Away,0.800,1.071,3,1
2020-21,Burnley,2021-04-04,Away,1.200,1.138,0,0
2020-21,Burnley,2021-04-11,Home,1.000,1.100,0,0
2020-21,Burnley,2021-04-18,Away,1.000,1.065,0,0
2020-21,Burnley,2021-04-25,Away,0.800,1.031,3,1
2020-21,Burnley,2021-05-03,Home,1.200,1.091,0,0
2020-21,Burnley,2021-05-10,Away,0.600,1.059,3,1
2020-21,Burnley,2021-05-15,Home,1.200,1.114,0,0
2020-21,Burnley,2021-05-19,Home,1.200,1.083,0,0
2020-21,Burnley,2021-05-23,Away,1.200,1.054,0,0
2020-21,Chelsea,2020-10-24,Away,1.600,1.600,1,0
2020-21,Chelsea,2020-10-31,Away,1.200,1.500,3,1
2020-21,Chelsea,2020-11-07,Home,1.800,1.714,3,1
2020-21,Chelsea,2020-11-21,Away,2.200,1.875,3,1
2020-21,Chelsea,2020-11-29,Home,2.200,2.000,1,0
2020-21,Chelsea,2020-12-05,Home,2.200,1.900,3,1
2020-21,Chelsea,2020-12-12,Away,2.600,2.000,0,0
2020-21,Chelsea,2020-12-15,Away,2.000,1.833,0,0
2020-21,Chelsea,2020-12-21,Home,1.400,1.692,3,1
2020-21,Chelsea,2020-12-26,Away,1.400,1.786,0,0
2020-21,Chelsea,2020-12-28,Home,1.200,1.667,1,0
2020-21,Chelsea,2021-01-03,Home,0.800,1.625,0,0
2020-21,Chelsea,2021-01-16,Away,0.800,1.529,3,1
2020-21,Chelsea,2021-01-19,Away,1.400,1.611,0,0
2020-21,Chelsea,2021-01-27,Home,0.800,1.526,1,0
2020-21,Chelsea,2021-01-31,Home,1.000,1.500,3,1
2020-21,Chelsea,2021-02-04,Away,1.400,1.571,3,1
2020-21,Chelsea,2021-02-07,Away,2.000,1.636,3,1
2020-21,Chelsea,2021-02-15,Home,2.000,1.696,3,1
2020-21,Chelsea,2021-02-20,Away,2.600,1.750,1,0
2020-21,Chelsea,2021-02-28,Home,2.600,1.720,1,0
2020-21,Chelsea,2021-03-04,Away,2.200,1.692,3,1
2020-21,Chelsea,2021-03-08,Home,2.200,1.741,3,1
2020-21,Chelsea,2021-03-13,Away,2.200,1.786,1,0
2020-21,Chelsea,2021-04-03,Home,1.800,1.759,0,0
2020-21,Chelsea,2021-04-10,Away,1.600,1.700,3,1
2020-21,Chelsea,2021-04-20,Home,2.000,1.742,1,0
2020-21,Chelsea,2021-04-24,Away,1.600,1.719,3,1
2020-21,Chelsea,2021-05-01,Home,1.600,1.758,3,1
2020-21,Chelsea,2021-05-08,Away,2.000,1.794,3,1
2020-21,Chelsea,2021-05-12,Home,2.600,1.829,0,0
2020-21,Chelsea,2021-05-18,Home,2.000,1.778,3,1
2020-21,Chelsea,2021-05-23,Away,2.400,1.811,0,0
2020-21,Crystal Palace,2020-10-24,Away,1.400,1.400,3,1
2020-21,Crystal Palace,2020-10-30,Away,1.400,1.667,0,0
2020-21,Crystal Palace,2020-11-07,Home,0.800,1.429,3,1
2020-21,Crystal Palace,2020-11-23,Away,1.400,1.625,0,0
2020-21,Crystal Palace,2020-11-27,Home,1.400,1.444,0,0
2020-21,Crystal Palace,2020-12-06,Away,1.200,1.300,3,1
2020-21,Crystal Palace,2020-12-13,Home,1.200,1.455,1,0
2020-21,Crystal Palace,2020-12-16,Away,1.400,1.417,1,0
2020-21,Crystal Palace,2020-12-19,Home,1.000,1.385,0,0
2020-21,Crystal Palace,2020-12-26,Away,1.000,1.286,0,0
2020-21,Crystal Palace,2020-12-28,Home,1.000,1.200,1,0
2020-21,Crystal Palace,2021-01-02,Home,0.600,1.188,3,1
2020-21,Crystal Palace,2021-01-14,Away,1.000,1.294,1,0
2020-21,Crystal Palace,2021-01-17,Away,1.000,1.278,0,0
2020-21,Crystal Palace,2021-01-26,Home,1.000,1.211,0,0
2020-21,Crystal Palace,2021-01-30,Home,1.000,1.150,3,1
2020-21,Crystal Palace,2021-02-02,Away,1.400,1.238,3,1
2020-21,Crystal Palace,2021-02-08,Away,1.400,1.318,0,0
2020-21,Crystal Palace,2021-02-13,Home,1.200,1.261,0,0
2020-21,Crystal Palace,2021-02-22,Away,1.200,1.208,3,1
2020-21,Crystal Palace,2021-02-28,Home,1.800,1.280,1,0
2020-21,Crystal Palace,2021-03-03,Home,1.400,1.269,1,0
2020-21,Crystal Palace,2021-03-07,Away,1.000,1.259,0,0
2020-21,Crystal Palace,2021-03-13,Home,1.000,1.214,3,1
2020-21,Crystal Palace,2021-04-05,Away,1.600,1.276,1,0
2020-21,Crystal Palace,2021-04-10,Home,1.200,1.267,0,0
2020-21,Crystal Palace,2021-04-26,Away,1.000,1.226,0,0
2020-21,Crystal Palace,2021-05-01,Home,0.800,1.188,0,0
2020-21,Crystal Palace,2021-05-08,Away,0.800,1.152,3,1
2020-21,Crystal Palace,2021-05-11,Away,0.800,1.206,0,0
2020-21,Crystal Palace,2021-05-16,Home,0.600,1.171,3,1
2020-21,Crystal Palace,2021-05-19,Home,1.200,1.222,0,0
2020-21,Crystal Palace,2021-05-23,Away,1.200,1.189,0,0
2020-21,Everton,2020-10-25,Away,2.600,2.600,0,0
2020-21,Everton,2020-11-01,Away,2.000,2.167,0,0
2020-21,Everton,2020-11-07,Home,1.400,1.857,0,0
2020-21,Everton,2020-11-22,Away,0.800,1.625,3,1
2020-21,Everton,2020-11-28,Home,0.800,1.778,0,0
2020-21,Everton,2020-12-05,Away,0.600,1.600,1,0
2020-21,Everton,2020-12-12,Home,0.800,1.545,3,1
2020-21,Everton,2020-12-16,Away,1.400,1.667,3,1
2020-21,Everton,2020-12-19,Home,2.000,1.769,3,1
2020-21,Everton,2020-12-26,Away,2.000,1.857,3,1
2020-21,Everton,2021-01-01,Home,2.600,1.933,0,0
2020-21,Everton,2021-01-12,Away,2.400,1.813,3,1
2020-21,Everton,2021-01-27,Home,2.400,1.882,1,0
2020-21,Everton,2021-01-30,Home,2.000,1.833,0,0
2020-21,Everton,2021-02-03,Away,1.400,1.737,3,1
2020-21,Everton,2021-02-06,Away,1.400,1.800,1,0
2020-21,Everton,2021-02-14,Home,1.600,1.762,0,0
2020-21,Everton,2021-02-17,Home,1.000,1.682,0,0
2020-21,Everton,2021-02-20,Away,0.800,1.609,3,1
2020-21,Everton,2021-03-01,Home,1.400,1.667,3,1
2020-21,Everton,2021-03-04,Away,1.400,1.720,3,1
2020-21,Everton,2021-03-08,Away,1.800,1.769,0,0
2020-21,Everton,2021-03-13,Home,1.800,1.704,0,0
2020-21,Everton,2021-04-05,Home,1.800,1.643,1,0
2020-21,Everton,2021-04-12,Away,1.400,1.621,1,0
2020-21,Everton,2021-04-16,Home,1.000,1.600,1,0
2020-21,Everton,2021-04-23,Away,0.600,1.581,3,1
2020-21,Everton,2021-05-01,Home,1.200,1.625,0,0
2020-21,Everton,2021-05-09,Away,1.200,1.576,3,1
2020-21,Everton,2021-05-13,Away,1.600,1.618,1,0
2020-21,Everton,2021-05-16,Home,1.600,1.600,0,0
2020-21,Everton,2021-05-19,Home,1.400,1.556,3,1
2020-21,Everton,2021-05-23,Away,1.400,1.595,0,0
2020-21,Fulham,2020-10-24,Home,0.200,0.200,0,0
2020-21,Fulham,2020-11-02,Home,0.200,0.167,3,1
2020-21,Fulham,2020-11-07,Away,0.800,0.571,0,0
2020-21,Fulham,2020-11-22,Home,0.800,0.500,0,0
2020-21,Fulham,2020-11-30,Away,0.800,0.444,3,1
2020-21,Fulham,2020-12-05,Away,1.200,0.700,0,0
2020-21,Fulham,2020-12-13,Home,1.200,0.636,1,0
2020-21,Fulham,2020-12-16,Home,0.800,0.667,1,0
2020-21,Fulham,2020-12-19,Away,1.000,0.692,1,0
2020-21,Fulham,2020-12-26,Home,1.200,0.714,1,0
2020-21,Fulham,2021-01-13,Away,0.800,0.733,1,0
2020-21,Fulham,2021-01-16,Home,1.000,0.750,0,0
2020-21,Fulham,2021-01-20,Home,0.800,0.706,0,0
2020-21,Fulham,2021-01-27,Away,0.600,0.667,1,0
2020-21,Fulham,2021-01-30,Away,0.600,0.684,1,0
2020-21,Fulham,2021-02-03,Home,0.600,0.700,0,0
2020-21,Fulham,2021-02-06,Home,0.400,0.667,1,0
2020-21,Fulham,2021-02-14,Away,0.600,0.682,3,1
2020-21,Fulham,2021-02-17,Away,1.200,0.783,1,0
2020-21,Fulham,2021-02-20,Home,1.200,0.792,3,1
2020-21,Fulham,2021-02-28,Away,1.600,0.880,1,0
2020-21,Fulham,2021-03-04,Home,1.800,0.885,0,0
2020-21,Fulham,2021-03-07,Away,1.600,0.852,3,1
2020-21,Fulham,2021-03-13,Home,1.600,0.929,0,0
2020-21,Fulham,2021-03-19,Home,1.400,0.897,0,0
2020-21,Fulham,2021-04-04,Away,0.800,0.867,0,0
2020-21,Fulham,2021-04-09,Home,0.600,0.839,0,0
2020-21,Fulham,2021-04-18,Away,0.600,0.813,1,0
2020-21,Fulham,2021-05-01,Away,0.200,0.818,0,0
2020-21,Fulham,2021-05-10,Home,0.200,0.794,0,0
2020-21,Fulham,2021-05-15,Away,0.200,0.771,0,0
2020-21,Fulham,2021-05-18,Away,0.200,0.750,1,0
2020-21,Fulham,2021-05-23,Home,0.400,0.757,0,0
2020-21,Leeds,2020-10-23,Away,1.400,1.400,3,1
2020-21,Leeds,2020-11-02,Home,2.000,1.667,0,0
2020-21,Leeds,2020-11-07,Away,1.400,1.429,0,0
2020-21,Leeds,2020-11-22,Home,0.800,1.250,1,0
2020-21,Leeds,2020-11-28,Away,0.800,1.222,3,1
2020-21,Leeds,2020-12-05,Away,1.400,1.400,0,0
2020-21,Leeds,2020-12-11,Home,0.800,1.273,0,0
2020-21,Leeds,2020-12-16,Home,0.800,1.167,3,1
2020-21,Leeds,2020-12-20,Away,1.400,1.308,0,0
2020-21,Leeds,2020-12-27,Home,1.200,1.214,3,1
2020-21,Leeds,2020-12-29,Away,1.200,1.333,3,1
2020-21,Leeds,2021-01-02,Away,1.800,1.438,0,0
2020-21,Leeds,2021-01-16,Home,1.800,1.353,0,0
2020-21,Leeds,2021-01-26,Away,1.200,1.278,3,1
2020-21,Leeds,2021-01-31,Away,1.800,1.368,3,1
2020-21,Leeds,2021-02-03,Home,1.800,1.450,0,0
2020-21,Leeds,2021-02-08,Home,1.200,1.381,3,1
2020-21,Leeds,2021-02-14,Away,1.800,1.455,0,0
2020-21,Leeds,2021-02-19,Away,1.800,1.391,0,0
2020-21,Leeds,2021-02-23,Home,1.200,1.333,3,1
2020-21,Leeds,2021-02-27,Home,1.200,1.400,0,0
2020-21,Leeds,2021-03-08,Away,1.200,1.346,0,0
2020-21,Leeds,2021-03-13,Home,0.600,1.296,1,0
2020-21,Leeds,2021-03-19,Away,0.800,1.286,3,1
2020-21,Leeds,2021-04-03,Home,1.400,1.345,3,1
2020-21,Leeds,2021-04-10,Away,1.400,1.400,3,1
2020-21,Leeds,2021-04-19,Home,2.000,1.452,1,0
2020-21,Leeds,2021-04-25,Home,2.200,1.438,1,0
2020-21,Leeds,2021-05-01,Away,2.200,1.424,0,0
2020-21,Leeds,2021-05-08,Home,1.600,1.382,3,1
2020-21,Leeds,2021-05-15,Away,1.600,1.429,3,1
2020-21,Leeds,2021-05-18,Away,1.600,1.472,3,1
2020-21,Leeds,2021-05-23,Home,2.000,1.514,3,1
2020-21,Leicester,2020-10-25,Away,1.800,1.800,3,1
2020-21,Leicester,2020-11-02,Away,1.800,2.000,3,1
2020-21,Leicester,2020-11-08,Home,1.800,2.143,3,1
2020-21,Leicester,2020-11-22,Away,1.800,2.250,0,0
2020-21,Leicester,2020-11-30,Home,1.800,2.000,0,0
2020-21,Leicester,2020-12-06,Away,1.800,1.800,3,1
2020-21,Leicester,2020-12-13,Home,1.800,1.909,3,1
2020-21,Leicester,2020-12-16,Home,1.800,2.000,0,0
2020-21,Leicester,2020-12-20,Away,1.200,1.846,3,1
2020-21,Leicester,2020-12-26,Home,1.800,1.929,1,0
2020-21,Leicester,2020-12-28,Away,2.000,1.867,1,0
2020-21,Leicester,2021-01-03,Away,1.600,1.813,3,1
2020-21,Leicester,2021-01-16,Home,1.600,1.882,3,1
2020-21,Leicester,2021-01-19,Home,2.200,1.944,3,1
2020-21,Leicester,2021-01-27,Away,2.200,2.000,1,0
2020-21,Leicester,2021-01-31,Home,2.200,1.950,0,0
2020-21,Leicester,2021-02-03,Away,2.000,1.857,3,1
2020-21,Leicester,2021-02-07,Away,2.000,1.909,1,0
2020-21,Leicester,2021-02-13,Home,1.600,1.870,3,1
2020-21,Leicester,2021-02-21,Away,1.600,1.917,3,1
2020-21,Leicester,2021-02-28,Home,2.000,1.960,0,0
2020-21,Leicester,2021-03-03,Away,2.000,1.885,1,0
2020-21,Leicester,2021-03-06,Away,1.600,1.852,3,1
2020-21,Leicester,2021-03-14,Home,2.000,1.893,3,1
2020-21,Leicester,2021-04-03,Home,2.000,1.931,0,0
2020-21,Leicester,2021-04-11,Away,1.400,1.867,0,0
2020-21,Leicester,2021-04-22,Home,1.400,1.806,3,1
2020-21,Leicester,2021-04-26,Home,1.800,1.844,3,1
2020-21,Leicester,2021-04-30,Away,1.800,1.879,1,0
2020-21,Leicester,2021-05-07,Home,1.400,1.853,0,0
2020-21,Leicester,2021-05-11,Away,1.400,1.800,3,1
2020-21,Leicester,2021-05-18,Away,2.000,1.833,0,0
2020-21,Leicester,2021-05-23,Home,1.400,1.784,0,0
2020-21,Liverpool,2020-10-24,Home,2.000,2.000,3,1
2020-21,Liverpool,2020-10-31,Home,2.000,2.167,3,1
2020-21,Liverpool,2020-11-08,Away,2.000,2.286,1,0
2020-21,Liverpool,2020-11-22,Home,1.600,2.125,3,1
2020-21,Liverpool,2020-11-28,Away,2.200,2.222,1,0
2020-21,Liverpool,2020-12-06,Home,2.200,2.100,3,1
2020-21,Liverpool,2020-12-13,Away,2.200,2.182,1,0
2020-21,Liverpool,2020-12-16,Home,1.800,2.083,3,1
2020-21,Liverpool,2020-12-19,Away,2.200,2.154,3,1
2020-21,Liverpool,2020-12-27,Home,2.200,2.214,1,0
2020-21,Liverpool,2020-12-30,Away,2.200,2.133,1,0
2020-21,Liverpool,2021-01-04,Away,1.800,2.063,0,0
2020-21,Liverpool,2021-01-17,Home,1.600,1.941,1,0
2020-21,Liverpool,2021-01-21,Home,1.200,1.889,0,0
2020-21,Liverpool,2021-01-28,Away,0.600,1.789,3,1
2020-21,Liverpool,2021-01-31,Away,1.000,1.850,3,1
2020-21,Liverpool,2021-02-03,Home,1.400,1.905,0,0
2020-21,Liverpool,2021-02-07,Home,1.400,1.818,0,0
2020-21,Liverpool,2021-02-13,Away,1.200,1.739,0,0
2020-21,Liverpool,2021-02-20,Home,1.200,1.667,0,0
2020-21,Liverpool,2021-02-28,Away,0.600,1.600,3,1
2020-21,Liverpool,2021-03-04,Home,0.600,1.654,0,0
2020-21,Liverpool,2021-03-07,Home,0.600,1.593,0,0
2020-21,Liverpool,2021-03-15,Away,0.600,1.536,3,1
2020-21,Liverpool,2021-04-03,Away,1.200,1.586,3,1
2020-21,Liverpool,2021-04-10,Home,1.800,1.633,3,1
2020-21,Liverpool,2021-04-19,Away,1.800,1.677,1,0
2020-21,Liverpool,2021-04-24,Home,2.000,1.656,1,0
2020-21,Liverpool,2021-05-08,Home,2.200,1.636,3,1
2020-21,Liverpool,2021-05-13,Away,2.200,1.676,3,1
2020-21,Liverpool,2021-05-16,Away,2.200,1.714,3,1
2020-21,Liverpool,2021-05-19,Away,2.200,1.750,3,1
2020-21,Liverpool,2021-05-23,Home,2.600,1.784,3,1
2020-21,Man City,2020-10-31,Away,1.600,1.600,3,1
2020-21,Man City,2020-11-08,Home,1.600,1.833,1,0
2020-21,Man City,2020-11-21,Away,1.800,1.714,0,0
2020-21,Man City,2020-11-28,Home,1.600,1.500,3,1
2020-21,Man City,2020-12-05,Home,1.600,1.667,3,1
2020-21,Man City,2020-12-12,Away,2.000,1.800,1,0
2020-21,Man City,2020-12-15,Home,1.600,1.727,1,0
2020-21,Man City,2020-12-19,Away,1.600,1.667,3,1
2020-21,Man City,2020-12-26,Home,2.200,1.769,3,1
2020-21,Man City,2021-01-03,Away,2.200,1.857,3,1
2020-21,Man City,2021-01-13,Home,2.200,1.933,3,1
2020-21,Man City,2021-01-17,Home,2.600,2.000,3,1
2020-21,Man City,2021-01-20,Home,3.000,2.059,3,1
2020-21,Man City,2021-01-26,Away,3.000,2.111,3,1
2020-21,Man City,2021-01-30,Home,3.000,2.158,3,1
2020-21,Man City,2021-02-03,Away,3.000,2.200,3,1
2020-21,Man City,2021-02-07,Away,3.000,2.238,3,1
2020-21,Man City,2021-02-13,Home,3.000,2.273,3,1
2020-21,Man City,2021-02-17,Away,3.000,2.304,3,1
2020-21,Man City,2021-02-21,Away,3.000,2.333,3,1
2020-21,Man City,2021-02-27,Home,3.000,2.360,3,1
2020-21,Man City,2021-03-02,Home,3.000,2.385,3,1
2020-21,Man City,2021-03-07,Home,3.000,2.407,0,0
2020-21,Man City,2021-03-10,Home,2.400,2.321,3,1
2020-21,Man City,2021-03-13,Away,2.400,2.345,3,1
2020-21,Man City,2021-04-03,Away,2.400,2.367,3,1
2020-21,Man City,2021-04-10,Home,2.400,2.387,0,0
2020-21,Man City,2021-04-21,Away,1.800,2.313,3,1
2020-21,Man City,2021-05-01,Away,2.400,2.333,3,1
2020-21,Man City,2021-05-08,Home,2.400,2.353,0,0
2020-21,Man City,2021-05-14,Away,1.800,2.286,3,1
2020-21,Man City,2021-05-18,Away,1.800,2.306,0,0
2020-21,Man City,2021-05-23,Home,1.800,2.243,3,1
2020-21,Man United,2020-11-01,Home,1.400,1.400,0,0
2020-21,Man United,2020-11-07,Away,1.400,1.167,3,1
2020-21,Man United,2020-11-21,Home,1.400,1.429,3,1
2020-21,Man United,2020-11-29,Away,2.000,1.625,3,1
2020-21,Man United,2020-12-05,Away,2.000,1.778,3,1
2020-21,Man United,2020-12-12,Home,2.400,1.900,1,0
2020-21,Man United,2020-12-17,Away,2.600,1.818,3,1
2020-21,Man United,2020-12-20,Home,2.600,1.917,3,1
2020-21,Man United,2020-12-26,Away,2.600,2.000,1,0
2020-21,Man United,2020-12-29,Home,2.200,1.929,3,1
2020-21,Man United,2021-01-01,Home,2.200,2.000,3,1
2020-21,Man United,2021-01-12,Away,2.600,2.063,3,1
2020-21,Man United,2021-01-17,Away,2.600,2.118,1,0
2020-21,Man United,2021-01-20,Away,2.200,2.056,3,1
2020-21,Man United,2021-01-27,Home,2.600,2.105,0,0
2020-21,Man United,2021-01-30,Away,2.000,2.000,1,0
2020-21,Man United,2021-02-02,Home,1.600,1.952,3,1
2020-21,Man United,2021-02-06,Home,1.600,2.000,1,0
2020-21,Man United,2021-02-14,Away,1.600,1.957,1,0
2020-21,Man United,2021-02-21,Home,1.200,1.917,3,1
2020-21,Man United,2021-02-28,Away,1.800,1.960,1,0
2020-21,Man United,2021-03-03,Away,1.800,1.923,1,0
2020-21,Man United,2021-03-07,Away,1.400,1.889,3,1
2020-21,Man United,2021-03-14,Home,1.800,1.929,3,1
2020-21,Man United,2021-04-04,Home,2.200,1.966,3,1
2020-21,Man United,2021-04-11,Away,2.200,2.000,3,1
2020-21,Man United,2021-04-18,Home,2.600,2.032,3,1
2020-21,Man United,2021-04-25,Away,3.000,2.063,1,0
2020-21,Man United,2021-05-09,Away,2.600,2.030,3,1
2020-21,Man United,2021-05-11,Home,2.600,2.059,0,0
2020-21,Man United,2021-05-13,Home,2.000,2.000,0,0
2020-21,Man United,2021-05-18,Home,1.400,1.944,1,0
2020-21,Man United,2021-05-23,Away,1.000,1.919,3,1
2020-21,Newcastle,2020-10-25,Away,1.400,1.400,1,0
2020-21,Newcastle,2020-11-01,Home,1.000,1.333,3,1
2020-21,Newcastle,2020-11-06,Away,1.600,1.571,0,0
2020-21,Newcastle,2020-11-21,Home,1.400,1.375,0,0
2020-21,Newcastle,2020-11-27,Away,0.800,1.222,3,1
2020-21,Newcastle,2020-12-12,Home,1.400,1.400,3,1
2020-21,Newcastle,2020-12-16,Away,1.800,1.545,0,0
2020-21,Newcastle,2020-12-19,Home,1.200,1.417,1,0
2020-21,Newcastle,2020-12-26,Away,1.400,1.385,0,0
2020-21,Newcastle,2020-12-30,Home,1.400,1.286,1,0
2020-21,Newcastle,2021-01-03,Home,1.000,1.267,0,0
2020-21,Newcastle,2021-01-12,Away,0.400,1.188,0,0
2020-21,Newcastle,2021-01-18,Away,0.400,1.118,0,0
2020-21,Newcastle,2021-01-23,Away,0.200,1.056,0,0
2020-21,Newcastle,2021-01-26,Home,0.200,1.000,0,0
2020-21,Newcastle,2021-01-30,Away,0.000,0.950,3,1
2020-21,Newcastle,2021-02-02,Home,0.600,1.048,0,0
2020-21,Newcastle,2021-02-06,Home,0.600,1.000,3,1
2020-21,Newcastle,2021-02-15,Away,1.200,1.087,0,0
2020-21,Newcastle,2021-02-21,Away,1.200,1.042,0,0
2020-21,Newcastle,2021-02-27,Home,1.200,1.000,1,0
2020-21,Newcastle,2021-03-07,Away,0.800,1.000,1,0
2020-21,Newcastle,2021-03-12,Home,1.000,1.000,1,0
2020-21,Newcastle,2021-03-20,Away,0.600,1.000,0,0
2020-21,Newcastle,2021-04-04,Home,0.600,0.966,1,0
2020-21,Newcastle,2021-04-11,Away,0.800,0.967,3,1
2020-21,Newcastle,2021-04-17,Home,1.200,1.032,3,1
2020-21,Newcastle,2021-04-24,Away,1.600,1.094,1,0
2020-21,Newcastle,2021-05-02,Home,1.600,1.091,0,0
2020-21,Newcastle,2021-05-07,Away,1.600,1.059,3,1
2020-21,Newcastle,2021-05-14,Home,2.000,1.114,0,0
2020-21,Newcastle,2021-05-19,Home,1.400,1.083,3,1
2020-21,Newcastle,2021-05-23,Away,1.400,1.135,3,1
2020-21,Sheffield United,2020-10-24,Away,0.200,0.200,0,0
2020-21,Sheffield United,2020-10-31,Home,0.200,0.167,0,0
2020-21,Sheffield United,2020-11-07,Away,0.200,0.143,0,0
2020-21,Sheffield United,2020-11-22,Home,0.200,0.125,0,0
2020-21,Sheffield United,2020-11-28,Away,0.200,0.111,0,0
2020-21,Sheffield United,2020-12-06,Home,0.000,0.100,0,0
2020-21,Sheffield United,2020-12-13,Away,0.000,0.091,0,0
2020-21,Sheffield United,2020-12-17,Home,0.000,0.083,0,0
2020-21,Sheffield United,2020-12-20,Away,0.000,0.077,1,0
2020-21,Sheffield United,2020-12-26,Home,0.200,0.143,0,0
2020-21,Sheffield United,2020-12-29,Away,0.200,0.133,0,0
2020-21,Sheffield United,2021-01-02,Away,0.200,0.125,0,0
2020-21,Sheffield United,2021-01-12,Home,0.200,0.118,3,1
2020-21,Sheffield United,2021-01-17,Home,0.800,0.278,0,0
2020-21,Sheffield United,2021-01-27,Away,0.600,0.263,3,1
2020-21,Sheffield United,2021-01-30,Away,1.200,0.400,0,0
2020-21,Sheffield United,2021-02-02,Home,1.200,0.381,3,1
2020-21,Sheffield United,2021-02-07,Home,1.800,0.500,0,0
2020-21,Sheffield United,2021-02-15,Away,1.200,0.478,0,0
2020-21,Sheffield United,2021-02-20,Away,1.200,0.458,0,0
2020-21,Sheffield United,2021-02-28,Home,0.600,0.440,0,0
2020-21,Sheffield United,2021-03-03,Home,0.600,0.423,3,1
2020-21,Sheffield United,2021-03-06,Home,0.600,0.519,0,0
2020-21,Sheffield United,2021-03-14,Away,0.600,0.500,0,0
2020-21,Sheffield United,2021-04-03,Away,0.600,0.483,0,0
2020-21,Sheffield United,2021-04-11,Home,0.600,0.467,0,0
2020-21,Sheffield United,2021-04-17,Away,0.600,0.452,0,0
2020-21,Sheffield United,2021-04-24,Home,0.000,0.438,3,1
2020-21,Sheffield United,2021-05-02,Away,0.600,0.515,0,0
2020-21,Sheffield United,2021-05-08,Home,0.600,0.500,0,0
2020-21,Sheffield United,2021-05-16,Away,0.600,0.486,3,1
2020-21,Sheffield United,2021-05-19,Away,1.200,0.556,0,0
2020-21,Sheffield United,2021-05-23,Home,1.200,0.541,3,1
2020-21,Southampton,2020-10-25,Home,1.400,1.400,3,1
2020-21,Southampton,2020-11-01,Away,2.000,1.667,3,1
2020-21,Southampton,2020-11-06,Home,2.600,1.857,3,1
2020-21,Southampton,2020-11-23,Away,2.600,2.000,1,0
2020-21,Southampton,2020-11-29,Home,2.200,1.889,0,0
2020-21,Southampton,2020-12-07,Away,2.000,1.700,3,1
2020-21,Southampton,2020-12-13,Home,2.000,1.818,3,1
2020-21,Southampton,2020-12-16,Away,2.000,1.917,1,0
2020-21,Southampton,2020-12-19,Home,1.600,1.846,0,0
2020-21,Southampton,2020-12-26,Away,1.400,1.714,1,0
2020-21,Southampton,2020-12-29,Home,1.600,1.667,1,0
2020-21,Southampton,2021-01-04,Home,1.200,1.625,3,1
2020-21,Southampton,2021-01-16,Away,1.200,1.706,0,0
2020-21,Southampton,2021-01-26,Home,1.000,1.611,0,0
2020-21,Southampton,2021-01-30,Home,1.000,1.526,0,0
2020-21,Southampton,2021-02-02,Away,0.800,1.450,0,0
2020-21,Southampton,2021-02-06,Away,0.600,1.381,0,0
2020-21,Southampton,2021-02-14,Home,0.000,1.318,0,0
2020-21,Southampton,2021-02-20,Home,0.000,1.261,1,0
2020-21,Southampton,2021-02-23,Away,0.200,1.250,0,0
2020-21,Southampton,2021-03-01,Away,0.200,1.200,0,0
2020-21,Southampton,2021-03-06,Away,0.200,1.154,3,1
2020-21,Southampton,2021-03-10,Away,0.800,1.222,0,0
2020-21,Southampton,2021-03-14,Home,0.800,1.179,0,0
2020-21,Southampton,2021-04-04,Home,0.600,1.138,3,1
2020-21,Southampton,2021-04-12,Away,1.200,1.200,0,0
2020-21,Southampton,2021-04-21,Away,1.200,1.161,0,0
2020-21,Southampton,2021-04-30,Home,0.600,1.125,1,0
2020-21,Southampton,2021-05-08,Away,0.800,1.121,0,0
2020-21,Southampton,2021-05-11,Home,0.800,1.088,3,1
2020-21,Southampton,2021-05-15,Home,0.800,1.143,3,1
2020-21,Southampton,2021-05-18,Home,1.400,1.194,0,0
2020-21,Southampton,2021-05-23,Away,1.400,1.162,0,0
2020-21,Tottenham,2020-10-26,Away,1.600,1.600,3,1
2020-21,Tottenham,2020-11-01,Home,2.200,1.833,3,1
2020-21,Tottenham,2020-11-08,Away,2.200,2.000,3,1
2020-21,Tottenham,2020-11-21,Home,2.600,2.125,3,1
2020-21,Tottenham,2020-11-29,Away,2.600,2.222,1,0
2020-21,Tottenham,2020-12-06,Home,2.600,2.100,3,1
2020-21,Tottenham,2020-12-13,Away,2.600,2.182,1,0
2020-21,Tottenham,2020-12-16,Away,2.200,2.083,0,0
2020-21,Tottenham,2020-12-20,Home,1.600,1.923,0,0
2020-21,Tottenham,2020-12-27,Away,1.000,1.786,1,0
2020-21,Tottenham,2021-01-02,Home,1.000,1.733,3,1
2020-21,Tottenham,2021-01-13,Home,1.000,1.813,1,0
2020-21,Tottenham,2021-01-17,Away,1.000,1.765,3,1
2020-21,Tottenham,2021-01-28,Home,1.600,1.833,0,0
2020-21,Tottenham,2021-01-31,Away,1.600,1.737,0,0
2020-21,Tottenham,2021-02-04,Home,1.400,1.650,0,0
2020-21,Tottenham,2021-02-07,Home,0.800,1.571,3,1
2020-21,Tottenham,2021-02-13,Away,1.200,1.636,0,0
2020-21,Tottenham,2021-02-21,Away,0.600,1.565,0,0
2020-21,Tottenham,2021-02-28,Home,0.600,1.500,3,1
2020-21,Tottenham,2021-03-04,Away,1.200,1.560,3,1
2020-21,Tottenham,2021-03-07,Home,1.800,1.615,3,1
2020-21,Tottenham,2021-03-14,Away,1.800,1.667,0,0
2020-21,Tottenham,2021-03-21,Away,1.800,1.607,3,1
2020-21,Tottenham,2021-04-04,Away,2.400,1.655,1,0
2020-21,Tottenham,2021-04-11,Home,2.000,1.633,0,0
2020-21,Tottenham,2021-04-16,Away,1.400,1.581,1,0
2020-21,Tottenham,2021-04-21,Home,1.000,1.563,3,1
2020-21,Tottenham,2021-05-02,Home,1.600,1.606,3,1
2020-21,Tottenham,2021-05-08,Away,1.600,1.647,0,0
2020-21,Tottenham,2021-05-16,Home,1.400,1.600,3,1
2020-21,Tottenham,2021-05-19,Home,2.000,1.639,0,0
2020-21,Tottenham,2021-05-23,Away,1.800,1.595,3,1
2020-21,West Brom,2020-10-26,Away,0.400,0.400,1,0
2020-21,West Brom,2020-11-02,Away,0.600,0.500,0,0
2020-21,West Brom,2020-11-08,Home,0.600,0.429,0,0
2020-21,West Brom,2020-11-21,Away,0.400,0.375,0,0
2020-21,West Brom,2020-11-28,Home,0.400,0.333,3,1
2020-21,West Brom,2020-12-06,Home,0.800,0.600,0,0
2020-21,West Brom,2020-12-12,Away,0.600,0.545,0,0
2020-21,West Brom,2020-12-15,Away,0.600,0.500,1,0
2020-21,West Brom,2020-12-20,Home,0.800,0.538,0,0
2020-21,West Brom,2020-12-27,Away,0.800,0.500,1,0
2020-21,West Brom,2020-12-29,Home,0.400,0.533,0,0
2020-21,West Brom,2021-01-02,Home,0.400,0.500,0,0
2020-21,West Brom,2021-01-16,Away,0.400,0.471,3,1
2020-21,West Brom,2021-01-19,Away,0.800,0.611,0,0
2020-21,West Brom,2021-01-26,Home,0.800,0.579,0,0
2020-21,West Brom,2021-01-30,Home,0.600,0.550,1,0
2020-21,West Brom,2021-02-02,Away,0.800,0.571,0,0
2020-21,West Brom,2021-02-07,Away,0.800,0.545,0,0
2020-21,West Brom,2021-02-14,Home,0.200,0.522,1,0
2020-21,West Brom,2021-02-20,Away,0.400,0.542,1,0
2020-21,West Brom,2021-02-27,Home,0.600,0.560,3,1
2020-21,West Brom,2021-03-04,Home,1.000,0.654,0,0
2020-21,West Brom,2021-03-07,Home,1.000,0.630,1,0
2020-21,West Brom,2021-03-13,Away,1.200,0.643,0,0
2020-21,West Brom,2021-04-03,Away,1.000,0.621,3,1
2020-21,West Brom,2021-04-12,Home,1.400,0.700,3,1
2020-21,West Brom,2021-04-22,Away,1.400,0.774,0,0
2020-21,West Brom,2021-04-25,Away,1.400,0.750,1,0
2020-21,West Brom,2021-05-03,Home,1.400,0.758,1,0
2020-21,West Brom,2021-05-09,Away,1.600,0.765,0,0
2020-21,West Brom,2021-05-16,Home,1.000,0.743,0,0
2020-21,West Brom,2021-05-19,Home,0.400,0.722,0,0
2020-21,West Brom,2021-05-23,Away,0.400,0.703,0,0
2020-21,West Ham,2020-10-24,Home,1.400,1.400,1,0
2020-21,West Ham,2020-10-31,Away,1.600,1.333,0,0
2020-21,West Ham,2020-11-07,Home,1.600,1.143,3,1
2020-21,West Ham,2020-11-22,Away,1.600,1.375,3,1
2020-21,West Ham,2020-11-30,Home,1.600,1.556,3,1
2020-21,West Ham,2020-12-05,Home,2.000,1.700,0,0
2020-21,West Ham,2020-12-11,Away,1.800,1.545,3,1
2020-21,West Ham,2020-12-16,Home,2.400,1.667,1,0
2020-21,West Ham,2020-12-21,Away,2.000,1.615,0,0
2020-21,West Ham,2020-12-27,Home,1.400,1.500,1,0
2020-21,West Ham,2020-12-29,Away,1.000,1.467,1,0
2020-21,West Ham,2021-01-01,Away,1.200,1.438,3,1
2020-21,West Ham,2021-01-16,Home,1.200,1.529,3,1
2020-21,West Ham,2021-01-19,Home,1.600,1.611,3,1
2020-21,West Ham,2021-01-26,Away,2.200,1.684,3,1
2020-21,West Ham,2021-01-31,Home,2.600,1.750,0,0
2020-21,West Ham,2021-02-03,Away,2.400,1.667,3,1
2020-21,West Ham,2021-02-06,Away,2.400,1.727,1,0
2020-21,West Ham,2021-02-15,Home,2.000,1.696,3,1
2020-21,West Ham,2021-02-21,Home,2.000,1.750,3,1
2020-21,West Ham,2021-02-27,Away,2.000,1.800,0,0
2020-21,West Ham,2021-03-08,Home,2.000,1.731,3,1
2020-21,West Ham,2021-03-14,Away,2.000,1.778,0,0
2020-21,West Ham,2021-03-21,Home,1.800,1.714,1,0
2020-21,West Ham,2021-04-05,Away,1.400,1.690,3,1
2020-21,West Ham,2021-04-11,Home,1.400,1.733,3,1
2020-21,West Ham,2021-04-17,Away,2.000,1.774,0,0
2020-21,West Ham,2021-04-24,Home,1.400,1.719,0,0
2020-21,West Ham,2021-05-03,Away,1.400,1.667,3,1
2020-21,West Ham,2021-05-09,Home,1.800,1.706,0,0
2020-21,West Ham,2021-05-15,Away,1.200,1.657,1,0
2020-21,West Ham,2021-05-19,Away,0.800,1.639,3,1
2020-21,West Ham,2021-05-23,Home,1.400,1.676,3,1
2020-21,Wolves,2020-10-25,Home,1.800,1.800,1,0
2020-21,Wolves,2020-10-30,Home,1.400,1.667,3,1
2020-21,Wolves,2020-11-08,Away,2.000,1.857,0,0
2020-21,Wolves,2020-11-23,Home,2.000,1.625,1,0
2020-21,Wolves,2020-11-29,Away,1.600,1.556,3,1
2020-21,Wolves,2020-12-06,Away,1.600,1.700,0,0
2020-21,Wolves,2020-12-12,Home,1.400,1.545,0,0
2020-21,Wolves,2020-12-15,Home,0.800,1.417,3,1
2020-21,Wolves,2020-12-21,Away,1.400,1.538,0,0
2020-21,Wolves,2020-12-27,Home,1.200,1.429,1,0
2020-21,Wolves,2020-12-29,Away,0.800,1.400,0,0
2020-21,Wolves,2021-01-02,Away,0.800,1.313,1,0
2020-21,Wolves,2021-01-12,Home,1.000,1.294,0,0
2020-21,Wolves,2021-01-16,Home,0.400,1.222,0,0
2020-21,Wolves,2021-01-27,Away,0.400,1.158,1,0
2020-21,Wolves,2021-01-30,Away,0.400,1.150,0,0
2020-21,Wolves,2021-02-02,Home,0.400,1.095,3,1
2020-21,Wolves,2021-02-07,Home,0.800,1.182,1,0
2020-21,Wolves,2021-02-14,Away,1.000,1.174,3,1
2020-21,Wolves,2021-02-19,Home,1.600,1.250,3,1
2020-21,Wolves,2021-02-27,Away,2.000,1.320,1,0
2020-21,Wolves,2021-03-02,Away,2.200,1.308,0,0
2020-21,Wolves,2021-03-06,Away,1.600,1.259,1,0
2020-21,Wolves,2021-03-15,Home,1.600,1.250,0,0
2020-21,Wolves,2021-04-05,Home,1.000,1.207,0,0
2020-21,Wolves,2021-04-09,Away,0.400,1.167,3,1
2020-21,Wolves,2021-04-17,Home,0.800,1.226,3,1
2020-21,Wolves,2021-04-25,Home,1.400,1.281,0,0
2020-21,Wolves,2021-05-03,Away,1.200,1.242,1,0
2020-21,Wolves,2021-05-09,Home,1.400,1.235,3,1
2020-21,Wolves,2021-05-16,Away,2.000,1.286,0,0
2020-21,Wolves,2021-05-19,Away,1.400,1.250,0,0
2020-21,Wolves,2021-05-23,Home,0.800,1.216,0,0
2021-22,Arsenal,2021-09-26,Home,1.200,1.200,3,1
2021-22,Arsenal,2021-10-02,Away,1.800,1.500,1,0
2021-22,Arsenal,2021-10-18,Home,2.000,1.429,1,0
2021-22,Arsenal,2021-10-22,Home,2.200,1.375,3,1
2021-22,Arsenal,2021-10-30,Away,2.200,1.556,3,1
2021-22,Arsenal,2021-11-07,Home,2.200,1.700,3,1
2021-22,Arsenal,2021-11-20,Away,2.200,1.818,0,0
2021-22,Arsenal,2021-11-27,Home,2.000,1.667,3,1
2021-22,Arsenal,2021-12-02,Away,2.400,1.769,0,0
2021-22,Arsenal,2021-12-06,Away,1.800,1.643,0,0
2021-22,Arsenal,2021-12-11,Home,1.200,1.533,3,1
2021-22,Arsenal,2021-12-15,Home,1.200,1.625,3,1
2021-22,Arsenal,2021-12-18,Away,1.800,1.706,3,1
2021-22,Arsenal,2021-12-26,Away,1.800,1.778,3,1
2021-22,Arsenal,2022-01-01,Home,2.400,1.842,0,0
2021-22,Arsenal,2022-01-23,Home,2.400,1.750,1,0
2021-22,Arsenal,2022-02-10,Away,2.000,1.714,3,1
2021-22,Arsenal,2022-02-19,Home,2.000,1.773,3,1
2021-22,Arsenal,2022-02-24,Home,2.000,1.826,3,1
2021-22,Arsenal,2022-03-06,Away,2.000,1.875,3,1
2021-22,Arsenal,2022-03-13,Home,2.600,1.920,3,1
2021-22,Arsenal,2022-03-16,Home,3.000,1.962,0,0
2021-22,Arsenal,2022-03-19,Away,2.400,1.889,3,1
2021-22,Arsenal,2022-04-04,Away,2.400,1.929,0,0
2021-22,Arsenal,2022-04-09,Home,1.800,1.862,0,0
2021-22,Arsenal,2022-04-16,Away,1.200,1.800,0,0
2021-22,Arsenal,2022-04-20,Away,0.600,1.742,3,1
2021-22,Arsenal,2022-04-23,Home,1.200,1.781,3,1
2021-22,Arsenal,2022-05-01,Away,1.200,1.818,3,1
2021-22,Arsenal,2022-05-08,Home,1.800,1.853,3,1
2021-22,Arsenal,2022-05-12,Away,2.400,1.886,0,0
2021-22,Arsenal,2022-05-16,Away,2.400,1.833,0,0
2021-22,Arsenal,2022-05-22,Home,1.800,1.784,3,1
2021-22,Aston Villa,2021-09-25,Away,1.400,1.400,3,1
2021-22,Aston Villa,2021-10-03,Away,2.000,1.667,0,0
2021-22,Aston Villa,2021-10-16,Home,1.400,1.429,0,0
2021-22,Aston Villa,2021-10-22,Away,1.200,1.250,0,0
2021-22,Aston Villa,2021-10-31,Home,1.200,1.111,0,0
2021-22,Aston Villa,2021-11-05,Away,0.600,1.000,0,0
2021-22,Aston Villa,2021-11-20,Home,0.000,0.909,3,1
2021-22,Aston Villa,2021-11-27,Away,0.600,1.083,3,1
2021-22,Aston Villa,2021-12-01,Home,1.200,1.231,0,0
2021-22,Aston Villa,2021-12-05,Home,1.200,1.143,3,1
2021-22,Aston Villa,2021-12-11,Away,1.800,1.267,0,0
2021-22,Aston Villa,2021-12-14,Away,1.800,1.188,3,1
2021-22,Aston Villa,2021-12-26,Home,1.800,1.294,0,0
2021-22,Aston Villa,2022-01-02,Away,1.200,1.222,0,0
2021-22,Aston Villa,2022-01-15,Home,1.200,1.158,1,0
2021-22,Aston Villa,2022-01-22,Away,0.800,1.150,3,1
2021-22,Aston Villa,2022-02-09,Home,1.400,1.238,1,0
2021-22,Aston Villa,2022-02-13,Away,1.000,1.227,0,0
2021-22,Aston Villa,2022-02-19,Home,1.000,1.174,0,0
2021-22,Aston Villa,2022-02-26,Away,1.000,1.125,3,1
2021-22,Aston Villa,2022-03-05,Home,1.400,1.200,3,1
2021-22,Aston Villa,2022-03-10,Away,1.400,1.269,3,1
2021-22,Aston Villa,2022-03-13,Away,1.800,1.333,0,0
2021-22,Aston Villa,2022-03-19,Home,1.800,1.286,0,0
2021-22,Aston Villa,2022-04-02,Away,1.800,1.241,0,0
2021-22,Aston Villa,2022-04-09,Home,1.200,1.200,0,0
2021-22,Aston Villa,2022-04-23,Away,0.600,1.161,1,0
2021-22,Aston Villa,2022-04-30,Home,0.200,1.156,3,1
2021-22,Aston Villa,2022-05-07,Away,0.800,1.212,3,1
2021-22,Aston Villa,2022-05-10,Home,1.400,1.265,0,0
2021-22,Aston Villa,2022-05-15,Home,1.400,1.229,1,0
2021-22,Aston Villa,2022-05-19,Home,1.600,1.222,1,0
2021-22,Aston Villa,2022-05-22,Away,1.600,1.216,0,0
2021-22,Brentford,2021-09-25,Home,1.600,1.600,1,0
2021-22,Brentford,2021-10-03,Away,1.200,1.500,3,1
2021-22,Brentford,2021-10-16,Home,1.600,1.714,0,0
2021-22,Brentford,2021-10-24,Home,1.400,1.500,0,0
2021-22,Brentford,2021-10-30,Away,1.400,1.333,0,0
2021-22,Brentford,2021-11-06,Home,0.800,1.200,0,0
2021-22,Brentford,2021-11-20,Away,0.600,1.091,1,0
2021-22,Brentford,2021-11-28,Home,0.200,1.083,3,1
2021-22,Brentford,2021-12-02,Away,0.800,1.231,0,0
2021-22,Brentford,2021-12-05,Away,0.800,1.143,1,0
2021-22,Brentford,2021-12-10,Home,1.000,1.133,3,1
2021-22,Brentford,2021-12-26,Away,1.600,1.250,0,0
2021-22,Brentford,2021-12-29,Home,1.400,1.176,0,0
2021-22,Brentford,2022-01-02,Home,0.800,1.111,3,1
2021-22,Brentford,2022-01-11,Away,1.400,1.211,0,0
2021-22,Brentford,2022-01-16,Away,1.200,1.150,0,0
2021-22,Brentford,2022-01-19,Home,0.600,1.095,0,0
2021-22,Brentford,2022-01-22,Home,0.600,1.045,0,0
2021-22,Brentford,2022-02-09,Away,0.600,1.000,0,0
2021-22,Brentford,2022-02-12,Home,0.000,0.958,1,0
2021-22,Brentford,2022-02-19,Away,0.200,0.960,0,0
2021-22,Brentford,2022-02-26,Home,0.200,0.923,0,0
2021-22,Brentford,2022-03-05,Away,0.200,0.889,3,1
2021-22,Brentford,2022-03-12,Home,0.800,0.964,3,1
2021-22,Brentford,2022-03-20,Away,1.400,1.034,0,0
2021-22,Brentford,2022-04-02,Away,1.200,1.000,3,1
2021-22,Brentford,2022-04-10,Home,1.800,1.065,3,1
2021-22,Brentford,2022-04-16,Away,2.400,1.125,3,1
2021-22,Brentford,2022-04-23,Home,2.400,1.182,1,0
2021-22,Brentford,2022-05-02,Away,2.000,1.176,0,0
2021-22,Brentford,2022-05-07,Home,2.000,1.143,3,1
2021-22,Brentford,2022-05-15,Away,2.000,1.194,3,1
2021-22,Brentford,2022-05-22,Home,2.000,1.243,0,0
2021-22,Brighton,2021-09-27,Away,2.400,2.400,1,0
2021-22,Brighton,2021-10-02,Home,2.000,2.167,1,0
2021-22,Brighton,2021-10-16,Away,1.600,2.000,1,0
2021-22,Brighton,2021-10-23,Home,1.800,1.875,0,0
2021-22,Brighton,2021-10-30,Away,1.200,1.667,1,0
2021-22,Brighton,2021-11-06,Home,0.800,1.600,1,0
2021-22,Brighton,2021-11-20,Away,0.800,1.545,0,0
2021-22,Brighton,2021-11-27,Home,0.600,1.417,1,0
2021-22,Brighton,2021-12-01,Away,0.600,1.385,1,0
2021-22,Brighton,2021-12-04,Away,0.800,1.357,1,0
2021-22,Brighton,2021-12-15,Home,0.800,1.333,0,0
2021-22,Brighton,2021-12-26,Home,0.600,1.250,3,1
2021-22,Brighton,2021-12-29,Away,1.200,1.353,1,0
2021-22,Brighton,2022-01-02,Away,1.200,1.333,3,1
2021-22,Brighton,2022-01-14,Home,1.600,1.421,1,0
2021-22,Brighton,2022-01-18,Home,1.600,1.400,1,0
2021-22,Brighton,2022-01-23,Away,1.800,1.381,1,0
2021-22,Brighton,2022-02-12,Away,1.400,1.364,3,1
2021-22,Brighton,2022-02-15,Away,1.800,1.435,0,0
2021-22,Brighton,2022-02-19,Home,1.200,1.375,0,0
2021-22,Brighton,2022-02-26,Home,1.000,1.320,0,0
2021-22,Brighton,2022-03-05,Away,0.800,1.269,0,0
2021-22,Brighton,2022-03-12,Home,0.600,1.222,0,0
2021-22,Brighton,2022-03-16,Home,0.000,1.179,0,0
2021-22,Brighton,2022-04-02,Home,0.000,1.138,1,0
2021-22,Brighton,2022-04-09,Away,0.200,1.133,3,1
2021-22,Brighton,2022-04-16,Away,0.800,1.194,3,1
2021-22,Brighton,2022-04-20,Away,1.400,1.250,0,0
2021-22,Brighton,2022-04-24,Home,1.400,1.212,1,0
2021-22,Brighton,2022-04-30,Away,1.600,1.206,3,1
2021-22,Brighton,2022-05-07,Home,2.000,1.257,3,1
2021-22,Brighton,2022-05-15,Away,2.000,1.306,1,0
2021-22,Brighton,2022-05-22,Home,1.600,1.297,3,1
2021-22,Burnley,2021-09-25,Away,0.200,0.200,1,0
2021-22,Burnley,2021-10-02,Home,0.400,0.333,1,0
2021-22,Burnley,2021-10-16,Away,0.600,0.429,0,0
2021-22,Burnley,2021-10-23,Away,0.400,0.375,1,0
2021-22,Burnley,2021-10-30,Home,0.600,0.444,3,1
2021-22,Burnley,2021-11-06,Away,1.200,0.700,1,0
2021-22,Burnley,2021-11-20,Home,1.200,0.727,1,0
2021-22,Burnley,2021-12-01,Away,1.200,0.750,1,0
2021-22,Burnley,2021-12-04,Away,1.400,0.769,0,0
2021-22,Burnley,2021-12-12,Home,1.200,0.714,1,0
2021-22,Burnley,2021-12-30,Away,0.800,0.733,0,0
2021-22,Burnley,2022-01-02,Away,0.600,0.688,0,0
2021-22,Burnley,2022-01-23,Away,0.400,0.647,1,0
2021-22,Burnley,2022-02-05,Home,0.400,0.667,1,0
2021-22,Burnley,2022-02-08,Home,0.600,0.684,1,0
2021-22,Burnley,2022-02-13,Home,0.600,0.700,0,0
2021-22,Burnley,2022-02-19,Away,0.600,0.667,3,1
2021-22,Burnley,2022-02-23,Home,1.200,0.773,3,1
2021-22,Burnley,2022-02-26,Away,1.600,0.870,1,0
2021-22,Burnley,2022-03-01,Home,1.600,0.875,0,0
2021-22,Burnley,2022-03-05,Home,1.400,0.840,0,0
2021-22,Burnley,2022-03-12,Away,1.400,0.808,0,0
2021-22,Burnley,2022-04-02,Home,0.800,0.778,0,0
2021-22,Burnley,2022-04-06,Home,0.200,0.750,3,1
2021-22,Burnley,2022-04-10,Away,0.600,0.828,0,0
2021-22,Burnley,2022-04-17,Away,0.600,0.800,1,0
2021-22,Burnley,2022-04-21,Home,0.800,0.806,3,1
2021-22,Burnley,2022-04-24,Home,1.400,0.875,3,1
2021-22,Burnley,2022-04-30,Away,2.000,0.939,3,1
2021-22,Burnley,2022-05-07,Home,2.000,1.000,0,0
2021-22,Burnley,2022-05-15,Away,2.000,0.971,0,0
2021-22,Burnley,2022-05-19,Away,1.800,0.944,1,0
2021-22,Burnley,2022-05-22,Home,1.400,0.946,0,0
2021-22,Chelsea,2021-09-25,Home,2.600,2.600,0,0
2021-22,Chelsea,2021-10-02,Home,2.000,2.167,3,1
2021-22,Chelsea,2021-10-16,Away,2.000,2.286,3,1
2021-22,Chelsea,2021-10-23,Home,2.400,2.375,3,1
2021-22,Chelsea,2021-10-30,Away,2.400,2.444,3,1
2021-22,Chelsea,2021-11-06,Home,2.400,2.500,1,0
2021-22,Chelsea,2021-11-20,Away,2.600,2.364,3,1
2021-22,Chelsea,2021-11-28,Home,2.600,2.417,1,0
2021-22,Chelsea,2021-12-01,Away,2.200,2.308,3,1
2021-22,Chelsea,2021-12-04,Away,2.200,2.357,0,0
2021-22,Chelsea,2021-12-11,Home,1.600,2.200,3,1
2021-22,Chelsea,2021-12-16,Home,2.000,2.250,1,0
2021-22,Chelsea,2021-12-19,Away,1.600,2.176,1,0
2021-22,Chelsea,2021-12-26,Away,1.600,2.111,3,1
2021-22,Chelsea,2021-12-29,Home,1.600,2.158,1,0
2021-22,Chelsea,2022-01-02,Home,1.800,2.100,1,0
2021-22,Chelsea,2022-01-15,Away,1.400,2.048,0,0
2021-22,Chelsea,2022-01-18,Away,1.200,1.955,1,0
2021-22,Chelsea,2022-01-23,Home,1.200,1.913,3,1
2021-22,Chelsea,2022-02-19,Away,1.200,1.958,3,1
2021-22,Chelsea,2022-03-05,Away,1.600,2.000,3,1
2021-22,Chelsea,2022-03-10,Away,2.000,2.038,3,1
2021-22,Chelsea,2022-03-13,Home,2.600,2.074,3,1
2021-22,Chelsea,2022-04-02,Home,3.000,2.107,0,0
2021-22,Chelsea,2022-04-09,Away,2.400,2.034,3,1
2021-22,Chelsea,2022-04-20,Home,2.400,2.067,0,0
2021-22,Chelsea,2022-04-24,Home,1.800,2.000,3,1
2021-22,Chelsea,2022-04-28,Away,1.800,2.031,1,0
2021-22,Chelsea,2022-05-01,Away,1.400,2.000,0,0
2021-22,Chelsea,2022-05-07,Home,1.400,1.941,1,0
2021-22,Chelsea,2022-05-11,Away,1.000,1.914,3,1
2021-22,Chelsea,2022-05-19,Home,1.600,1.944,1,0
2021-22,Chelsea,2022-05-22,Home,1.200,1.919,3,1
2021-22,Crystal Palace,2021-09-27,Home,1.000,1.000,1,0
2021-22,Crystal Palace,2021-10-03,Home,1.200,1.000,1,0
2021-22,Crystal Palace,2021-10-18,Away,1.200,1.000,1,0
2021-22,Crystal Palace,2021-10-23,Home,1.200,1.000,1,0
2021-22,Crystal Palace,2021-10-30,Away,0.800,1.000,3,1
2021-22,Crystal Palace,2021-11-06,Home,1.400,1.200,3,1
2021-22,Crystal Palace,2021-11-20,Away,1.800,1.364,1,0
2021-22,Crystal Palace,2021-11-27,Home,1.800,1.333,0,0
2021-22,Crystal Palace,2021-11-30,Away,1.600,1.231,0,0
2021-22,Crystal Palace,2021-12-05,Away,1.400,1.143,0,0
2021-22,Crystal Palace,2021-12-12,Home,0.800,1.067,3,1
2021-22,Crystal Palace,2021-12-15,Home,0.800,1.188,1,0
2021-22,Crystal Palace,2021-12-26,Away,0.800,1.176,0,0
2021-22,Crystal Palace,2021-12-28,Home,0.800,1.111,3,1
2021-22,Crystal Palace,2022-01-01,Home,1.400,1.211,0,0
2021-22,Crystal Palace,2022-01-14,Away,1.400,1.150,1,0
2021-22,Crystal Palace,2022-01-23,Home,1.000,1.143,0,0
2021-22,Crystal Palace,2022-02-09,Away,0.800,1.091,1,0
2021-22,Crystal Palace,2022-02-12,Away,1.000,1.087,1,0
2021-22,Crystal Palace,2022-02-19,Home,0.600,1.083,0,0
2021-22,Crystal Palace,2022-02-23,Away,0.600,1.040,3,1
2021-22,Crystal Palace,2022-02-26,Home,1.000,1.115,1,0
2021-22,Crystal Palace,2022-03-05,Away,1.200,1.111,3,1
2021-22,Crystal Palace,2022-03-14,Home,1.600,1.179,1,0
2021-22,Crystal Palace,2022-04-04,Home,1.600,1.172,3,1
2021-22,Crystal Palace,2022-04-10,Away,2.200,1.233,0,0
2021-22,Crystal Palace,2022-04-20,Away,1.600,1.194,0,0
2021-22,Crystal Palace,2022-04-25,Home,1.400,1.156,1,0
2021-22,Crystal Palace,2022-04-30,Away,1.000,1.152,3,1
2021-22,Crystal Palace,2022-05-07,Home,1.400,1.206,3,1
2021-22,Crystal Palace,2022-05-15,Away,1.400,1.257,1,0
2021-22,Crystal Palace,2022-05-19,Away,1.600,1.250,0,0
2021-22,Crystal Palace,2022-05-22,Home,1.600,1.216,3,1
2021-22,Everton,2021-09-25,Home,2.000,2.000,3,1
2021-22,Everton,2021-10-02,Away,2.000,2.167,1,0
2021-22,Everton,2021-10-17,Home,2.000,2.000,0,0
2021-22,Everton,2021-10-23,Home,1.400,1.750,0,0
2021-22,Everton,2021-11-01,Away,0.800,1.556,0,0
2021-22,Everton,2021-11-07,Home,0.800,1.400,1,0
2021-22,Everton,2021-11-21,Away,0.400,1.364,0,0
2021-22,Everton,2021-11-28,Away,0.200,1.250,0,0
2021-22,Everton,2021-12-01,Home,0.200,1.154,0,0
2021-22,Everton,2021-12-06,Home,0.200,1.071,3,1
2021-22,Everton,2021-12-12,Away,0.800,1.200,0,0
2021-22,Everton,2021-12-16,Away,0.600,1.125,1,0
2021-22,Everton,2022-01-02,Home,0.800,1.118,0,0
2021-22,Everton,2022-01-15,Away,0.800,1.056,0,0
2021-22,Everton,2022-01-22,Home,0.800,1.000,0,0
2021-22,Everton,2022-02-08,Away,0.200,0.950,0,0
2021-22,Everton,2022-02-12,Home,0.200,0.905,3,1
2021-22,Everton,2022-02-19,Away,0.600,1.000,0,0
2021-22,Everton,2022-02-26,Home,0.600,0.957,0,0
2021-22,Everton,2022-03-07,Away,0.600,0.917,0,0
2021-22,Everton,2022-03-13,Home,0.600,0.880,0,0
2021-22,Everton,2022-03-17,Home,0.600,0.846,3,1
2021-22,Everton,2022-04-03,Away,0.600,0.926,0,0
2021-22,Everton,2022-04-06,Away,0.600,0.893,0,0
2021-22,Everton,2022-04-09,Home,0.600,0.862,3,1
2021-22,Everton,2022-04-20,Home,1.200,0.933,1,0
2021-22,Everton,2022-04-24,Away,1.400,0.935,0,0
2021-22,Everton,2022-05-01,Home,0.800,0.906,3,1
2021-22,Everton,2022-05-08,Away,1.400,0.970,3,1
2021-22,Everton,2022-05-11,Away,2.000,1.029,1,0
2021-22,Everton,2022-05-15,Home,1.600,1.029,0,0
2021-22,Everton,2022-05-19,Home,1.400,1.000,3,1
2021-22,Everton,2022-05-22,Away,2.000,1.054,0,0
2021-22,Leeds,2021-09-25,Home,0.600,0.600,0,0
2021-22,Leeds,2021-10-02,Home,0.600,0.500,3,1
2021-22,Leeds,2021-10-16,Away,1.000,0.857,0,0
2021-22,Leeds,2021-10-23,Home,0.800,0.750,1,0
2021-22,Leeds,2021-10-31,Away,1.000,0.778,3,1
2021-22,Leeds,2021-11-07,Home,1.400,1.000,1,0
2021-22,Leeds,2021-11-21,Away,1.600,1.000,0,0
2021-22,Leeds,2021-11-27,Away,1.000,0.917,1,0
2021-22,Leeds,2021-11-30,Home,1.200,0.923,3,1
2021-22,Leeds,2021-12-05,Home,1.600,1.071,1,0
2021-22,Leeds,2021-12-11,Away,1.200,1.067,0,0
2021-22,Leeds,2021-12-14,Away,1.000,1.000,0,0
2021-22,Leeds,2021-12-18,Home,1.000,0.941,0,0
2021-22,Leeds,2022-01-02,Home,0.800,0.889,3,1
2021-22,Leeds,2022-01-16,Away,0.800,1.000,3,1
2021-22,Leeds,2022-01-22,Home,1.200,1.100,0,0
2021-22,Leeds,2022-02-09,Away,1.200,1.048,1,0
2021-22,Leeds,2022-02-12,Away,1.400,1.045,0,0
2021-22,Leeds,2022-02-20,Home,1.400,1.000,0,0
2021-22,Leeds,2022-02-23,Away,0.800,0.958,0,0
2021-22,Leeds,2022-02-26,Home,0.200,0.920,0,0
2021-22,Leeds,2022-03-05,Away,0.200,0.885,0,0
2021-22,Leeds,2022-03-10,Home,0.000,0.852,0,0
2021-22,Leeds,2022-03-13,Home,0.000,0.821,3,1
2021-22,Leeds,2022-03-18,Away,0.600,0.897,3,1
2021-22,Leeds,2022-04-02,Home,1.200,0.967,1,0
2021-22,Leeds,2022-04-09,Away,1.400,0.968,3,1
2021-22,Leeds,2022-04-25,Away,2.000,1.031,1,0
2021-22,Leeds,2022-04-30,Home,2.200,1.030,0,0
2021-22,Leeds,2022-05-08,Away,1.600,1.000,0,0
2021-22,Leeds,2022-05-11,Home,1.000,0.971,0,0
2021-22,Leeds,2022-05-15,Home,0.800,0.944,1,0
2021-22,Leeds,2022-05-22,Away,0.400,0.946,3,1
2021-22,Leicester,2021-09-25,Home,1.200,1.200,1,0
2021-22,Leicester,2021-10-03,Away,0.800,1.167,1,0
2021-22,Leicester,2021-10-16,Home,1.000,1.143,3,1
2021-22,Leicester,2021-10-24,Away,1.000,1.375,3,1
2021-22,Leicester,2021-10-30,Home,1.600,1.556,0,0
2021-22,Leicester,2021-11-07,Away,1.600,1.400,1,0
2021-22,Leicester,2021-11-20,Home,1.600,1.364,0,0
2021-22,Leicester,2021-11-28,Home,1.400,1.250,3,1
2021-22,Leicester,2021-12-01,Away,1.400,1.385,1,0
2021-22,Leicester,2021-12-05,Away,1.000,1.357,0,0
2021-22,Leicester,2021-12-12,Home,1.000,1.267,3,1
2021-22,Leicester,2021-12-26,Away,1.400,1.375,0,0
2021-22,Leicester,2021-12-28,Home,1.400,1.294,3,1
2021-22,Leicester,2022-01-19,Home,1.400,1.389,0,0
2021-22,Leicester,2022-01-23,Home,1.200,1.316,1,0
2021-22,Leicester,2022-02-10,Away,1.400,1.300,0,0
2021-22,Leicester,2022-02-13,Home,0.800,1.238,1,0
2021-22,Leicester,2022-02-20,Away,1.000,1.227,0,0
2021-22,Leicester,2022-03-01,Away,0.400,1.174,3,1
2021-22,Leicester,2022-03-05,Home,1.000,1.250,3,1
2021-22,Leicester,2022-03-13,Away,1.400,1.320,0,0
2021-22,Leicester,2022-03-20,Home,1.400,1.269,3,1
2021-22,Leicester,2022-04-02,Away,1.800,1.333,1,0
2021-22,Leicester,2022-04-10,Home,2.000,1.321,3,1
2021-22,Leicester,2022-04-17,Away,2.000,1.379,0,0
2021-22,Leicester,2022-04-20,Away,1.400,1.333,1,0
2021-22,Leicester,2022-04-23,Home,1.600,1.323,1,0
2021-22,Leicester,2022-05-01,Away,1.200,1.313,0,0
2021-22,Leicester,2022-05-08,Home,1.000,1.273,0,0
2021-22,Leicester,2022-05-11,Home,0.400,1.235,3,1
2021-22,Leicester,2022-05-15,Away,1.000,1.286,3,1
2021-22,Leicester,2022-05-19,Away,1.400,1.333,1,0
2021-22,Leicester,2022-05-22,Home,1.400,1.324,3,1
2021-22,Liverpool,2021-09-25,Away,2.600,2.600,1,0
2021-22,Liverpool,2021-10-03,Home,2.200,2.333,1,0
2021-22,Liverpool,2021-10-16,Away,1.800,2.143,3,1
2021-22,Liverpool,2021-10-24,Away,2.200,2.250,3,1
2021-22,Liverpool,2021-10-30,Home,2.200,2.333,1,0
2021-22,Liverpool,2021-11-07,Away,1.800,2.200,0,0
2021-22,Liverpool,2021-11-20,Home,1.600,2.000,3,1
2021-22,Liverpool,2021-11-27,Home,2.000,2.083,3,1
2021-22,Liverpool,2021-12-01,Away,2.000,2.154,3,1
2021-22,Liverpool,2021-12-04,Away,2.000,2.214,3,1
2021-22,Liverpool,2021-12-11,Home,2.400,2.267,3,1
2021-22,Liverpool,2021-12-16,Home,3.000,2.313,3,1
2021-22,Liverpool,2021-12-19,Away,3.000,2.353,1,0
2021-22,Liverpool,2021-12-28,Away,2.600,2.278,0,0
2021-22,Liverpool,2022-01-02,Away,2.000,2.158,1,0
2021-22,Liverpool,2022-01-16,Home,1.600,2.100,3,1
2021-22,Liverpool,2022-01-23,Away,1.600,2.143,3,1
2021-22,Liverpool,2022-02-10,Home,1.600,2.182,3,1
2021-22,Liverpool,2022-02-13,Away,2.000,2.217,3,1
2021-22,Liverpool,2022-02-19,Home,2.600,2.250,3,1
2021-22,Liverpool,2022-02-23,Home,3.000,2.280,3,1
2021-22,Liverpool,2022-03-05,Home,3.000,2.308,3,1
2021-22,Liverpool,2022-03-12,Away,3.000,2.333,3,1
2021-22,Liverpool,2022-03-16,Away,3.000,2.357,3,1
2021-22,Liverpool,2022-04-02,Home,3.000,2.379,3,1
2021-22,Liverpool,2022-04-10,Away,3.000,2.400,1,0
2021-22,Liverpool,2022-04-19,Home,2.600,2.355,3,1
2021-22,Liverpool,2022-04-24,Home,2.600,2.375,3,1
2021-22,Liverpool,2022-04-30,Away,2.600,2.394,3,1
2021-22,Liverpool,2022-05-07,Home,2.600,2.412,1,0
2021-22,Liverpool,2022-05-10,Away,2.200,2.371,3,1
2021-22,Liverpool,2022-05-17,Away,2.600,2.389,3,1
2021-22,Liverpool,2022-05-22,Home,2.600,2.405,3,1
2021-22,Man City,2021-09-25,Away,2.000,2.000,3,1
2021-22,Man City,2021-10-03,Away,2.600,2.167,1,0
2021-22,Man City,2021-10-16,Home,2.200,2.000,3,1
2021-22,Man City,2021-10-23,Away,2.200,2.125,3,1
2021-22,Man City,2021-10-30,Home,2.200,2.222,0,0
2021-22,Man City,2021-11-06,Away,2.000,2.000,3,1
2021-22,Man City,2021-11-21,Home,2.000,2.091,3,1
2021-22,Man City,2021-11-28,Home,2.400,2.167,3,1
2021-22,Man City,2021-12-01,Away,2.400,2.231,3,1
2021-22,Man City,2021-12-04,Away,2.400,2.286,3,1
2021-22,Man City,2021-12-11,Home,3.000,2.333,3,1
2021-22,Man City,2021-12-14,Home,3.000,2.375,3,1
2021-22,Man City,2021-12-19,Away,3.000,2.412,3,1
2021-22,Man City,2021-12-26,Home,3.000,2.444,3,1
2021-22,Man City,2021-12-29,Away,3.000,2.474,3,1
2021-22,Man City,2022-01-01,Away,3.000,2.500,3,1
2021-22,Man City,2022-01-15,Home,3.000,2.524,3,1
2021-22,Man City,2022-01-22,Away,3.000,2.545,1,0
2021-22,Man City,2022-02-09,Home,2.600,2.478,3,1
2021-22,Man City,2022-02-12,Away,2.600,2.500,3,1
2021-22,Man City,2022-02-19,Home,2.600,2.520,0,0
2021-22,Man City,2022-02-26,Away,2.000,2.423,3,1
2021-22,Man City,2022-03-06,Home,2.000,2.444,3,1
2021-22,Man City,2022-03-14,Away,2.400,2.464,1,0
2021-22,Man City,2022-04-02,Away,2.000,2.414,3,1
2021-22,Man City,2022-04-10,Home,2.000,2.433,1,0
2021-22,Man City,2022-04-20,Home,2.200,2.387,3,1
2021-22,Man City,2022-04-23,Home,2.200,2.406,3,1
2021-22,Man City,2022-04-30,Away,2.200,2.424,3,1
2021-22,Man City,2022-05-08,Home,2.600,2.441,3,1
2021-22,Man City,2022-05-11,Away,2.600,2.457,3,1
2021-22,Man City,2022-05-15,Away,3.000,2.472,1,0
2021-22,Man City,2022-05-22,Home,2.600,2.432,3,1
2021-22,Man United,2021-09-25,Home,2.600,2.600,0,0
2021-22,Man United,2021-10-02,Home,2.000,2.167,1,0
2021-22,Man United,2021-10-16,Away,2.000,2.000,0,0
2021-22,Man United,2021-10-24,Home,1.400,1.750,0,0
2021-22,Man United,2021-10-30,Away,0.800,1.556,3,1
2021-22,Man United,2021-11-06,Home,0.800,1.700,0,0
2021-22,Man United,2021-11-20,Away,0.800,1.545,0,0
2021-22,Man United,2021-11-28,Away,0.600,1.417,1,0
2021-22,Man United,2021-12-02,Home,0.800,1.385,3,1
2021-22,Man United,2021-12-05,Home,1.400,1.500,3,1
2021-22,Man United,2021-12-11,Away,1.400,1.600,3,1
2021-22,Man United,2021-12-27,Away,2.000,1.688,1,0
2021-22,Man United,2021-12-30,Home,2.200,1.647,3,1
2021-22,Man United,2022-01-03,Home,2.600,1.722,0,0
2021-22,Man United,2022-01-15,Away,2.000,1.632,1,0
2021-22,Man United,2022-01-19,Away,1.600,1.600,3,1
2021-22,Man United,2022-01-22,Home,1.600,1.667,3,1
2021-22,Man United,2022-02-08,Away,2.000,1.727,1,0
2021-22,Man United,2022-02-12,Home,1.600,1.696,1,0
2021-22,Man United,2022-02-15,Home,1.800,1.667,3,1
2021-22,Man United,2022-02-20,Away,2.200,1.720,3,1
2021-22,Man United,2022-02-26,Home,2.200,1.769,1,0
2021-22,Man United,2022-03-06,Away,1.800,1.741,0,0
2021-22,Man United,2022-03-12,Home,1.600,1.679,3,1
2021-22,Man United,2022-04-02,Home,2.000,1.724,1,0
2021-22,Man United,2022-04-09,Away,1.600,1.700,0,0
2021-22,Man United,2022-04-16,Home,1.000,1.645,3,1
2021-22,Man United,2022-04-19,Away,1.400,1.688,0,0
2021-22,Man United,2022-04-23,Away,1.400,1.636,0,0
2021-22,Man United,2022-04-28,Home,0.800,1.588,1,0
2021-22,Man United,2022-05-02,Home,0.800,1.571,3,1
2021-22,Man United,2022-05-07,Away,1.400,1.611,0,0
2021-22,Man United,2022-05-22,Away,0.800,1.568,0,0
2021-22,Newcastle,2021-09-25,Away,0.400,0.400,1,0
2021-22,Newcastle,2021-10-02,Away,0.600,0.500,0,0
2021-22,Newcastle,2021-10-17,Home,0.600,0.429,0,0
2021-22,Newcastle,2021-10-23,Away,0.400,0.375,1,0
2021-22,Newcastle,2021-10-30,Home,0.600,0.444,0,0
2021-22,Newcastle,2021-11-06,Away,0.400,0.400,1,0
2021-22,Newcastle,2021-11-20,Home,0.400,0.455,1,0
2021-22,Newcastle,2021-11-27,Away,0.600,0.500,0,0
2021-22,Newcastle,2021-11-30,Home,0.600,0.462,1,0
2021-22,Newcastle,2021-12-04,Home,0.600,0.500,3,1
2021-22,Newcastle,2021-12-12,Away,1.200,0.667,0,0
2021-22,Newcastle,2021-12-16,Away,1.000,0.625,0,0
2021-22,Newcastle,2021-12-19,Home,0.800,0.588,0,0
2021-22,Newcastle,2021-12-27,Home,0.800,0.556,1,0
2021-22,Newcastle,2022-01-15,Home,0.800,0.579,1,0
2021-22,Newcastle,2022-01-22,Away,0.400,0.600,3,1
2021-22,Newcastle,2022-02-08,Home,1.000,0.714,3,1
2021-22,Newcastle,2022-02-13,Home,1.600,0.818,3,1
2021-22,Newcastle,2022-02-19,Away,2.200,0.913,1,0
2021-22,Newcastle,2022-02-26,Away,2.200,0.917,3,1
2021-22,Newcastle,2022-03-05,Home,2.600,1.000,3,1
2021-22,Newcastle,2022-03-10,Away,2.600,1.077,3,1
2021-22,Newcastle,2022-03-13,Away,2.600,1.148,0,0
2021-22,Newcastle,2022-03-17,Away,2.000,1.107,0,0
2021-22,Newcastle,2022-04-03,Away,1.800,1.069,0,0
2021-22,Newcastle,2022-04-08,Home,1.200,1.033,3,1
2021-22,Newcastle,2022-04-17,Home,1.200,1.097,3,1
2021-22,Newcastle,2022-04-20,Home,1.200,1.156,3,1
2021-22,Newcastle,2022-04-23,Away,1.800,1.212,3,1
2021-22,Newcastle,2022-04-30,Home,2.400,1.265,0,0
2021-22,Newcastle,2022-05-08,Away,2.400,1.229,0,0
2021-22,Newcastle,2022-05-16,Home,1.800,1.194,3,1
2021-22,Newcastle,2022-05-22,Away,1.800,1.243,3,1
2021-22,Norwich,2021-09-25,Away,0.000,0.000,0,0
2021-22,Norwich,2021-10-02,Away,0.000,0.000,1,0
2021-22,Norwich,2021-10-16,Home,0.200,0.143,1,0
2021-22,Norwich,2021-10-23,Away,0.400,0.250,0,0
2021-22,Norwich,2021-10-31,Home,0.400,0.222,0,0
2021-22,Norwich,2021-11-06,Away,0.400,0.200,3,1
2021-22,Norwich,2021-11-20,Home,1.000,0.455,3,1
2021-22,Norwich,2021-11-27,Home,1.400,0.667,1,0
2021-22,Norwich,2021-11-30,Away,1.400,0.692,1,0
2021-22,Norwich,2021-12-05,Away,1.600,0.714,0,0
2021-22,Norwich,2021-12-11,Home,1.600,0.667,0,0
2021-22,Norwich,2021-12-14,Home,1.000,0.625,0,0
2021-22,Norwich,2021-12-26,Home,0.400,0.588,0,0
2021-22,Norwich,2021-12-28,Away,0.200,0.556,0,0
2021-22,Norwich,2022-01-12,Away,0.000,0.526,0,0
2021-22,Norwich,2022-01-15,Home,0.000,0.500,3,1
2021-22,Norwich,2022-01-21,Away,0.600,0.619,3,1
2021-22,Norwich,2022-02-09,Home,1.200,0.727,1,0
2021-22,Norwich,2022-02-12,Home,1.400,0.739,0,0
2021-22,Norwich,2022-02-19,Away,1.400,0.708,0,0
2021-22,Norwich,2022-02-25,Away,1.400,0.680,0,0
2021-22,Norwich,2022-03-05,Home,0.800,0.654,0,0
2021-22,Norwich,2022-03-10,Home,0.200,0.630,0,0
2021-22,Norwich,2022-03-13,Away,0.000,0.607,0,0
2021-22,Norwich,2022-04-02,Away,0.000,0.586,1,0
2021-22,Norwich,2022-04-10,Home,0.200,0.600,3,1
2021-22,Norwich,2022-04-16,Away,0.800,0.677,0,0
2021-22,Norwich,2022-04-23,Home,0.800,0.656,0,0
2021-22,Norwich,2022-04-30,Away,0.800,0.636,0,0
2021-22,Norwich,2022-05-08,Home,0.800,0.618,0,0
2021-22,Norwich,2022-05-11,Away,0.600,0.600,0,0
2021-22,Norwich,2022-05-15,Away,0.000,0.583,1,0
2021-22,Norwich,2022-05-22,Home,0.200,0.595,0,0
2021-22,Southampton,2021-09-26,Home,0.800,0.800,0,0
2021-22,Southampton,2021-10-02,Away,0.800,0.667,0,0
2021-22,Southampton,2021-10-16,Home,0.600,0.571,3,1
2021-22,Southampton,2021-10-23,Home,1.000,0.875,1,0
2021-22,Southampton,2021-10-30,Away,1.000,0.889,3,1
2021-22,Southampton,2021-11-05,Home,1.400,1.100,3,1
2021-22,Southampton,2021-11-20,Away,2.000,1.273,0,0
2021-22,Southampton,2021-11-27,Away,2.000,1.167,0,0
2021-22,Southampton,2021-12-01,Home,1.400,1.077,1,0
2021-22,Southampton,2021-12-04,Home,1.400,1.071,1,0
2021-22,Southampton,2021-12-11,Away,1.000,1.067,0,0
2021-22,Southampton,2021-12-15,Away,0.400,1.000,1,0
2021-22,Southampton,2021-12-26,Away,0.600,1.000,3,1
2021-22,Southampton,2021-12-28,Home,1.200,1.111,1,0
2021-22,Southampton,2022-01-11,Home,1.200,1.105,3,1
2021-22,Southampton,2022-01-15,Away,1.600,1.200,0,0
2021-22,Southampton,2022-01-22,Home,1.600,1.143,1,0
2021-22,Southampton,2022-02-09,Away,1.600,1.136,3,1
2021-22,Southampton,2022-02-12,Away,1.600,1.217,1,0
2021-22,Southampton,2022-02-19,Home,1.600,1.208,3,1
2021-22,Southampton,2022-02-25,Home,1.600,1.280,3,1
2021-22,Southampton,2022-03-05,Away,2.200,1.346,0,0
2021-22,Southampton,2022-03-10,Home,2.000,1.296,0,0
2021-22,Southampton,2022-03-13,Home,1.400,1.250,0,0
2021-22,Southampton,2022-04-02,Away,1.200,1.207,1,0
2021-22,Southampton,2022-04-09,Home,0.800,1.200,0,0
2021-22,Southampton,2022-04-16,Home,0.200,1.161,3,1
2021-22,Southampton,2022-04-21,Away,0.800,1.219,0,0
2021-22,Southampton,2022-04-24,Away,0.800,1.182,1,0
2021-22,Southampton,2022-04-30,Home,1.000,1.176,0,0
2021-22,Southampton,2022-05-07,Away,0.800,1.143,0,0
2021-22,Southampton,2022-05-17,Home,0.800,1.111,0,0
2021-22,Southampton,2022-05-22,Away,0.200,1.081,0,0
2021-22,Tottenham,2021-09-26,Away,1.800,1.800,0,0
2021-22,Tottenham,2021-10-03,Home,1.200,1.500,3,1
2021-22,Tottenham,2021-10-17,Away,1.200,1.714,3,1
2021-22,Tottenham,2021-10-24,Away,1.200,1.875,0,0
2021-22,Tottenham,2021-10-30,Home,1.200,1.667,0,0
2021-22,Tottenham,2021-11-07,Away,1.200,1.500,1,0
2021-22,Tottenham,2021-11-21,Home,1.400,1.455,3,1
2021-22,Tottenham,2021-12-02,Home,1.400,1.583,3,1
2021-22,Tottenham,2021-12-05,Home,1.400,1.692,3,1
2021-22,Tottenham,2021-12-19,Home,2.000,1.786,1,0
2021-22,Tottenham,2021-12-26,Home,2.200,1.733,3,1
2021-22,Tottenham,2021-12-28,Away,2.600,1.813,1,0
2021-22,Tottenham,2022-01-01,Away,2.200,1.765,3,1
2021-22,Tottenham,2022-01-19,Away,2.200,1.833,3,1
2021-22,Tottenham,2022-01-23,Away,2.200,1.895,0,0
2021-22,Tottenham,2022-02-09,Home,2.000,1.800,0,0
2021-22,Tottenham,2022-02-13,Home,1.400,1.714,0,0
2021-22,Tottenham,2022-02-19,Away,1.200,1.636,3,1
2021-22,Tottenham,2022-02-23,Away,1.200,1.696,0,0
2021-22,Tottenham,2022-02-26,Away,0.600,1.625,3,1
2021-22,Tottenham,2022-03-07,Home,1.200,1.680,3,1
2021-22,Tottenham,2022-03-12,Away,1.800,1.731,0,0
2021-22,Tottenham,2022-03-16,Away,1.800,1.667,3,1
2021-22,Tottenham,2022-03-20,Home,1.800,1.714,3,1
2021-22,Tottenham,2022-04-03,Home,2.400,1.759,3,1
2021-22,Tottenham,2022-04-09,Away,2.400,1.800,3,1
2021-22,Tottenham,2022-04-16,Home,2.400,1.839,0,0
2021-22,Tottenham,2022-04-23,Away,2.400,1.781,1,0
2021-22,Tottenham,2022-05-01,Home,2.000,1.758,3,1
2021-22,Tottenham,2022-05-07,Away,2.000,1.794,1,0
2021-22,Tottenham,2022-05-12,Home,1.600,1.771,3,1
2021-22,Tottenham,2022-05-15,Home,1.600,1.806,3,1
2021-22,Tottenham,2022-05-22,Away,2.200,1.838,3,1
2021-22,Watford,2021-09-25,Home,1.200,1.200,1,0
2021-22,Watford,2021-10-02,Away,0.800,1.167,0,0
2021-22,Watford,2021-10-16,Home,0.800,1.000,0,0
2021-22,Watford,2021-10-23,Away,0.800,0.875,3,1
2021-22,Watford,2021-10-30,Home,1.400,1.111,0,0
2021-22,Watford,2021-11-07,Away,0.800,1.000,0,0
2021-22,Watford,2021-11-20,Home,0.600,0.909,3,1
2021-22,Watford,2021-11-28,Away,1.200,1.083,0,0
2021-22,Watford,2021-12-01,Home,1.200,1.000,0,0
2021-22,Watford,2021-12-04,Home,0.600,0.929,0,0
2021-22,Watford,2021-12-10,Away,0.600,0.867,0,0
2021-22,Watford,2021-12-28,Home,0.600,0.813,0,0
2021-22,Watford,2022-01-01,Home,0.000,0.765,0,0
2021-22,Watford,2022-01-15,Away,0.000,0.722,1,0
2021-22,Watford,2022-01-21,Home,0.200,0.737,0,0
2021-22,Watford,2022-02-05,Away,0.200,0.700,1,0
2021-22,Watford,2022-02-08,Away,0.400,0.714,0,0
2021-22,Watford,2022-02-12,Home,0.400,0.682,0,0
2021-22,Watford,2022-02-19,Away,0.400,0.652,3,1
2021-22,Watford,2022-02-23,Home,0.800,0.750,0,0
2021-22,Watford,2022-02-26,Away,0.800,0.720,1,0
2021-22,Watford,2022-03-06,Home,0.800,0.731,0,0
2021-22,Watford,2022-03-10,Away,0.800,0.704,0,0
2021-22,Watford,2022-03-13,Away,0.800,0.679,3,1
2021-22,Watford,2022-04-02,Away,0.800,0.759,0,0
2021-22,Watford,2022-04-09,Home,0.800,0.733,0,0
2021-22,Watford,2022-04-16,Home,0.600,0.710,0,0
2021-22,Watford,2022-04-23,Away,0.600,0.688,0,0
2021-22,Watford,2022-04-30,Home,0.600,0.667,0,0
2021-22,Watford,2022-05-07,Away,0.000,0.647,0,0
2021-22,Watford,2022-05-11,Home,0.000,0.629,1,0
2021-22,Watford,2022-05-15,Home,0.200,0.639,0,0
2021-22,Watford,2022-05-22,Away,0.200,0.622,0,0
2021-22,West Ham,2021-09-25,Away,1.600,1.600,3,1
2021-22,West Ham,2021-10-03,Home,1.600,1.833,0,0
2021-22,West Ham,2021-10-17,Away,1.000,1.571,3,1
2021-22,West Ham,2021-10-24,Home,1.400,1.750,3,1
2021-22,West Ham,2021-10-31,Away,1.800,1.889,3,1
2021-22,West Ham,2021-11-07,Home,2.400,2.000,3,1
2021-22,West Ham,2021-11-20,Away,2.400,2.091,0,0
2021-22,West Ham,2021-11-28,Away,2.400,1.917,0,0
2021-22,West Ham,2021-12-01,Home,1.800,1.769,1,0
2021-22,West Ham,2021-12-04,Home,1.400,1.714,3,1
2021-22,West Ham,2021-12-12,Away,1.400,1.800,1,0
2021-22,West Ham,2021-12-15,Away,1.000,1.750,0,0
2021-22,West Ham,2021-12-26,Home,1.000,1.647,0,0
2021-22,West Ham,2021-12-28,Away,1.000,1.556,3,1
2021-22,West Ham,2022-01-01,Away,1.400,1.632,3,1
2021-22,West Ham,2022-01-12,Home,1.400,1.700,3,1
2021-22,West Ham,2022-01-16,Home,1.800,1.762,0,0
2021-22,West Ham,2022-01-22,Away,1.800,1.682,0,0
2021-22,West Ham,2022-02-08,Home,1.800,1.609,3,1
2021-22,West Ham,2022-02-13,Away,1.800,1.667,1,0
2021-22,West Ham,2022-02-19,Home,1.400,1.640,1,0
2021-22,West Ham,2022-02-27,Home,1.000,1.615,3,1
2021-22,West Ham,2022-03-05,Away,1.600,1.667,0,0
2021-22,West Ham,2022-03-13,Home,1.600,1.607,3,1
2021-22,West Ham,2022-03-20,Away,1.600,1.655,0,0
2021-22,West Ham,2022-04-03,Home,1.400,1.600,3,1
2021-22,West Ham,2022-04-10,Away,1.800,1.645,0,0
2021-22,West Ham,2022-04-17,Home,1.200,1.594,1,0
2021-22,West Ham,2022-04-24,Away,1.400,1.576,0,0
2021-22,West Ham,2022-05-01,Home,0.800,1.529,0,0
2021-22,West Ham,2022-05-08,Away,0.800,1.486,3,1
2021-22,West Ham,2022-05-15,Home,0.800,1.528,1,0
2021-22,West Ham,2022-05-22,Away,1.000,1.514,0,0
2021-22,Wolves,2021-09-26,Away,0.600,0.600,3,1
2021-22,Wolves,2021-10-02,Home,1.200,1.000,3,1
2021-22,Wolves,2021-10-16,Away,1.800,1.286,3,1
2021-22,Wolves,2021-10-23,Away,2.400,1.500,1,0
2021-22,Wolves,2021-11-01,Home,2.000,1.444,3,1
2021-22,Wolves,2021-11-06,Away,2.600,1.600,0,0
2021-22,Wolves,2021-11-20,Home,2.000,1.455,3,1
2021-22,Wolves,2021-11-27,Away,2.000,1.583,1,0
2021-22,Wolves,2021-12-01,Home,1.600,1.538,1,0
2021-22,Wolves,2021-12-04,Home,1.600,1.500,0,0
2021-22,Wolves,2021-12-11,Away,1.000,1.400,0,0
2021-22,Wolves,2021-12-15,Away,1.000,1.313,3,1
2021-22,Wolves,2021-12-19,Home,1.000,1.412,1,0
2021-22,Wolves,2022-01-03,Away,1.000,1.389,3,1
2021-22,Wolves,2022-01-15,Home,1.400,1.474,3,1
2021-22,Wolves,2022-01-22,Away,2.000,1.550,3,1
2021-22,Wolves,2022-02-10,Home,2.600,1.619,0,0
2021-22,Wolves,2022-02-13,Away,2.000,1.545,3,1
2021-22,Wolves,2022-02-20,Home,2.400,1.609,3,1
2021-22,Wolves,2022-02-24,Away,2.400,1.667,0,0
2021-22,Wolves,2022-02-27,Away,1.800,1.600,0,0
2021-22,Wolves,2022-03-05,Home,1.200,1.538,0,0
2021-22,Wolves,2022-03-10,Home,1.200,1.481,3,1
2021-22,Wolves,2022-03-13,Away,1.200,1.536,3,1
2021-22,Wolves,2022-03-18,Home,1.200,1.586,0,0
2021-22,Wolves,2022-04-02,Home,1.200,1.533,3,1
2021-22,Wolves,2022-04-08,Away,1.800,1.581,0,0
2021-22,Wolves,2022-04-24,Away,1.800,1.531,0,0
2021-22,Wolves,2022-04-30,Home,1.200,1.485,0,0
2021-22,Wolves,2022-05-07,Away,0.600,1.441,1,0
2021-22,Wolves,2022-05-11,Home,0.800,1.429,0,0
2021-22,Wolves,2022-05-15,Home,0.200,1.389,1,0
2021-22,Wolves,2022-05-22,Away,0.400,1.378,0,0
2022-23,Arsenal,2022-09-04,Away,3.000,3.000,0,0
2022-23,Arsenal,2022-09-18,Away,2.400,2.500,3,1
2022-23,Arsenal,2022-10-01,Home,2.400,2.571,3,1
2022-23,Arsenal,2022-10-09,Home,2.400,2.625,3,1
2022-23,Arsenal,2022-10-16,Away,2.400,2.667,3,1
2022-23,Arsenal,2022-10-23,Away,2.400,2.700,1,0
2022-23,Arsenal,2022-10-30,Home,2.600,2.545,3,1
2022-23,Arsenal,2022-11-06,Away,2.600,2.583,3,1
2022-23,Arsenal,2022-11-12,Away,2.600,2.615,3,1
2022-23,Arsenal,2022-12-26,Home,2.600,2.643,3,1
2022-23,Arsenal,2022-12-31,Away,2.600,2.667,3,1
2022-23,Arsenal,2023-01-03,Home,3.000,2.688,1,0
2022-23,Arsenal,2023-01-15,Away,2.600,2.588,3,1
2022-23,Arsenal,2023-01-22,Home,2.600,2.611,3,1
2022-23,Arsenal,2023-02-04,Away,2.600,2.632,0,0
2022-23,Arsenal,2023-02-11,Home,2.000,2.500,1,0
2022-23,Arsenal,2023-02-15,Home,1.600,2.429,0,0
2022-23,Arsenal,2023-02-18,Away,1.400,2.318,3,1
2022-23,Arsenal,2023-02-25,Away,1.400,2.348,3,1
2022-23,Arsenal,2023-03-01,Home,1.400,2.375,3,1
2022-23,Arsenal,2023-03-04,Home,2.000,2.400,3,1
2022-23,Arsenal,2023-03-12,Away,2.400,2.423,3,1
2022-23,Arsenal,2023-03-19,Home,3.000,2.444,3,1
2022-23,Arsenal,2023-04-01,Home,3.000,2.464,3,1
2022-23,Arsenal,2023-04-09,Away,3.000,2.483,1,0
2022-23,Arsenal,2023-04-16,Away,2.600,2.433,1,0
2022-23,Arsenal,2023-04-21,Home,2.200,2.387,1,0
2022-23,Arsenal,2023-04-26,Away,1.800,2.344,0,0
2022-23,Arsenal,2023-05-02,Home,1.200,2.273,3,1
2022-23,Arsenal,2023-05-07,Away,1.200,2.294,3,1
2022-23,Arsenal,2023-05-14,Home,1.600,2.314,0,0
2022-23,Arsenal,2023-05-20,Away,1.400,2.250,0,0
2022-23,Arsenal,2023-05-28,Home,1.200,2.189,3,1
2022-23,Aston Villa,2022-09-03,Home,0.600,0.600,1,0
2022-23,Aston Villa,2022-09-16,Home,0.800,0.667,3,1
2022-23,Aston Villa,2022-10-02,Away,0.800,1.000,1,0
2022-23,Aston Villa,2022-10-10,Away,1.000,1.000,1,0
2022-23,Aston Villa,2022-10-16,Home,1.200,1.000,0,0
2022-23,Aston Villa,2022-10-20,Away,1.200,0.900,0,0
2022-23,Aston Villa,2022-10-23,Home,1.000,0.818,3,1
2022-23,Aston Villa,2022-10-29,Away,1.000,1.000,0,0
2022-23,Aston Villa,2022-11-06,Home,0.800,0.923,3,1
2022-23,Aston Villa,2022-11-13,Away,1.200,1.071,3,1
2022-23,Aston Villa,2022-12-26,Home,1.800,1.200,0,0
2022-23,Aston Villa,2023-01-01,Away,1.800,1.125,3,1
2022-23,Aston Villa,2023-01-04,Home,1.800,1.235,1,0
2022-23,Aston Villa,2023-01-13,Home,2.000,1.222,3,1
2022-23,Aston Villa,2023-01-21,Away,2.000,1.316,3,1
2022-23,Aston Villa,2023-02-04,Home,2.000,1.400,0,0
2022-23,Aston Villa,2023-02-12,Away,2.000,1.333,0,0
2022-23,Aston Villa,2023-02-18,Home,1.400,1.273,0,0
2022-23,Aston Villa,2023-02-25,Away,1.200,1.217,3,1
2022-23,Aston Villa,2023-03-04,Home,1.200,1.292,3,1
2022-23,Aston Villa,2023-03-12,Away,1.200,1.360,1,0
2022-23,Aston Villa,2023-03-18,Home,1.400,1.346,3,1
2022-23,Aston Villa,2023-04-01,Away,2.000,1.407,3,1
2022-23,Aston Villa,2023-04-04,Away,2.600,1.464,3,1
2022-23,Aston Villa,2023-04-08,Home,2.600,1.517,3,1
2022-23,Aston Villa,2023-04-15,Home,2.600,1.567,3,1
2022-23,Aston Villa,2023-04-22,Away,3.000,1.613,1,0
2022-23,Aston Villa,2023-04-25,Home,2.600,1.594,3,1
2022-23,Aston Villa,2023-04-30,Away,2.600,1.636,0,0
2022-23,Aston Villa,2023-05-06,Away,2.000,1.588,0,0
2022-23,Aston Villa,2023-05-13,Home,1.400,1.543,3,1
2022-23,Aston Villa,2023-05-20,Away,1.400,1.583,1,0
2022-23,Aston Villa,2023-05-28,Home,1.400,1.568,3,1
2022-23,Bournemouth,2022-09-03,Away,0.800,0.800,3,1
2022-23,Bournemouth,2022-09-17,Away,0.800,1.167,1,0
2022-23,Bournemouth,2022-10-01,Home,1.000,1.143,1,0
2022-23,Bournemouth,2022-10-08,Home,1.200,1.125,3,1
2022-23,Bournemouth,2022-10-15,Away,1.800,1.333,1,0
2022-23,Bournemouth,2022-10-19,Home,1.800,1.300,0,0
2022-23,Bournemouth,2022-10-24,Away,1.200,1.182,0,0
2022-23,Bournemouth,2022-10-29,Home,1.000,1.083,0,0
2022-23,Bournemouth,2022-11-05,Away,0.800,1.000,0,0
2022-23,Bournemouth,2022-11-12,Home,0.200,0.929,3,1
2022-23,Bournemouth,2022-12-27,Away,0.600,1.067,0,0
2022-23,Bournemouth,2022-12-31,Home,0.600,1.000,0,0
2022-23,Bournemouth,2023-01-03,Away,0.600,0.941,0,0
2022-23,Bournemouth,2023-01-14,Away,0.600,0.889,0,0
2022-23,Bournemouth,2023-01-21,Home,0.600,0.842,1,0
2022-23,Bournemouth,2023-02-04,Away,0.200,0.850,0,0
2022-23,Bournemouth,2023-02-11,Home,0.200,0.810,1,0
2022-23,Bournemouth,2023-02-18,Away,0.400,0.818,3,1
2022-23,Bournemouth,2023-02-25,Home,1.000,0.913,0,0
2022-23,Bournemouth,2023-03-04,Away,1.000,0.875,0,0
2022-23,Bournemouth,2023-03-11,Home,0.800,0.840,3,1
2022-23,Bournemouth,2023-03-18,Away,1.400,0.923,0,0
2022-23,Bournemouth,2023-04-01,Home,1.200,0.889,3,1
2022-23,Bournemouth,2023-04-04,Home,1.200,0.964,0,0
2022-23,Bournemouth,2023-04-08,Away,1.200,0.931,3,1
2022-23,Bournemouth,2023-04-15,Away,1.800,1.000,3,1
2022-23,Bournemouth,2023-04-23,Home,1.800,1.065,0,0
2022-23,Bournemouth,2023-04-27,Away,1.800,1.031,3,1
2022-23,Bournemouth,2023-04-30,Home,1.800,1.091,3,1
2022-23,Bournemouth,2023-05-06,Home,2.400,1.147,0,0
2022-23,Bournemouth,2023-05-13,Away,1.800,1.114,0,0
2022-23,Bournemouth,2023-05-20,Home,1.200,1.083,0,0
2022-23,Bournemouth,2023-05-28,Away,1.200,1.054,0,0
2022-23,Brentford,2022-09-03,Home,1.200,1.200,3,1
2022-23,Brentford,2022-09-18,Home,1.600,1.500,0,0
2022-23,Brentford,2022-10-01,Away,1.000,1.286,1,0
2022-23,Brentford,2022-10-08,Away,1.200,1.250,0,0
2022-23,Brentford,2022-10-14,Home,1.000,1.111,3,1
2022-23,Brentford,2022-10-19,Home,1.400,1.300,1,0
2022-23,Brentford,2022-10-23,Away,1.000,1.273,0,0
2022-23,Brentford,2022-10-29,Home,1.000,1.167,1,0
2022-23,Brentford,2022-11-05,Away,1.000,1.154,1,0
2022-23,Brentford,2022-11-12,Away,1.200,1.143,3,1
2022-23,Brentford,2022-12-26,Home,1.200,1.267,1,0
2022-23,Brentford,2022-12-30,Away,1.200,1.250,3,1
2022-23,Brentford,2023-01-02,Home,1.800,1.353,3,1
2022-23,Brentford,2023-01-14,Home,2.200,1.444,3,1
2022-23,Brentford,2023-01-22,Away,2.600,1.526,1,0
2022-23,Brentford,2023-02-04,Home,2.200,1.500,3,1
2022-23,Brentford,2023-02-11,Away,2.600,1.571,1,0
2022-23,Brentford,2023-02-18,Home,2.200,1.545,1,0
2022-23,Brentford,2023-03-06,Home,1.800,1.522,3,1
2022-23,Brentford,2023-03-11,Away,1.800,1.583,0,0
2022-23,Brentford,2023-03-15,Away,1.600,1.520,3,1
2022-23,Brentford,2023-03-18,Home,1.600,1.577,1,0
2022-23,Brentford,2023-04-01,Away,1.600,1.556,1,0
2022-23,Brentford,2023-04-05,Away,1.600,1.536,0,0
2022-23,Brentford,2023-04-08,Home,1.000,1.483,0,0
2022-23,Brentford,2023-04-15,Away,1.000,1.433,0,0
2022-23,Brentford,2023-04-22,Home,0.400,1.387,1,0
2022-23,Brentford,2023-04-26,Away,0.400,1.375,3,1
2022-23,Brentford,2023-04-29,Home,0.800,1.424,3,1
2022-23,Brentford,2023-05-06,Away,1.400,1.471,0,0
2022-23,Brentford,2023-05-14,Home,1.400,1.429,3,1
2022-23,Brentford,2023-05-20,Away,2.000,1.472,3,1
2022-23,Brentford,2023-05-28,Home,2.400,1.514,3,1
2022-23,Brighton,2022-09-04,Home,2.000,2.000,3,1
2022-23,Brighton,2022-10-01,Away,2.000,2.167,1,0
2022-23,Brighton,2022-10-08,Home,2.000,2.000,0,0
2022-23,Brighton,2022-10-14,Away,1.400,1.750,0,0
2022-23,Brighton,2022-10-18,Home,0.800,1.556,1,0
2022-23,Brighton,2022-10-22,Away,1.000,1.500,0,0
2022-23,Brighton,2022-10-29,Home,0.400,1.364,3,1
2022-23,Brighton,2022-11-05,Away,0.800,1.500,3,1
2022-23,Brighton,2022-11-13,Home,1.400,1.615,0,0
2022-23,Brighton,2022-12-26,Away,1.400,1.500,3,1
2022-23,Brighton,2022-12-31,Home,1.800,1.600,0,0
2022-23,Brighton,2023-01-03,Away,1.800,1.500,3,1
2022-23,Brighton,2023-01-14,Home,1.800,1.588,3,1
2022-23,Brighton,2023-01-21,Away,1.800,1.667,1,0
2022-23,Brighton,2023-02-04,Home,2.000,1.632,3,1
2022-23,Brighton,2023-02-11,Away,2.000,1.700,1,0
2022-23,Brighton,2023-02-18,Home,2.200,1.667,0,0
2022-23,Brighton,2023-03-04,Home,1.600,1.591,3,1
2022-23,Brighton,2023-03-11,Away,1.600,1.652,1,0
2022-23,Brighton,2023-03-15,Home,1.600,1.625,3,1
2022-23,Brighton,2023-04-01,Home,1.600,1.680,1,0
2022-23,Brighton,2023-04-04,Away,1.600,1.654,3,1
2022-23,Brighton,2023-04-08,Away,2.200,1.704,0,0
2022-23,Brighton,2023-04-15,Away,1.600,1.643,3,1
2022-23,Brighton,2023-04-26,Away,2.000,1.690,0,0
2022-23,Brighton,2023-04-29,Home,1.400,1.633,3,1
2022-23,Brighton,2023-05-04,Home,1.800,1.677,3,1
2022-23,Brighton,2023-05-08,Home,1.800,1.719,0,0
2022-23,Brighton,2023-05-14,Away,1.800,1.667,3,1
2022-23,Brighton,2023-05-18,Away,1.800,1.706,0,0
2022-23,Brighton,2023-05-21,Home,1.800,1.657,3,1
2022-23,Brighton,2023-05-24,Home,1.800,1.694,1,0
2022-23,Brighton,2023-05-28,Away,1.400,1.676,0,0
2022-23,Chelsea,2022-09-03,Home,1.400,1.400,3,1
2022-23,Chelsea,2022-10-01,Away,1.400,1.667,3,1
2022-23,Chelsea,2022-10-08,Home,1.800,1.857,3,1
2022-23,Chelsea,2022-10-16,Away,2.400,2.000,3,1
2022-23,Chelsea,2022-10-19,Away,2.400,2.111,1,0
2022-23,Chelsea,2022-10-22,Home,2.600,2.000,1,0
2022-23,Chelsea,2022-10-29,Away,2.200,1.909,0,0
2022-23,Chelsea,2022-11-06,Home,1.600,1.750,0,0
2022-23,Chelsea,2022-11-12,Away,1.000,1.615,0,0
2022-23,Chelsea,2022-12-27,Home,0.400,1.500,3,1
2022-23,Chelsea,2023-01-01,Away,0.800,1.600,1,0
2022-23,Chelsea,2023-01-05,Home,0.800,1.563,0,0
2022-23,Chelsea,2023-01-12,Away,0.800,1.471,0,0
2022-23,Chelsea,2023-01-15,Home,0.800,1.389,3,1
2022-23,Chelsea,2023-01-21,Away,1.400,1.474,1,0
2022-23,Chelsea,2023-02-03,Home,1.000,1.450,1,0
2022-23,Chelsea,2023-02-11,Away,1.000,1.429,1,0
2022-23,Chelsea,2023-02-18,Home,1.200,1.409,0,0
2022-23,Chelsea,2023-02-26,Away,1.200,1.348,0,0
2022-23,Chelsea,2023-03-04,Home,0.600,1.292,3,1
2022-23,Chelsea,2023-03-11,Away,1.000,1.360,3,1
2022-23,Chelsea,2023-03-18,Home,1.400,1.423,1,0
2022-23,Chelsea,2023-04-01,Home,1.400,1.407,0,0
2022-23,Chelsea,2023-04-04,Home,1.400,1.357,1,0
2022-23,Chelsea,2023-04-08,Away,1.600,1.345,0,0
2022-23,Chelsea,2023-04-15,Home,1.000,1.300,0,0
2022-23,Chelsea,2023-04-26,Home,0.400,1.258,0,0
2022-23,Chelsea,2023-05-02,Away,0.200,1.219,0,0
2022-23,Chelsea,2023-05-06,Away,0.200,1.182,3,1
2022-23,Chelsea,2023-05-13,Home,0.600,1.235,1,0
2022-23,Chelsea,2023-05-21,Away,0.800,1.229,0,0
2022-23,Chelsea,2023-05-25,Away,0.800,1.194,0,0
2022-23,Chelsea,2023-05-28,Home,0.800,1.162,1,0
2022-23,Crystal Palace,2022-09-03,Away,1.000,1.000,1,0
2022-23,Crystal Palace,2022-10-01,Home,1.200,1.000,0,0
2022-23,Crystal Palace,2022-10-09,Home,1.000,0.857,3,1
2022-23,Crystal Palace,2022-10-15,Away,1.000,1.125,1,0
2022-23,Crystal Palace,2022-10-18,Home,1.200,1.111,3,1
2022-23,Crystal Palace,2022-10-22,Away,1.600,1.300,0,0
2022-23,Crystal Palace,2022-10-29,Home,1.400,1.182,3,1
2022-23,Crystal Palace,2022-11-06,Away,2.000,1.333,3,1
2022-23,Crystal Palace,2022-11-12,Away,2.000,1.462,0,0
2022-23,Crystal Palace,2022-12-26,Home,1.800,1.357,0,0
2022-23,Crystal Palace,2022-12-31,Away,1.200,1.267,3,1
2022-23,Crystal Palace,2023-01-04,Home,1.800,1.375,0,0
2022-23,Crystal Palace,2023-01-15,Away,1.200,1.294,0,0
2022-23,Crystal Palace,2023-01-18,Home,0.600,1.222,1,0
2022-23,Crystal Palace,2023-01-21,Home,0.800,1.211,1,0
2022-23,Crystal Palace,2023-02-04,Away,1.000,1.200,0,0
2022-23,Crystal Palace,2023-02-11,Home,0.400,1.143,1,0
2022-23,Crystal Palace,2023-02-18,Away,0.600,1.136,1,0
2022-23,Crystal Palace,2023-02-25,Home,0.800,1.130,1,0
2022-23,Crystal Palace,2023-03-04,Away,0.800,1.125,0,0
2022-23,Crystal Palace,2023-03-11,Home,0.600,1.080,0,0
2022-23,Crystal Palace,2023-03-15,Away,0.600,1.038,0,0
2022-23,Crystal Palace,2023-03-19,Away,0.400,1.000,0,0
2022-23,Crystal Palace,2023-04-01,Home,0.200,0.964,3,1
2022-23,Crystal Palace,2023-04-09,Away,0.600,1.034,3,1
2022-23,Crystal Palace,2023-04-15,Away,1.200,1.100,3,1
2022-23,Crystal Palace,2023-04-22,Home,1.800,1.161,1,0
2022-23,Crystal Palace,2023-04-25,Away,2.000,1.156,0,0
2022-23,Crystal Palace,2023-04-29,Home,2.000,1.121,3,1
2022-23,Crystal Palace,2023-05-06,Away,2.000,1.176,0,0
2022-23,Crystal Palace,2023-05-13,Home,1.400,1.143,3,1
2022-23,Crystal Palace,2023-05-20,Away,1.400,1.194,1,0
2022-23,Crystal Palace,2023-05-28,Home,1.400,1.189,1,0
2022-23,Everton,2022-09-03,Home,0.600,0.600,1,0
2022-23,Everton,2022-09-18,Home,0.800,0.667,3,1
2022-23,Everton,2022-10-01,Away,1.400,1.000,3,1
2022-23,Everton,2022-10-09,Home,1.800,1.250,0,0
2022-23,Everton,2022-10-15,Away,1.600,1.111,0,0
2022-23,Everton,2022-10-19,Away,1.400,1.000,0,0
2022-23,Everton,2022-10-22,Home,1.200,0.909,3,1
2022-23,Everton,2022-10-29,Away,1.200,1.083,1,0
2022-23,Everton,2022-11-05,Home,0.800,1.077,0,0
2022-23,Everton,2022-11-12,Away,0.800,1.000,0,0
2022-23,Everton,2022-12-26,Home,0.800,0.933,0,0
2022-23,Everton,2022-12-31,Away,0.800,0.875,1,0
2022-23,Everton,2023-01-03,Home,0.400,0.882,0,0
2022-23,Everton,2023-01-14,Home,0.200,0.833,0,0
2022-23,Everton,2023-01-21,Away,0.200,0.789,0,0
2022-23,Everton,2023-02-04,Home,0.200,0.750,3,1
2022-23,Everton,2023-02-13,Away,0.800,0.857,0,0
2022-23,Everton,2023-02-18,Home,0.600,0.818,3,1
2022-23,Everton,2023-02-25,Home,1.200,0.913,0,0
2022-23,Everton,2023-03-01,Away,1.200,0.875,0,0
2022-23,Everton,2023-03-05,Away,1.200,0.840,1,0
2022-23,Everton,2023-03-11,Home,0.800,0.846,3,1
2022-23,Everton,2023-03-18,Away,1.400,0.926,1,0
2022-23,Everton,2023-04-03,Home,1.000,0.929,1,0
2022-23,Everton,2023-04-08,Away,1.200,0.931,0,0
2022-23,Everton,2023-04-15,Home,1.200,0.900,0,0
2022-23,Everton,2023-04-22,Away,1.000,0.871,1,0
2022-23,Everton,2023-04-27,Home,0.600,0.875,0,0
2022-23,Everton,2023-05-01,Away,0.400,0.848,1,0
2022-23,Everton,2023-05-08,Away,0.400,0.853,3,1
2022-23,Everton,2023-05-14,Home,1.000,0.914,0,0
2022-23,Everton,2023-05-20,Away,1.000,0.889,1,0
2022-23,Everton,2023-05-28,Home,1.000,0.892,3,1
2022-23,Fulham,2022-09-03,Away,1.600,1.600,0,0
2022-23,Fulham,2022-09-16,Away,1.400,1.333,3,1
2022-23,Fulham,2022-10-01,Home,1.800,1.571,0,0
2022-23,Fulham,2022-10-09,Away,1.200,1.375,0,0
2022-23,Fulham,2022-10-15,Home,1.200,1.222,1,0
2022-23,Fulham,2022-10-20,Home,0.800,1.200,3,1
2022-23,Fulham,2022-10-23,Away,1.400,1.364,3,1
2022-23,Fulham,2022-10-29,Home,1.400,1.500,1,0
2022-23,Fulham,2022-11-05,Away,1.600,1.462,0,0
2022-23,Fulham,2022-11-13,Home,1.600,1.357,0,0
2022-23,Fulham,2022-12-26,Away,1.400,1.267,3,1
2022-23,Fulham,2022-12-31,Home,1.400,1.375,3,1
2022-23,Fulham,2023-01-03,Away,1.400,1.471,3,1
2022-23,Fulham,2023-01-12,Home,1.800,1.556,3,1
2022-23,Fulham,2023-01-15,Away,2.400,1.632,0,0
2022-23,Fulham,2023-01-23,Home,2.400,1.550,0,0
2022-23,Fulham,2023-02-03,Away,1.800,1.476,1,0
2022-23,Fulham,2023-02-11,Home,1.400,1.455,3,1
2022-23,Fulham,2023-02-18,Away,1.400,1.522,3,1
2022-23,Fulham,2023-02-24,Home,1.400,1.583,1,0
2022-23,Fulham,2023-03-06,Away,1.600,1.560,0,0
2022-23,Fulham,2023-03-12,Home,1.600,1.500,0,0
2022-23,Fulham,2023-04-01,Away,1.400,1.444,0,0
2022-23,Fulham,2023-04-08,Home,0.800,1.393,0,0
2022-23,Fulham,2023-04-15,Away,0.200,1.345,3,1
2022-23,Fulham,2023-04-22,Home,0.600,1.400,3,1
2022-23,Fulham,2023-04-25,Away,1.200,1.452,0,0
2022-23,Fulham,2023-04-30,Home,1.200,1.406,0,0
2022-23,Fulham,2023-05-03,Away,1.200,1.364,0,0
2022-23,Fulham,2023-05-08,Home,1.200,1.324,3,1
2022-23,Fulham,2023-05-13,Away,1.200,1.371,3,1
2022-23,Fulham,2023-05-20,Home,1.200,1.417,1,0
2022-23,Fulham,2023-05-28,Away,1.400,1.405,0,0
2022-23,Leeds,2022-09-03,Away,1.600,1.600,0,0
2022-23,Leeds,2022-10-02,Home,1.000,1.333,1,0
2022-23,Leeds,2022-10-09,Away,1.000,1.286,0,0
2022-23,Leeds,2022-10-16,Home,0.400,1.125,0,0
2022-23,Leeds,2022-10-20,Away,0.400,1.000,0,0
2022-23,Leeds,2022-10-23,Home,0.200,0.900,0,0
2022-23,Leeds,2022-10-29,Away,0.200,0.818,3,1
2022-23,Leeds,2022-11-05,Home,0.600,1.000,3,1
2022-23,Leeds,2022-11-12,Away,1.200,1.154,0,0
2022-23,Leeds,2022-12-28,Home,1.200,1.071,0,0
2022-23,Leeds,2022-12-31,Away,1.200,1.000,1,0
2022-23,Leeds,2023-01-04,Home,1.400,1.000,1,0
2022-23,Leeds,2023-01-13,Away,1.000,1.000,0,0
2022-23,Leeds,2023-01-22,Home,0.400,0.944,1,0
2022-23,Leeds,2023-02-05,Away,0.600,0.947,0,0
2022-23,Leeds,2023-02-08,Away,0.600,0.900,1,0
2022-23,Leeds,2023-02-12,Home,0.600,0.905,0,0
2022-23,Leeds,2023-02-18,Away,0.400,0.864,0,0
2022-23,Leeds,2023-02-25,Home,0.400,0.826,3,1
2022-23,Leeds,2023-03-04,Away,0.800,0.917,0,0
2022-23,Leeds,2023-03-11,Home,0.800,0.880,1,0
2022-23,Leeds,2023-03-18,Away,0.800,0.885,3,1
2022-23,Leeds,2023-04-01,Away,1.400,0.963,0,0
2022-23,Leeds,2023-04-04,Home,1.400,0.929,3,1
2022-23,Leeds,2023-04-09,Home,1.400,1.000,0,0
2022-23,Leeds,2023-04-17,Home,1.400,0.967,0,0
2022-23,Leeds,2023-04-22,Away,1.200,0.935,0,0
2022-23,Leeds,2023-04-25,Home,0.600,0.906,1,0
2022-23,Leeds,2023-04-30,Away,0.800,0.909,0,0
2022-23,Leeds,2023-05-06,Away,0.200,0.882,0,0
2022-23,Leeds,2023-05-13,Home,0.200,0.857,1,0
2022-23,Leeds,2023-05-21,Away,0.400,0.861,0,0
2022-23,Leeds,2023-05-28,Home,0.400,0.838,0,0
2022-23,Leicester,2022-09-04,Away,0.200,0.200,0,0
2022-23,Leicester,2022-09-17,Away,0.000,0.167,0,0
2022-23,Leicester,2022-10-03,Home,0.000,0.143,3,1
2022-23,Leicester,2022-10-08,Away,0.600,0.500,0,0
2022-23,Leicester,2022-10-15,Home,0.600,0.444,1,0
2022-23,Leicester,2022-10-20,Home,0.800,0.500,3,1
2022-23,Leicester,2022-10-23,Away,1.400,0.727,3,1
2022-23,Leicester,2022-10-29,Home,2.000,0.917,0,0
2022-23,Leicester,2022-11-05,Away,1.400,0.846,3,1
2022-23,Leicester,2022-11-12,Away,2.000,1.000,3,1
2022-23,Leicester,2022-12-26,Home,2.400,1.133,0,0
2022-23,Leicester,2022-12-30,Away,1.800,1.063,0,0
2022-23,Leicester,2023-01-03,Home,1.200,1.000,0,0
2022-23,Leicester,2023-01-14,Away,1.200,0.944,0,0
2022-23,Leicester,2023-01-21,Home,0.600,0.895,1,0
2022-23,Leicester,2023-02-04,Away,0.200,0.900,3,1
2022-23,Leicester,2023-02-11,Home,0.800,1.000,3,1
2022-23,Leicester,2023-02-19,Away,1.400,1.091,0,0
2022-23,Leicester,2023-02-25,Home,1.400,1.043,0,0
2022-23,Leicester,2023-03-04,Away,1.400,1.000,0,0
2022-23,Leicester,2023-03-11,Home,1.200,0.960,0,0
2022-23,Leicester,2023-03-18,Away,0.600,0.923,1,0
2022-23,Leicester,2023-04-01,Away,0.200,0.926,0,0
2022-23,Leicester,2023-04-04,Home,0.200,0.893,0,0
2022-23,Leicester,2023-04-08,Home,0.200,0.862,0,0
2022-23,Leicester,2023-04-15,Away,0.200,0.833,0,0
2022-23,Leicester,2023-04-22,Home,0.200,0.806,3,1
2022-23,Leicester,2023-04-25,Away,0.600,0.875,1,0
2022-23,Leicester,2023-05-01,Home,0.800,0.879,1,0
2022-23,Leicester,2023-05-08,Away,1.000,0.882,0,0
2022-23,Leicester,2023-05-15,Home,1.000,0.857,0,0
2022-23,Leicester,2023-05-22,Away,1.000,0.833,1,0
2022-23,Leicester,2023-05-28,Home,0.600,0.838,3,1
2022-23,Liverpool,2022-09-03,Away,1.600,1.600,1,0
2022-23,Liverpool,2022-10-01,Home,1.600,1.500,1,0
2022-23,Liverpool,2022-10-09,Away,1.600,1.429,0,0
2022-23,Liverpool,2022-10-16,Home,1.600,1.250,3,1
2022-23,Liverpool,2022-10-19,Home,1.600,1.444,3,1
2022-23,Liverpool,2022-10-22,Away,1.600,1.600,0,0
2022-23,Liverpool,2022-10-29,Home,1.400,1.455,0,0
2022-23,Liverpool,2022-11-06,Away,1.200,1.333,3,1
2022-23,Liverpool,2022-11-12,Home,1.800,1.462,3,1
2022-23,Liverpool,2022-12-26,Away,1.800,1.571,3,1
2022-23,Liverpool,2022-12-30,Home,1.800,1.667,3,1
2022-23,Liverpool,2023-01-02,Away,2.400,1.750,0,0
2022-23,Liverpool,2023-01-14,Away,2.400,1.647,0,0
2022-23,Liverpool,2023-01-21,Home,1.800,1.556,1,0
2022-23,Liverpool,2023-02-04,Away,1.400,1.526,0,0
2022-23,Liverpool,2023-02-13,Home,0.800,1.450,3,1
2022-23,Liverpool,2023-02-18,Away,0.800,1.524,3,1
2022-23,Liverpool,2023-02-25,Away,1.400,1.591,1,0
2022-23,Liverpool,2023-03-01,Home,1.600,1.565,3,1
2022-23,Liverpool,2023-03-05,Home,2.000,1.625,3,1
2022-23,Liverpool,2023-03-11,Away,2.600,1.680,0,0
2022-23,Liverpool,2023-04-01,Away,2.000,1.615,0,0
2022-23,Liverpool,2023-04-04,Away,1.400,1.556,1,0
2022-23,Liverpool,2023-04-09,Home,1.400,1.536,1,0
2022-23,Liverpool,2023-04-17,Away,1.000,1.517,3,1
2022-23,Liverpool,2023-04-22,Home,1.000,1.567,3,1
2022-23,Liverpool,2023-04-26,Away,1.600,1.613,3,1
2022-23,Liverpool,2023-04-30,Home,2.200,1.656,3,1
2022-23,Liverpool,2023-05-03,Home,2.600,1.697,3,1
2022-23,Liverpool,2023-05-06,Home,3.000,1.735,3,1
2022-23,Liverpool,2023-05-15,Away,3.000,1.771,3,1
2022-23,Liverpool,2023-05-20,Home,3.000,1.806,1,0
2022-23,Liverpool,2023-05-28,Away,2.600,1.784,1,0
2022-23,Man City,2022-09-03,Away,2.600,2.600,1,0
2022-23,Man City,2022-09-17,Away,2.200,2.333,3,1
2022-23,Man City,2022-10-02,Home,2.200,2.429,3,1
2022-23,Man City,2022-10-08,Home,2.600,2.500,3,1
2022-23,Man City,2022-10-16,Away,2.600,2.556,0,0
2022-23,Man City,2022-10-22,Home,2.000,2.300,3,1
2022-23,Man City,2022-10-29,Away,2.400,2.364,3,1
2022-23,Man City,2022-11-05,Home,2.400,2.417,3,1
2022-23,Man City,2022-11-12,Home,2.400,2.462,0,0
2022-23,Man City,2022-12-28,Away,1.800,2.286,3,1
2022-23,Man City,2022-12-31,Home,2.400,2.333,1,0
2022-23,Man City,2023-01-05,Away,2.000,2.250,3,1
2022-23,Man City,2023-01-14,Away,2.000,2.294,0,0
2022-23,Man City,2023-01-19,Home,1.400,2.167,3,1
2022-23,Man City,2023-01-22,Home,2.000,2.211,3,1
2022-23,Man City,2023-02-05,Away,2.000,2.250,0,0
2022-23,Man City,2023-02-12,Home,1.800,2.143,3,1
2022-23,Man City,2023-02-15,Away,1.800,2.182,3,1
2022-23,Man City,2023-02-18,Away,2.400,2.217,1,0
2022-23,Man City,2023-02-25,Away,2.000,2.167,3,1
2022-23,Man City,2023-03-04,Home,2.000,2.200,3,1
2022-23,Man City,2023-03-11,Away,2.600,2.231,3,1
2022-23,Man City,2023-04-01,Home,2.600,2.259,3,1
2022-23,Man City,2023-04-08,Away,2.600,2.286,3,1
2022-23,Man City,2023-04-15,Home,3.000,2.310,3,1
2022-23,Man City,2023-04-26,Home,3.000,2.333,3,1
2022-23,Man City,2023-04-30,Away,3.000,2.355,3,1
2022-23,Man City,2023-05-03,Home,3.000,2.375,3,1
2022-23,Man City,2023-05-06,Home,3.000,2.394,3,1
2022-23,Man City,2023-05-14,Away,3.000,2.412,3,1
2022-23,Man City,2023-05-21,Home,3.000,2.429,3,1
2022-23,Man City,2023-05-24,Away,3.000,2.444,1,0
2022-23,Man City,2023-05-28,Away,2.600,2.405,0,0
2022-23,Man United,2022-09-04,Home,1.800,1.800,3,1
2022-23,Man United,2022-10-02,Away,2.400,2.000,0,0
2022-23,Man United,2022-10-09,Away,2.400,1.714,3,1
2022-23,Man United,2022-10-16,Home,2.400,1.875,1,0
2022-23,Man United,2022-10-19,Home,2.000,1.778,3,1
2022-23,Man United,2022-10-22,Away,2.000,1.900,1,0
2022-23,Man United,2022-10-30,Home,1.600,1.818,3,1
2022-23,Man United,2022-11-06,Away,2.200,1.917,0,0
2022-23,Man United,2022-11-13,Away,1.600,1.769,3,1
2022-23,Man United,2022-12-27,Home,2.000,1.857,3,1
2022-23,Man United,2022-12-31,Away,2.000,1.933,3,1
2022-23,Man United,2023-01-03,Home,2.400,2.000,3,1
2022-23,Man United,2023-01-14,Home,2.400,2.059,3,1
2022-23,Man United,2023-01-18,Away,3.000,2.111,1,0
2022-23,Man United,2023-01-22,Away,2.600,2.053,0,0
2022-23,Man United,2023-02-04,Home,2.000,1.950,3,1
2022-23,Man United,2023-02-08,Home,2.000,2.000,1,0
2022-23,Man United,2023-02-12,Away,1.600,1.955,3,1
2022-23,Man United,2023-02-19,Home,1.600,2.000,3,1
2022-23,Man United,2023-03-05,Away,2.000,2.042,0,0
2022-23,Man United,2023-03-12,Home,2.000,1.960,1,0
2022-23,Man United,2023-04-02,Away,1.600,1.923,0,0
2022-23,Man United,2023-04-05,Home,1.400,1.852,3,1
2022-23,Man United,2023-04-08,Home,1.400,1.893,3,1
2022-23,Man United,2023-04-16,Away,1.400,1.931,3,1
2022-23,Man United,2023-04-27,Away,2.000,1.967,1,0
2022-23,Man United,2023-04-30,Home,2.000,1.935,3,1
2022-23,Man United,2023-05-04,Away,2.600,1.969,0,0
2022-23,Man United,2023-05-07,Away,2.000,1.909,0,0
2022-23,Man United,2023-05-13,Home,1.400,1.853,3,1
2022-23,Man United,2023-05-20,Away,1.400,1.886,3,1
2022-23,Man United,2023-05-25,Home,1.800,1.917,3,1
2022-23,Man United,2023-05-28,Home,1.800,1.946,3,1
2022-23,Newcastle,2022-09-03,Home,1.200,1.200,1,0
2022-23,Newcastle,2022-09-17,Home,0.800,1.167,1,0
2022-23,Newcastle,2022-10-01,Away,0.800,1.143,3,1
2022-23,Newcastle,2022-10-08,Home,1.200,1.375,3,1
2022-23,Newcastle,2022-10-16,Away,1.600,1.556,1,0
2022-23,Newcastle,2022-10-19,Home,1.800,1.500,3,1
2022-23,Newcastle,2022-10-23,Away,2.200,1.636,3,1
2022-23,Newcastle,2022-10-29,Home,2.600,1.750,3,1
2022-23,Newcastle,2022-11-06,Away,2.600,1.846,3,1
2022-23,Newcastle,2022-11-12,Home,2.600,1.929,3,1
2022-23,Newcastle,2022-12-26,Away,3.000,2.000,3,1
2022-23,Newcastle,2022-12-31,Home,3.000,2.063,1,0
2022-23,Newcastle,2023-01-03,Away,2.600,2.000,1,0
2022-23,Newcastle,2023-01-15,Home,2.200,1.944,3,1
2022-23,Newcastle,2023-01-21,Away,2.200,2.000,1,0
2022-23,Newcastle,2023-02-04,Home,1.800,1.950,1,0
2022-23,Newcastle,2023-02-11,Away,1.400,1.905,1,0
2022-23,Newcastle,2023-02-18,Home,1.400,1.864,0,0
2022-23,Newcastle,2023-03-04,Away,1.200,1.783,0,0
2022-23,Newcastle,2023-03-12,Home,0.600,1.708,3,1
2022-23,Newcastle,2023-03-17,Away,1.000,1.760,3,1
2022-23,Newcastle,2023-04-02,Home,1.400,1.808,3,1
2022-23,Newcastle,2023-04-05,Away,1.800,1.852,3,1
2022-23,Newcastle,2023-04-08,Away,2.400,1.893,3,1
2022-23,Newcastle,2023-04-15,Away,3.000,1.931,0,0
2022-23,Newcastle,2023-04-23,Home,2.400,1.867,3,1
2022-23,Newcastle,2023-04-27,Away,2.400,1.903,3,1
2022-23,Newcastle,2023-04-30,Home,2.400,1.938,3,1
2022-23,Newcastle,2023-05-07,Home,2.400,1.970,0,0
2022-23,Newcastle,2023-05-13,Away,1.800,1.912,1,0
2022-23,Newcastle,2023-05-18,Home,2.000,1.886,3,1
2022-23,Newcastle,2023-05-22,Home,2.000,1.917,1,0
2022-23,Newcastle,2023-05-28,Away,1.600,1.892,1,0
2022-23,Nott'm Forest,2022-09-03,Home,0.800,0.800,0,0
2022-23,Nott'm Forest,2022-09-16,Home,0.800,0.667,0,0
2022-23,Nott'm Forest,2022-10-03,Away,0.200,0.571,0,0
2022-23,Nott'm Forest,2022-10-10,Home,0.000,0.500,1,0
2022-23,Nott'm Forest,2022-10-15,Away,0.200,0.556,0,0
2022-23,Nott'm Forest,2022-10-18,Away,0.200,0.500,1,0
2022-23,Nott'm Forest,2022-10-22,Home,0.400,0.545,3,1
2022-23,Nott'm Forest,2022-10-30,Away,1.000,0.750,0,0
2022-23,Nott'm Forest,2022-11-05,Home,1.000,0.692,1,0
2022-23,Nott'm Forest,2022-11-12,Home,1.000,0.714,3,1
2022-23,Nott'm Forest,2022-12-27,Away,1.600,0.867,0,0
2022-23,Nott'm Forest,2023-01-01,Home,1.400,0.813,1,0
2022-23,Nott'm Forest,2023-01-04,Away,1.000,0.824,3,1
2022-23,Nott'm Forest,2023-01-14,Home,1.600,0.944,3,1
2022-23,Nott'm Forest,2023-01-21,Away,2.000,1.053,1,0
2022-23,Nott'm Forest,2023-02-05,Home,1.600,1.050,3,1
2022-23,Nott'm Forest,2023-02-11,Away,2.200,1.143,0,0
2022-23,Nott'm Forest,2023-02-18,Home,2.000,1.091,1,0
2022-23,Nott'm Forest,2023-02-25,Away,1.600,1.087,0,0
2022-23,Nott'm Forest,2023-03-05,Home,1.000,1.042,1,0
2022-23,Nott'm Forest,2023-03-11,Away,1.000,1.040,0,0
2022-23,Nott'm Forest,2023-03-17,Home,0.400,1.000,0,0
2022-23,Nott'm Forest,2023-04-01,Home,0.400,0.963,1,0
2022-23,Nott'm Forest,2023-04-04,Away,0.400,0.964,0,0
2022-23,Nott'm Forest,2023-04-08,Away,0.400,0.931,0,0
2022-23,Nott'm Forest,2023-04-16,Home,0.200,0.900,0,0
2022-23,Nott'm Forest,2023-04-22,Away,0.200,0.871,0,0
2022-23,Nott'm Forest,2023-04-26,Home,0.200,0.844,3,1
2022-23,Nott'm Forest,2023-04-29,Away,0.600,0.909,0,0
2022-23,Nott'm Forest,2023-05-08,Home,0.600,0.882,3,1
2022-23,Nott'm Forest,2023-05-13,Away,1.200,0.943,1,0
2022-23,Nott'm Forest,2023-05-20,Home,1.400,0.944,3,1
2022-23,Nott'm Forest,2023-05-28,Away,2.000,1.000,1,0
2022-23,Southampton,2022-09-03,Away,1.400,1.400,0,0
2022-23,Southampton,2022-09-16,Away,1.400,1.167,0,0
2022-23,Southampton,2022-10-01,Home,1.200,1.000,0,0
2022-23,Southampton,2022-10-08,Away,0.600,0.875,0,0
2022-23,Southampton,2022-10-16,Home,0.600,0.778,1,0
2022-23,Southampton,2022-10-19,Away,0.200,0.800,3,1
2022-23,Southampton,2022-10-23,Home,0.800,1.000,1,0
2022-23,Southampton,2022-10-29,Away,1.000,1.000,0,0
2022-23,Southampton,2022-11-06,Home,1.000,0.923,0,0
2022-23,Southampton,2022-11-12,Away,1.000,0.857,0,0
2022-23,Southampton,2022-12-26,Home,0.800,0.800,0,0
2022-23,Southampton,2022-12-31,Away,0.200,0.750,0,0
2022-23,Southampton,2023-01-04,Home,0.000,0.706,0,0
2022-23,Southampton,2023-01-14,Away,0.000,0.667,3,1
2022-23,Southampton,2023-01-21,Home,0.600,0.789,0,0
2022-23,Southampton,2023-02-04,Away,0.600,0.750,0,0
2022-23,Southampton,2023-02-11,Home,0.600,0.714,0,0
2022-23,Southampton,2023-02-18,Away,0.600,0.682,3,1
2022-23,Southampton,2023-02-25,Away,1.200,0.783,0,0
2022-23,Southampton,2023-03-04,Home,0.600,0.750,3,1
2022-23,Southampton,2023-03-12,Away,1.200,0.840,1,0
2022-23,Southampton,2023-03-15,Home,1.400,0.846,0,0
2022-23,Southampton,2023-03-18,Home,1.400,0.815,1,0
2022-23,Southampton,2023-04-02,Away,1.000,0.821,0,0
2022-23,Southampton,2023-04-08,Home,1.000,0.793,0,0
2022-23,Southampton,2023-04-15,Home,0.400,0.767,0,0
2022-23,Southampton,2023-04-21,Away,0.200,0.742,1,0
2022-23,Southampton,2023-04-27,Home,0.400,0.750,0,0
2022-23,Southampton,2023-04-30,Away,0.200,0.727,0,0
2022-23,Southampton,2023-05-08,Away,0.200,0.706,0,0
2022-23,Southampton,2023-05-13,Home,0.200,0.686,0,0
2022-23,Southampton,2023-05-21,Away,0.200,0.667,0,0
2022-23,Southampton,2023-05-28,Home,0.000,0.649,1,0
2022-23,Tottenham,2022-09-03,Home,2.200,2.200,3,1
2022-23,Tottenham,2022-09-17,Home,2.200,2.333,3,1
2022-23,Tottenham,2022-10-01,Away,2.600,2.429,0,0
2022-23,Tottenham,2022-10-08,Away,2.000,2.125,3,1
2022-23,Tottenham,2022-10-15,Home,2.000,2.222,3,1
2022-23,Tottenham,2022-10-19,Away,2.400,2.300,0,0
2022-23,Tottenham,2022-10-23,Home,1.800,2.091,0,0
2022-23,Tottenham,2022-10-29,Away,1.200,1.917,3,1
2022-23,Tottenham,2022-11-06,Home,1.800,2.000,0,0
2022-23,Tottenham,2022-11-12,Home,1.200,1.857,3,1
2022-23,Tottenham,2022-12-26,Away,1.200,1.933,1,0
2022-23,Tottenham,2023-01-01,Home,1.400,1.875,0,0
2022-23,Tottenham,2023-01-04,Away,1.400,1.765,3,1
2022-23,Tottenham,2023-01-15,Home,1.400,1.833,0,0
2022-23,Tottenham,2023-01-19,Away,1.400,1.737,0,0
2022-23,Tottenham,2023-01-23,Away,0.800,1.650,3,1
2022-23,Tottenham,2023-02-05,Home,1.200,1.714,3,1
2022-23,Tottenham,2023-02-11,Away,1.800,1.773,0,0
2022-23,Tottenham,2023-02-19,Home,1.200,1.696,3,1
2022-23,Tottenham,2023-02-26,Home,1.800,1.750,3,1
2022-23,Tottenham,2023-03-04,Away,2.400,1.800,0,0
2022-23,Tottenham,2023-03-11,Home,1.800,1.731,3,1
2022-23,Tottenham,2023-03-18,Away,1.800,1.778,1,0
2022-23,Tottenham,2023-04-03,Away,2.000,1.750,1,0
2022-23,Tottenham,2023-04-08,Home,1.600,1.724,3,1
2022-23,Tottenham,2023-04-15,Home,1.600,1.767,0,0
2022-23,Tottenham,2023-04-23,Away,1.600,1.710,0,0
2022-23,Tottenham,2023-04-27,Home,1.000,1.656,1,0
2022-23,Tottenham,2023-04-30,Away,1.000,1.636,0,0
2022-23,Tottenham,2023-05-06,Home,0.800,1.588,3,1
2022-23,Tottenham,2023-05-13,Away,0.800,1.629,0,0
2022-23,Tottenham,2023-05-20,Home,0.800,1.583,0,0
2022-23,Tottenham,2023-05-28,Away,0.800,1.541,3,1
2022-23,West Ham,2022-09-03,Away,0.800,0.800,0,0
2022-23,West Ham,2022-09-18,Away,0.800,0.667,0,0
2022-23,West Ham,2022-10-01,Home,0.800,0.571,3,1
2022-23,West Ham,2022-10-09,Home,1.400,0.875,3,1
2022-23,West Ham,2022-10-16,Away,1.400,1.111,1,0
2022-23,West Ham,2022-10-19,Away,1.400,1.100,0,0
2022-23,West Ham,2022-10-24,Home,1.400,1.000,3,1
2022-23,West Ham,2022-10-30,Away,2.000,1.167,0,0
2022-23,West Ham,2022-11-06,Home,1.400,1.077,0,0
2022-23,West Ham,2022-11-12,Home,0.800,1.000,0,0
2022-23,West Ham,2022-12-26,Away,0.600,0.933,0,0
2022-23,West Ham,2022-12-30,Home,0.600,0.875,0,0
2022-23,West Ham,2023-01-04,Away,0.000,0.824,1,0
2022-23,West Ham,2023-01-14,Away,0.200,0.833,0,0
2022-23,West Ham,2023-01-21,Home,0.200,0.789,3,1
2022-23,West Ham,2023-02-04,Away,0.800,0.900,1,0
2022-23,West Ham,2023-02-11,Home,1.000,0.905,1,0
2022-23,West Ham,2023-02-19,Away,1.200,0.909,0,0
2022-23,West Ham,2023-02-25,Home,1.000,0.870,3,1
2022-23,West Ham,2023-03-04,Away,1.600,0.958,0,0
2022-23,West Ham,2023-03-12,Home,1.000,0.920,1,0
2022-23,West Ham,2023-04-02,Home,1.000,0.923,3,1
2022-23,West Ham,2023-04-05,Home,1.400,1.000,0,0
2022-23,West Ham,2023-04-08,Away,1.400,0.964,3,1
2022-23,West Ham,2023-04-16,Home,1.400,1.034,1,0
2022-23,West Ham,2023-04-23,Away,1.600,1.033,3,1
2022-23,West Ham,2023-04-26,Home,2.000,1.097,0,0
2022-23,West Ham,2023-04-29,Away,1.400,1.063,0,0
2022-23,West Ham,2023-05-03,Away,1.400,1.030,0,0
2022-23,West Ham,2023-05-07,Home,0.800,1.000,3,1
2022-23,West Ham,2023-05-14,Away,1.200,1.057,0,0
2022-23,West Ham,2023-05-21,Home,0.600,1.028,3,1
2022-23,West Ham,2023-05-28,Away,1.200,1.081,0,0
2022-23,Wolves,2022-09-03,Home,0.600,0.600,3,1
2022-23,Wolves,2022-09-17,Home,1.200,1.000,0,0
2022-23,Wolves,2022-10-01,Away,1.000,0.857,0,0
2022-23,Wolves,2022-10-08,Away,1.000,0.750,0,0
2022-23,Wolves,2022-10-15,Home,0.800,0.667,3,1
2022-23,Wolves,2022-10-18,Away,1.200,0.900,0,0
2022-23,Wolves,2022-10-23,Home,0.600,0.818,0,0
2022-23,Wolves,2022-10-29,Away,0.600,0.750,1,0
2022-23,Wolves,2022-11-05,Home,0.800,0.769,0,0
2022-23,Wolves,2022-11-12,Home,0.800,0.714,0,0
2022-23,Wolves,2022-12-26,Away,0.200,0.667,3,1
2022-23,Wolves,2022-12-31,Home,0.800,0.813,0,0
2022-23,Wolves,2023-01-04,Away,0.800,0.765,1,0
2022-23,Wolves,2023-01-14,Home,0.800,0.778,3,1
2022-23,Wolves,2023-01-22,Away,1.400,0.895,0,0
2022-23,Wolves,2023-02-04,Home,1.400,0.850,3,1
2022-23,Wolves,2023-02-11,Away,1.400,0.952,3,1
2022-23,Wolves,2023-02-18,Home,2.000,1.045,0,0
2022-23,Wolves,2023-02-24,Away,1.800,1.000,1,0
2022-23,Wolves,2023-03-01,Away,1.400,1.000,0,0
2022-23,Wolves,2023-03-04,Home,1.400,0.960,3,1
2022-23,Wolves,2023-03-12,Away,1.400,1.038,0,0
2022-23,Wolves,2023-03-18,Home,0.800,1.000,0,0
2022-23,Wolves,2023-04-01,Away,0.800,0.964,1,0
2022-23,Wolves,2023-04-08,Home,0.800,0.966,3,1
2022-23,Wolves,2023-04-15,Home,1.400,1.033,3,1
2022-23,Wolves,2023-04-22,Away,1.400,1.097,0,0
2022-23,Wolves,2023-04-25,Home,1.400,1.063,3,1
2022-23,Wolves,2023-04-29,Away,2.000,1.121,0,0
2022-23,Wolves,2023-05-06,Home,1.800,1.088,3,1
2022-23,Wolves,2023-05-13,Away,1.800,1.143,0,0
2022-23,Wolves,2023-05-20,Home,1.200,1.111,1,0
2022-23,Wolves,2023-05-28,Away,1.400,1.108,0,0
2023-24,Arsenal,2023-09-24,Home,2.600,2.600,1,0
2023-24,Arsenal,2023-09-30,Away,2.200,2.333,3,1
2023-24,Arsenal,2023-10-08,Home,2.200,2.429,3,1
2023-24,Arsenal,2023-10-21,Away,2.600,2.500,1,0
2023-24,Arsenal,2023-10-28,Home,2.200,2.333,3,1
2023-24,Arsenal,2023-11-04,Away,2.200,2.400,0,0
2023-24,Arsenal,2023-11-11,Home,2.000,2.182,3,1
2023-24,Arsenal,2023-11-25,Away,2.000,2.250,3,1
2023-24,Arsenal,2023-12-02,Home,2.000,2.308,3,1
2023-24,Arsenal,2023-12-05,Away,2.400,2.357,3,1
2023-24,Arsenal,2023-12-09,Away,2.400,2.400,0,0
2023-24,Arsenal,2023-12-17,Home,2.400,2.250,3,1
2023-24,Arsenal,2023-12-23,Away,2.400,2.294,1,0
2023-24,Arsenal,2023-12-28,Home,2.000,2.222,0,0
2023-24,Arsenal,2023-12-31,Away,1.400,2.105,0,0
2023-24,Arsenal,2024-01-20,Home,0.800,2.000,3,1
2023-24,Arsenal,2024-01-30,Away,1.400,2.048,3,1
2023-24,Arsenal,2024-02-04,Home,1.400,2.091,3,1
2023-24,Arsenal,2024-02-11,Away,1.800,2.130,3,1
2023-24,Arsenal,2024-02-17,Away,2.400,2.167,3,1
2023-24,Arsenal,2024-02-24,Home,3.000,2.200,3,1
2023-24,Arsenal,2024-03-04,Away,3.000,2.231,3,1
2023-24,Arsenal,2024-03-09,Home,3.000,2.259,3,1
2023-24,Arsenal,2024-03-31,Away,3.000,2.286,1,0
2023-24,Arsenal,2024-04-03,Home,2.600,2.241,3,1
2023-24,Arsenal,2024-04-06,Away,2.600,2.267,3,1
2023-24,Arsenal,2024-04-14,Home,2.600,2.290,0,0
2023-24,Arsenal,2024-04-20,Away,2.000,2.219,3,1
2023-24,Arsenal,2024-04-23,Home,2.000,2.242,3,1
2023-24,Arsenal,2024-04-28,Away,2.400,2.265,3,1
2023-24,Arsenal,2024-05-04,Home,2.400,2.286,3,1
2023-24,Arsenal,2024-05-12,Away,2.400,2.306,3,1
2023-24,Arsenal,2024-05-19,Home,3.000,2.324,3,1
2023-24,Aston Villa,2023-09-24,Away,1.800,1.800,3,1
2023-24,Aston Villa,2023-09-30,Home,2.400,2.000,3,1
2023-24,Aston Villa,2023-10-08,Away,2.400,2.143,1,0
2023-24,Aston Villa,2023-10-22,Home,2.000,2.000,3,1
2023-24,Aston Villa,2023-10-29,Home,2.600,2.111,3,1
2023-24,Aston Villa,2023-11-05,Away,2.600,2.200,0,0
2023-24,Aston Villa,2023-11-12,Home,2.000,2.000,3,1
2023-24,Aston Villa,2023-11-26,Away,2.000,2.083,3,1
2023-24,Aston Villa,2023-12-03,Away,2.400,2.154,1,0
2023-24,Aston Villa,2023-12-06,Home,2.000,2.071,3,1
2023-24,Aston Villa,2023-12-09,Home,2.000,2.133,3,1
2023-24,Aston Villa,2023-12-17,Away,2.600,2.188,3,1
2023-24,Aston Villa,2023-12-22,Home,2.600,2.235,1,0
2023-24,Aston Villa,2023-12-26,Away,2.200,2.167,0,0
2023-24,Aston Villa,2023-12-30,Home,2.000,2.053,3,1
2023-24,Aston Villa,2024-01-14,Away,2.000,2.100,1,0
2023-24,Aston Villa,2024-01-30,Home,1.600,2.048,0,0
2023-24,Aston Villa,2024-02-03,Away,1.000,1.955,3,1
2023-24,Aston Villa,2024-02-11,Home,1.400,2.000,0,0
2023-24,Aston Villa,2024-02-17,Away,1.400,1.917,3,1
2023-24,Aston Villa,2024-02-24,Home,1.400,1.960,3,1
2023-24,Aston Villa,2024-03-02,Away,1.800,2.000,3,1
2023-24,Aston Villa,2024-03-10,Home,2.400,2.037,0,0
2023-24,Aston Villa,2024-03-17,Away,1.800,1.964,1,0
2023-24,Aston Villa,2024-03-30,Home,2.000,1.931,3,1
2023-24,Aston Villa,2024-04-03,Away,2.000,1.967,0,0
2023-24,Aston Villa,2024-04-06,Home,1.400,1.903,1,0
2023-24,Aston Villa,2024-04-14,Away,1.000,1.875,3,1
2023-24,Aston Villa,2024-04-21,Home,1.600,1.909,3,1
2023-24,Aston Villa,2024-04-27,Home,2.000,1.941,1,0
2023-24,Aston Villa,2024-05-05,Away,1.600,1.914,0,0
2023-24,Aston Villa,2024-05-13,Home,1.600,1.861,1,0
2023-24,Aston Villa,2024-05-19,Away,1.600,1.838,0,0
2023-24,Bournemouth,2023-09-24,Away,0.600,0.600,0,0
2023-24,Bournemouth,2023-09-30,Home,0.400,0.500,0,0
2023-24,Bournemouth,2023-10-07,Away,0.400,0.429,0,0
2023-24,Bournemouth,2023-10-21,Home,0.400,0.375,0,0
2023-24,Bournemouth,2023-10-28,Home,0.200,0.333,3,1
2023-24,Bournemouth,2023-11-04,Away,0.600,0.600,0,0
2023-24,Bournemouth,2023-11-11,Home,0.600,0.545,3,1
2023-24,Bournemouth,2023-11-25,Away,1.200,0.750,3,1
2023-24,Bournemouth,2023-12-03,Home,1.800,0.923,1,0
2023-24,Bournemouth,2023-12-06,Away,2.000,0.929,3,1
2023-24,Bournemouth,2023-12-09,Away,2.000,1.067,3,1
2023-24,Bournemouth,2023-12-23,Away,2.600,1.188,3,1
2023-24,Bournemouth,2023-12-26,Home,2.600,1.294,3,1
2023-24,Bournemouth,2023-12-31,Away,2.600,1.389,0,0
2023-24,Bournemouth,2024-01-21,Home,2.400,1.316,0,0
2023-24,Bournemouth,2024-02-01,Away,1.800,1.250,1,0
2023-24,Bournemouth,2024-02-04,Home,1.400,1.238,1,0
2023-24,Bournemouth,2024-02-10,Away,1.000,1.227,0,0
2023-24,Bournemouth,2024-02-17,Away,0.400,1.174,1,0
2023-24,Bournemouth,2024-02-24,Home,0.600,1.167,0,0
2023-24,Bournemouth,2024-03-03,Away,0.600,1.120,3,1
2023-24,Bournemouth,2024-03-09,Home,1.000,1.192,1,0
2023-24,Bournemouth,2024-03-13,Home,1.000,1.185,3,1
2023-24,Bournemouth,2024-03-30,Home,1.600,1.250,3,1
2023-24,Bournemouth,2024-04-02,Home,2.000,1.310,3,1
2023-24,Bournemouth,2024-04-06,Away,2.600,1.367,0,0
2023-24,Bournemouth,2024-04-13,Home,2.000,1.323,1,0
2023-24,Bournemouth,2024-04-21,Away,2.000,1.313,0,0
2023-24,Bournemouth,2024-04-24,Away,1.400,1.273,3,1
2023-24,Bournemouth,2024-04-28,Home,1.400,1.324,3,1
2023-24,Bournemouth,2024-05-04,Away,1.400,1.371,0,0
2023-24,Bournemouth,2024-05-11,Home,1.400,1.333,0,0
2023-24,Bournemouth,2024-05-19,Away,1.200,1.297,0,0
2023-24,Brentford,2023-09-23,Home,1.200,1.200,0,0
2023-24,Brentford,2023-10-01,Away,1.000,1.000,1,0
2023-24,Brentford,2023-10-07,Away,0.600,1.000,0,0
2023-24,Brentford,2023-10-21,Home,0.400,0.875,3,1
2023-24,Brentford,2023-10-28,Away,0.800,1.111,3,1
2023-24,Brentford,2023-11-04,Home,1.400,1.300,3,1
2023-24,Brentford,2023-11-12,Away,2.000,1.455,0,0
2023-24,Brentford,2023-11-25,Home,1.800,1.333,0,0
2023-24,Brentford,2023-12-02,Home,1.800,1.231,3,1
2023-24,Brentford,2023-12-06,Away,1.800,1.357,0,0
2023-24,Brentford,2023-12-09,Away,1.200,1.267,0,0
2023-24,Brentford,2023-12-17,Home,0.600,1.188,0,0
2023-24,Brentford,2023-12-27,Home,0.600,1.118,0,0
2023-24,Brentford,2023-12-30,Away,0.600,1.056,0,0
2023-24,Brentford,2024-01-20,Home,0.000,1.000,3,1
2023-24,Brentford,2024-01-31,Away,0.600,1.100,0,0
2023-24,Brentford,2024-02-05,Home,0.600,1.048,0,0
2023-24,Brentford,2024-02-10,Away,0.600,1.000,3,1
2023-24,Brentford,2024-02-17,Home,1.200,1.087,0,0
2023-24,Brentford,2024-02-20,Away,1.200,1.042,0,0
2023-24,Brentford,2024-02-26,Away,0.600,1.000,0,0
2023-24,Brentford,2024-03-02,Home,0.600,0.962,1,0
2023-24,Brentford,2024-03-09,Away,0.800,0.963,0,0
2023-24,Brentford,2024-03-16,Away,0.200,0.929,0,0
2023-24,Brentford,2024-03-30,Home,0.200,0.897,1,0
2023-24,Brentford,2024-04-03,Home,0.400,0.900,1,0
2023-24,Brentford,2024-04-06,Away,0.600,0.903,1,0
2023-24,Brentford,2024-04-13,Home,0.600,0.906,3,1
2023-24,Brentford,2024-04-20,Away,1.200,0.970,3,1
2023-24,Brentford,2024-04-27,Away,1.800,1.029,0,0
2023-24,Brentford,2024-05-04,Home,1.600,1.000,1,0
2023-24,Brentford,2024-05-11,Away,1.600,1.000,3,1
2023-24,Brentford,2024-05-19,Home,2.000,1.054,0,0
2023-24,Brighton,2023-09-24,Home,2.400,2.400,3,1
2023-24,Brighton,2023-09-30,Away,2.400,2.500,0,0
2023-24,Brighton,2023-10-08,Home,1.800,2.143,1,0
2023-24,Brighton,2023-10-21,Away,2.000,2.000,0,0
2023-24,Brighton,2023-10-29,Home,1.400,1.778,1,0
2023-24,Brighton,2023-11-04,Away,1.000,1.700,1,0
2023-24,Brighton,2023-11-12,Home,0.600,1.636,1,0
2023-24,Brighton,2023-11-25,Away,0.800,1.583,3,1
2023-24,Brighton,2023-12-03,Away,1.200,1.692,0,0
2023-24,Brighton,2023-12-06,Home,1.200,1.571,3,1
2023-24,Brighton,2023-12-09,Home,1.600,1.667,1,0
2023-24,Brighton,2023-12-17,Away,1.600,1.625,0,0
2023-24,Brighton,2023-12-21,Away,1.400,1.529,1,0
2023-24,Brighton,2023-12-28,Home,1.000,1.500,3,1
2023-24,Brighton,2024-01-02,Away,1.600,1.579,1,0
2023-24,Brighton,2024-01-22,Home,1.200,1.550,1,0
2023-24,Brighton,2024-01-30,Away,1.200,1.524,0,0
2023-24,Brighton,2024-02-03,Home,1.200,1.455,3,1
2023-24,Brighton,2024-02-10,Away,1.600,1.522,0,0
2023-24,Brighton,2024-02-18,Away,1.000,1.458,3,1
2023-24,Brighton,2024-02-24,Home,1.400,1.520,1,0
2023-24,Brighton,2024-03-02,Away,1.400,1.500,0,0
2023-24,Brighton,2024-03-10,Home,1.400,1.444,3,1
2023-24,Brighton,2024-03-31,Away,1.400,1.500,0,0
2023-24,Brighton,2024-04-03,Away,1.400,1.448,1,0
2023-24,Brighton,2024-04-06,Home,1.000,1.433,0,0
2023-24,Brighton,2024-04-13,Away,0.800,1.387,1,0
2023-24,Brighton,2024-04-25,Home,1.000,1.375,0,0
2023-24,Brighton,2024-04-28,Away,0.400,1.333,0,0
2023-24,Brighton,2024-05-05,Home,0.400,1.294,3,1
2023-24,Brighton,2024-05-11,Away,0.800,1.343,1,0
2023-24,Brighton,2024-05-15,Home,1.000,1.333,0,0
2023-24,Brighton,2024-05-19,Home,0.800,1.297,0,0
2023-24,Burnley,2023-09-30,Away,0.200,0.200,0,0
2023-24,Burnley,2023-10-03,Away,0.200,0.167,3,1
2023-24,Burnley,2023-10-07,Home,0.800,0.571,0,0
2023-24,Burnley,2023-10-21,Away,0.800,0.500,0,0
2023-24,Burnley,2023-10-28,Away,0.600,0.444,0,0
2023-24,Burnley,2023-11-04,Home,0.600,0.400,0,0
2023-24,Burnley,2023-11-11,Away,0.600,0.364,0,0
2023-24,Burnley,2023-11-25,Home,0.000,0.333,0,0
2023-24,Burnley,2023-12-02,Home,0.000,0.308,3,1
2023-24,Burnley,2023-12-05,Away,0.600,0.500,0,0
2023-24,Burnley,2023-12-09,Away,0.600,0.467,1,0
2023-24,Burnley,2023-12-16,Home,0.800,0.500,0,0
2023-24,Burnley,2023-12-23,Away,0.800,0.471,3,1
2023-24,Burnley,2023-12-26,Home,1.400,0.611,0,0
2023-24,Burnley,2023-12-30,Away,0.800,0.579,0,0
2023-24,Burnley,2024-01-12,Home,0.800,0.550,1,0
2023-24,Burnley,2024-01-31,Away,0.800,0.571,0,0
2023-24,Burnley,2024-02-03,Home,0.800,0.545,1,0
2023-24,Burnley,2024-02-10,Away,0.400,0.565,0,0
2023-24,Burnley,2024-02-17,Home,0.400,0.542,0,0
2023-24,Burnley,2024-02-24,Away,0.400,0.520,0,0
2023-24,Burnley,2024-03-03,Home,0.200,0.500,0,0
2023-24,Burnley,2024-03-10,Away,0.200,0.481,1,0
2023-24,Burnley,2024-03-16,Home,0.200,0.500,3,1
2023-24,Burnley,2024-03-30,Away,0.800,0.586,1,0
2023-24,Burnley,2024-04-02,Home,1.000,0.600,1,0
2023-24,Burnley,2024-04-06,Away,1.200,0.613,0,0
2023-24,Burnley,2024-04-13,Home,1.200,0.594,1,0
2023-24,Burnley,2024-04-20,Away,1.200,0.606,3,1
2023-24,Burnley,2024-04-27,Away,1.200,0.676,1,0
2023-24,Burnley,2024-05-04,Home,1.200,0.686,0,0
2023-24,Burnley,2024-05-11,Away,1.000,0.667,0,0
2023-24,Burnley,2024-05-19,Home,1.000,0.649,0,0
2023-24,Chelsea,2023-09-24,Home,1.000,1.000,0,0
2023-24,Chelsea,2023-10-02,Away,0.800,0.833,3,1
2023-24,Chelsea,2023-10-07,Away,1.400,1.143,3,1
2023-24,Chelsea,2023-10-21,Home,1.400,1.375,1,0
2023-24,Chelsea,2023-10-28,Home,1.600,1.333,0,0
2023-24,Chelsea,2023-11-06,Away,1.400,1.200,3,1
2023-24,Chelsea,2023-11-12,Home,2.000,1.364,1,0
2023-24,Chelsea,2023-11-25,Away,1.600,1.333,0,0
2023-24,Chelsea,2023-12-03,Home,1.000,1.231,3,1
2023-24,Chelsea,2023-12-06,Away,1.400,1.357,0,0
2023-24,Chelsea,2023-12-10,Away,1.400,1.267,0,0
2023-24,Chelsea,2023-12-16,Home,0.800,1.188,3,1
2023-24,Chelsea,2023-12-24,Away,1.200,1.294,0,0
2023-24,Chelsea,2023-12-27,Home,1.200,1.222,3,1
2023-24,Chelsea,2023-12-30,Away,1.200,1.316,3,1
2023-24,Chelsea,2024-01-13,Home,1.800,1.400,3,1
2023-24,Chelsea,2024-01-31,Away,2.400,1.476,0,0
2023-24,Chelsea,2024-02-04,Home,1.800,1.409,0,0
2023-24,Chelsea,2024-02-12,Away,1.800,1.348,3,1
2023-24,Chelsea,2024-02-17,Away,1.800,1.417,1,0
2023-24,Chelsea,2024-03-02,Away,1.400,1.400,1,0
2023-24,Chelsea,2024-03-11,Home,1.000,1.385,3,1
2023-24,Chelsea,2024-03-30,Home,1.600,1.444,1,0
2023-24,Chelsea,2024-04-04,Home,1.800,1.429,3,1
2023-24,Chelsea,2024-04-07,Away,1.800,1.483,1,0
2023-24,Chelsea,2024-04-15,Home,1.800,1.467,3,1
2023-24,Chelsea,2024-04-23,Away,2.200,1.516,0,0
2023-24,Chelsea,2024-04-27,Away,1.600,1.469,1,0
2023-24,Chelsea,2024-05-02,Home,1.600,1.455,3,1
2023-24,Chelsea,2024-05-05,Home,1.600,1.500,3,1
2023-24,Chelsea,2024-05-11,Away,2.000,1.543,3,1
2023-24,Chelsea,2024-05-15,Away,2.000,1.583,3,1
2023-24,Chelsea,2024-05-19,Home,2.600,1.622,3,1
2023-24,Crystal Palace,2023-09-23,Home,1.400,1.400,1,0
2023-24,Crystal Palace,2023-09-30,Away,1.000,1.333,3,1
2023-24,Crystal Palace,2023-10-07,Home,1.600,1.571,1,0
2023-24,Crystal Palace,2023-10-21,Away,1.600,1.500,0,0
2023-24,Crystal Palace,2023-10-27,Home,1.000,1.333,0,0
2023-24,Crystal Palace,2023-11-04,Away,1.000,1.200,3,1
2023-24,Crystal Palace,2023-11-11,Home,1.400,1.364,0,0
2023-24,Crystal Palace,2023-11-25,Away,0.800,1.250,0,0
2023-24,Crystal Palace,2023-12-03,Away,0.600,1.154,1,0
2023-24,Crystal Palace,2023-12-06,Home,0.800,1.143,0,0
2023-24,Crystal Palace,2023-12-09,Home,0.800,1.067,0,0
2023-24,Crystal Palace,2023-12-16,Away,0.200,1.000,1,0
2023-24,Crystal Palace,2023-12-21,Home,0.400,1.000,1,0
2023-24,Crystal Palace,2023-12-27,Away,0.600,1.000,0,0
2023-24,Crystal Palace,2023-12-30,Home,0.400,0.947,3,1
2023-24,Crystal Palace,2024-01-20,Away,1.000,1.050,0,0
2023-24,Crystal Palace,2024-01-30,Home,1.000,1.000,3,1
2023-24,Crystal Palace,2024-02-03,Away,1.400,1.091,0,0
2023-24,Crystal Palace,2024-02-12,Home,1.200,1.043,0,0
2023-24,Crystal Palace,2024-02-19,Away,1.200,1.000,1,0
2023-24,Crystal Palace,2024-02-24,Home,0.800,1.000,3,1
2023-24,Crystal Palace,2024-03-02,Away,1.400,1.077,0,0
2023-24,Crystal Palace,2024-03-09,Home,0.800,1.037,1,0
2023-24,Crystal Palace,2024-03-30,Away,1.000,1.036,1,0
2023-24,Crystal Palace,2024-04-02,Away,1.200,1.034,0,0
2023-24,Crystal Palace,2024-04-06,Home,1.000,1.000,0,0
2023-24,Crystal Palace,2024-04-14,Away,0.400,0.968,3,1
2023-24,Crystal Palace,2024-04-21,Home,1.000,1.031,3,1
2023-24,Crystal Palace,2024-04-24,Home,1.400,1.091,3,1
2023-24,Crystal Palace,2024-04-27,Away,1.800,1.147,1,0
2023-24,Crystal Palace,2024-05-06,Home,2.000,1.143,3,1
2023-24,Crystal Palace,2024-05-11,Away,2.600,1.194,3,1
2023-24,Crystal Palace,2024-05-19,Home,2.600,1.243,3,1
2023-24,Everton,2023-09-23,Away,0.200,0.200,3,1
2023-24,Everton,2023-09-30,Home,0.800,0.667,0,0
2023-24,Everton,2023-10-07,Home,0.800,0.571,3,1
2023-24,Everton,2023-10-21,Away,1.400,0.875,0,0
2023-24,Everton,2023-10-29,Away,1.200,0.778,3,1
2023-24,Everton,2023-11-04,Home,1.800,1.000,1,0
2023-24,Everton,2023-11-11,Away,1.400,1.000,3,1
2023-24,Everton,2023-11-26,Home,2.000,1.167,0,0
2023-24,Everton,2023-12-02,Away,1.400,1.077,3,1
2023-24,Everton,2023-12-07,Home,2.000,1.214,3,1
2023-24,Everton,2023-12-10,Home,2.000,1.333,3,1
2023-24,Everton,2023-12-16,Away,2.400,1.438,3,1
2023-24,Everton,2023-12-23,Away,2.400,1.529,0,0
2023-24,Everton,2023-12-27,Home,2.400,1.444,0,0
2023-24,Everton,2023-12-30,Away,1.800,1.368,0,0
2023-24,Everton,2024-01-14,Home,1.200,1.300,1,0
2023-24,Everton,2024-01-30,Away,0.800,1.286,1,0
2023-24,Everton,2024-02-03,Home,0.400,1.273,1,0
2023-24,Everton,2024-02-10,Away,0.600,1.261,0,0
2023-24,Everton,2024-02-19,Home,0.600,1.208,1,0
2023-24,Everton,2024-02-24,Away,0.800,1.200,1,0
2023-24,Everton,2024-03-02,Home,0.800,1.192,0,0
2023-24,Everton,2024-03-09,Away,0.600,1.148,0,0
2023-24,Everton,2024-03-30,Away,0.400,1.107,0,0
2023-24,Everton,2024-04-02,Away,0.400,1.069,1,0
2023-24,Everton,2024-04-06,Home,0.400,1.067,3,1
2023-24,Everton,2024-04-15,Away,0.800,1.129,0,0
2023-24,Everton,2024-04-21,Home,0.800,1.094,3,1
2023-24,Everton,2024-04-24,Home,1.400,1.152,3,1
2023-24,Everton,2024-04-27,Home,2.000,1.206,3,1
2023-24,Everton,2024-05-03,Away,2.400,1.257,1,0
2023-24,Everton,2024-05-11,Home,2.000,1.250,3,1
2023-24,Everton,2024-05-19,Away,2.600,1.297,0,0
2023-24,Fulham,2023-09-23,Away,1.400,1.400,1,0
2023-24,Fulham,2023-10-02,Home,1.000,1.333,0,0
2023-24,Fulham,2023-10-07,Home,1.000,1.143,3,1
2023-24,Fulham,2023-10-23,Away,1.400,1.375,0,0
2023-24,Fulham,2023-10-29,Away,1.400,1.222,1,0
2023-24,Fulham,2023-11-04,Home,1.000,1.200,0,0
2023-24,Fulham,2023-11-12,Away,0.800,1.091,0,0
2023-24,Fulham,2023-11-27,Home,0.800,1.000,3,1
2023-24,Fulham,2023-12-03,Away,0.800,1.154,0,0
2023-24,Fulham,2023-12-06,Home,0.800,1.071,3,1
2023-24,Fulham,2023-12-10,Home,1.200,1.200,3,1
2023-24,Fulham,2023-12-16,Away,1.800,1.313,0,0
2023-24,Fulham,2023-12-23,Home,1.800,1.235,0,0
2023-24,Fulham,2023-12-26,Away,1.200,1.167,0,0
2023-24,Fulham,2023-12-31,Home,1.200,1.105,3,1
2023-24,Fulham,2024-01-13,Away,1.200,1.200,0,0
2023-24,Fulham,2024-01-30,Home,0.600,1.143,1,0
2023-24,Fulham,2024-02-03,Away,0.800,1.136,1,0
2023-24,Fulham,2024-02-10,Home,1.000,1.130,3,1
2023-24,Fulham,2024-02-17,Home,1.600,1.208,0,0
2023-24,Fulham,2024-02-24,Away,1.000,1.160,3,1
2023-24,Fulham,2024-03-02,Home,1.600,1.231,3,1
2023-24,Fulham,2024-03-09,Away,2.000,1.296,0,0
2023-24,Fulham,2024-03-16,Home,1.800,1.250,3,1
2023-24,Fulham,2024-03-30,Away,1.800,1.310,1,0
2023-24,Fulham,2024-04-02,Away,2.000,1.300,0,0
2023-24,Fulham,2024-04-06,Home,1.400,1.258,0,0
2023-24,Fulham,2024-04-14,Away,0.800,1.219,3,1
2023-24,Fulham,2024-04-21,Home,1.400,1.273,0,0
2023-24,Fulham,2024-04-27,Home,0.800,1.235,1,0
2023-24,Fulham,2024-05-04,Away,0.800,1.229,1,0
2023-24,Fulham,2024-05-11,Home,1.000,1.222,0,0
2023-24,Fulham,2024-05-19,Away,1.000,1.189,3,1
2023-24,Liverpool,2023-09-24,Home,2.600,2.600,3,1
2023-24,Liverpool,2023-09-30,Away,3.000,2.667,0,0
2023-24,Liverpool,2023-10-08,Away,2.400,2.286,1,0
2023-24,Liverpool,2023-10-21,Home,2.000,2.125,3,1
2023-24,Liverpool,2023-10-29,Home,2.000,2.222,3,1
2023-24,Liverpool,2023-11-05,Away,2.000,2.300,1,0
2023-24,Liverpool,2023-11-12,Home,1.600,2.182,3,1
2023-24,Liverpool,2023-11-25,Away,2.200,2.250,1,0
2023-24,Liverpool,2023-12-03,Home,2.200,2.154,3,1
2023-24,Liverpool,2023-12-06,Away,2.200,2.214,3,1
2023-24,Liverpool,2023-12-09,Away,2.200,2.267,3,1
2023-24,Liverpool,2023-12-17,Home,2.600,2.313,1,0
2023-24,Liverpool,2023-12-23,Home,2.200,2.235,1,0
2023-24,Liverpool,2023-12-26,Away,2.200,2.167,3,1
2023-24,Liverpool,2024-01-01,Home,2.200,2.211,3,1
2023-24,Liverpool,2024-01-21,Away,2.200,2.250,3,1
2023-24,Liverpool,2024-01-31,Home,2.200,2.286,3,1
2023-24,Liverpool,2024-02-04,Away,2.600,2.318,0,0
2023-24,Liverpool,2024-02-10,Home,2.400,2.217,3,1
2023-24,Liverpool,2024-02-17,Away,2.400,2.250,3,1
2023-24,Liverpool,2024-02-21,Home,2.400,2.280,3,1
2023-24,Liverpool,2024-03-02,Away,2.400,2.308,3,1
2023-24,Liverpool,2024-03-10,Home,2.400,2.333,1,0
2023-24,Liverpool,2024-03-31,Home,2.600,2.286,3,1
2023-24,Liverpool,2024-04-04,Home,2.600,2.310,3,1
2023-24,Liverpool,2024-04-07,Away,2.600,2.333,1,0
2023-24,Liverpool,2024-04-14,Home,2.200,2.290,0,0
2023-24,Liverpool,2024-04-21,Away,1.600,2.219,3,1
2023-24,Liverpool,2024-04-24,Away,2.000,2.242,0,0
2023-24,Liverpool,2024-04-27,Away,1.400,2.176,1,0
2023-24,Liverpool,2024-05-05,Home,1.000,2.143,3,1
2023-24,Liverpool,2024-05-13,Away,1.400,2.167,1,0
2023-24,Liverpool,2024-05-19,Home,1.600,2.135,3,1
2023-24,Luton,2023-09-30,Away,0.200,0.200,3,1
2023-24,Luton,2023-10-03,Home,0.800,0.667,0,0
2023-24,Luton,2023-10-07,Home,0.800,0.571,0,0
2023-24,Luton,2023-10-21,Away,0.800,0.500,1,0
2023-24,Luton,2023-10-29,Away,1.000,0.556,0,0
2023-24,Luton,2023-11-05,Home,0.800,0.500,1,0
2023-24,Luton,2023-11-11,Away,0.400,0.545,0,0
2023-24,Luton,2023-11-25,Home,0.400,0.500,3,1
2023-24,Luton,2023-12-02,Away,1.000,0.692,0,0
2023-24,Luton,2023-12-05,Home,0.800,0.643,0,0
2023-24,Luton,2023-12-10,Home,0.800,0.600,0,0
2023-24,Luton,2023-12-23,Home,0.600,0.563,3,1
2023-24,Luton,2023-12-26,Away,1.200,0.706,3,1
2023-24,Luton,2023-12-30,Home,1.200,0.833,0,0
2023-24,Luton,2024-01-12,Away,1.200,0.789,1,0
2023-24,Luton,2024-01-30,Home,1.400,0.800,3,1
2023-24,Luton,2024-02-03,Away,2.000,0.905,1,0
2023-24,Luton,2024-02-10,Home,1.600,0.909,0,0
2023-24,Luton,2024-02-18,Home,1.000,0.870,0,0
2023-24,Luton,2024-02-21,Away,1.000,0.833,0,0
2023-24,Luton,2024-03-02,Home,0.800,0.800,0,0
2023-24,Luton,2024-03-09,Away,0.200,0.769,1,0
2023-24,Luton,2024-03-13,Away,0.200,0.778,0,0
2023-24,Luton,2024-03-16,Home,0.200,0.750,1,0
2023-24,Luton,2024-03-30,Away,0.400,0.759,0,0
2023-24,Luton,2024-04-03,Away,0.400,0.733,0,0
2023-24,Luton,2024-04-06,Home,0.400,0.710,3,1
2023-24,Luton,2024-04-13,Away,0.800,0.781,0,0
2023-24,Luton,2024-04-20,Home,0.800,0.758,0,0
2023-24,Luton,2024-04-27,Away,0.600,0.735,0,0
2023-24,Luton,2024-05-03,Home,0.600,0.714,1,0
2023-24,Luton,2024-05-11,Away,0.800,0.722,0,0
2023-24,Luton,2024-05-19,Home,0.200,0.703,0,0
2023-24,Man City,2023-09-23,Home,3.000,3.000,3,1
2023-24,Man City,2023-09-30,Away,3.000,3.000,0,0
2023-24,Man City,2023-10-08,Away,2.400,2.571,0,0
2023-24,Man City,2023-10-21,Home,1.800,2.250,3,1
2023-24,Man City,2023-10-29,Away,1.800,2.333,3,1
2023-24,Man City,2023-11-04,Home,1.800,2.400,3,1
2023-24,Man City,2023-11-12,Away,1.800,2.455,1,0
2023-24,Man City,2023-11-25,Home,2.000,2.333,1,0
2023-24,Man City,2023-12-03,Home,2.200,2.231,1,0
2023-24,Man City,2023-12-06,Away,1.800,2.143,0,0
2023-24,Man City,2023-12-10,Away,1.200,2.000,3,1
2023-24,Man City,2023-12-16,Home,1.200,2.063,1,0
2023-24,Man City,2023-12-27,Away,1.200,2.000,3,1
2023-24,Man City,2023-12-30,Home,1.600,2.056,3,1
2023-24,Man City,2024-01-13,Away,2.000,2.105,3,1
2023-24,Man City,2024-01-31,Home,2.600,2.150,3,1
2023-24,Man City,2024-02-05,Away,2.600,2.190,3,1
2023-24,Man City,2024-02-10,Home,3.000,2.227,3,1
2023-24,Man City,2024-02-17,Home,3.000,2.261,1,0
2023-24,Man City,2024-02-20,Home,2.600,2.208,3,1
2023-24,Man City,2024-02-24,Away,2.600,2.240,3,1
2023-24,Man City,2024-03-03,Home,2.600,2.269,3,1
2023-24,Man City,2024-03-10,Away,2.600,2.296,1,0
2023-24,Man City,2024-03-31,Home,2.200,2.250,1,0
2023-24,Man City,2024-04-03,Home,2.200,2.207,3,1
2023-24,Man City,2024-04-06,Away,2.200,2.233,3,1
2023-24,Man City,2024-04-13,Home,2.200,2.258,3,1
2023-24,Man City,2024-04-25,Away,2.200,2.281,3,1
2023-24,Man City,2024-04-28,Away,2.600,2.303,3,1
2023-24,Man City,2024-05-04,Home,3.000,2.324,3,1
2023-24,Man City,2024-05-11,Away,3.000,2.343,3,1
2023-24,Man City,2024-05-14,Away,3.000,2.361,3,1
2023-24,Man City,2024-05-19,Home,3.000,2.378,3,1
2023-24,Man United,2023-09-23,Away,1.200,1.200,3,1
2023-24,Man United,2023-09-30,Home,1.200,1.500,0,0
2023-24,Man United,2023-10-07,Home,1.200,1.286,3,1
2023-24,Man United,2023-10-21,Away,1.200,1.500,3,1
2023-24,Man United,2023-10-29,Home,1.800,1.667,0,0
2023-24,Man United,2023-11-04,Away,1.800,1.500,3,1
2023-24,Man United,2023-11-11,Home,1.800,1.636,3,1
2023-24,Man United,2023-11-26,Away,2.400,1.750,3,1
2023-24,Man United,2023-12-02,Away,2.400,1.846,0,0
2023-24,Man United,2023-12-06,Home,1.800,1.714,3,1
2023-24,Man United,2023-12-09,Home,2.400,1.800,0,0
2023-24,Man United,2023-12-17,Away,1.800,1.688,1,0
2023-24,Man United,2023-12-23,Away,1.400,1.647,0,0
2023-24,Man United,2023-12-26,Home,0.800,1.556,3,1
2023-24,Man United,2023-12-30,Away,1.400,1.632,0,0
2023-24,Man United,2024-01-14,Home,0.800,1.550,1,0
2023-24,Man United,2024-02-01,Away,1.000,1.524,3,1
2023-24,Man United,2024-02-04,Home,1.400,1.591,3,1
2023-24,Man United,2024-02-11,Away,2.000,1.652,3,1
2023-24,Man United,2024-02-18,Away,2.000,1.708,3,1
2023-24,Man United,2024-02-24,Home,2.600,1.760,0,0
2023-24,Man United,2024-03-03,Away,2.400,1.692,0,0
2023-24,Man United,2024-03-09,Home,1.800,1.630,3,1
2023-24,Man United,2024-03-30,Away,1.800,1.679,1,0
2023-24,Man United,2024-04-04,Away,1.400,1.655,0,0
2023-24,Man United,2024-04-07,Home,0.800,1.600,1,0
2023-24,Man United,2024-04-13,Away,1.000,1.581,1,0
2023-24,Man United,2024-04-24,Home,1.200,1.563,3,1
2023-24,Man United,2024-04-27,Home,1.200,1.606,1,0
2023-24,Man United,2024-05-06,Away,1.200,1.588,0,0
2023-24,Man United,2024-05-12,Home,1.200,1.543,0,0
2023-24,Man United,2024-05-15,Home,1.000,1.500,3,1
2023-24,Man United,2024-05-19,Away,1.400,1.541,3,1
2023-24,Newcastle,2023-09-24,Away,1.200,1.200,3,1
2023-24,Newcastle,2023-09-30,Home,1.200,1.500,3,1
2023-24,Newcastle,2023-10-08,Away,1.800,1.714,1,0
2023-24,Newcastle,2023-10-21,Home,2.000,1.625,3,1
2023-24,Newcastle,2023-10-28,Away,2.600,1.778,1,0
2023-24,Newcastle,2023-11-04,Home,2.200,1.700,3,1
2023-24,Newcastle,2023-11-11,Away,2.200,1.818,0,0
2023-24,Newcastle,2023-11-25,Home,1.600,1.667,3,1
2023-24,Newcastle,2023-12-02,Home,2.000,1.769,3,1
2023-24,Newcastle,2023-12-07,Away,2.000,1.857,0,0
2023-24,Newcastle,2023-12-10,Away,1.800,1.733,0,0
2023-24,Newcastle,2023-12-16,Home,1.200,1.625,3,1
2023-24,Newcastle,2023-12-23,Away,1.800,1.706,0,0
2023-24,Newcastle,2023-12-26,Home,1.200,1.611,0,0
2023-24,Newcastle,2024-01-01,Away,0.600,1.526,0,0
2023-24,Newcastle,2024-01-13,Home,0.600,1.450,0,0
2023-24,Newcastle,2024-01-30,Away,0.600,1.381,3,1
2023-24,Newcastle,2024-02-03,Home,0.600,1.455,1,0
2023-24,Newcastle,2024-02-10,Away,0.800,1.435,3,1
2023-24,Newcastle,2024-02-17,Home,1.400,1.500,1,0
2023-24,Newcastle,2024-02-24,Away,1.600,1.480,0,0
2023-24,Newcastle,2024-03-02,Home,1.600,1.423,3,1
2023-24,Newcastle,2024-03-11,Away,1.600,1.481,0,0
2023-24,Newcastle,2024-03-30,Home,1.400,1.429,3,1
2023-24,Newcastle,2024-04-02,Home,1.400,1.483,1,0
2023-24,Newcastle,2024-04-06,Away,1.400,1.467,3,1
2023-24,Newcastle,2024-04-13,Home,2.000,1.516,3,1
2023-24,Newcastle,2024-04-24,Away,2.000,1.563,0,0
2023-24,Newcastle,2024-04-27,Home,2.000,1.515,3,1
2023-24,Newcastle,2024-05-04,Away,2.000,1.559,3,1
2023-24,Newcastle,2024-05-11,Home,2.400,1.600,1,0
2023-24,Newcastle,2024-05-15,Away,2.000,1.583,0,0
2023-24,Newcastle,2024-05-19,Away,1.400,1.541,3,1
2023-24,Nott'm Forest,2023-09-23,Away,1.400,1.400,0,0
2023-24,Nott'm Forest,2023-10-01,Home,1.400,1.167,1,0
2023-24,Nott'm Forest,2023-10-07,Away,1.000,1.143,1,0
2023-24,Nott'm Forest,2023-10-21,Home,1.200,1.125,1,0
2023-24,Nott'm Forest,2023-10-29,Away,0.800,1.111,0,0
2023-24,Nott'm Forest,2023-11-05,Home,0.600,1.000,3,1
2023-24,Nott'm Forest,2023-11-12,Away,1.200,1.182,0,0
2023-24,Nott'm Forest,2023-11-25,Home,1.000,1.083,0,0
2023-24,Nott'm Forest,2023-12-02,Home,0.800,1.000,0,0
2023-24,Nott'm Forest,2023-12-06,Away,0.600,0.929,0,0
2023-24,Nott'm Forest,2023-12-09,Away,0.600,0.867,1,0
2023-24,Nott'm Forest,2023-12-15,Home,0.200,0.875,0,0
2023-24,Nott'm Forest,2023-12-23,Home,0.200,0.824,0,0
2023-24,Nott'm Forest,2023-12-26,Away,0.200,0.778,3,1
2023-24,Nott'm Forest,2023-12-30,Home,0.800,0.895,3,1
2023-24,Nott'm Forest,2024-01-20,Away,1.400,1.000,0,0
2023-24,Nott'm Forest,2024-01-30,Home,1.200,0.952,0,0
2023-24,Nott'm Forest,2024-02-04,Away,1.200,0.909,1,0
2023-24,Nott'm Forest,2024-02-10,Home,1.400,0.913,0,0
2023-24,Nott'm Forest,2024-02-17,Home,0.800,0.875,3,1
2023-24,Nott'm Forest,2024-02-24,Away,0.800,0.960,0,0
2023-24,Nott'm Forest,2024-03-02,Home,0.800,0.923,0,0
2023-24,Nott'm Forest,2024-03-10,Away,0.800,0.889,0,0
2023-24,Nott'm Forest,2024-03-16,Away,0.600,0.857,1,0
2023-24,Nott'm Forest,2024-03-30,Home,0.800,0.862,1,0
2023-24,Nott'm Forest,2024-04-02,Home,0.400,0.867,3,1
2023-24,Nott'm Forest,2024-04-07,Away,1.000,0.935,0,0
2023-24,Nott'm Forest,2024-04-13,Home,1.000,0.906,1,0
2023-24,Nott'm Forest,2024-04-21,Away,1.200,0.909,0,0
2023-24,Nott'm Forest,2024-04-28,Home,1.000,0.882,0,0
2023-24,Nott'm Forest,2024-05-04,Away,0.800,0.857,3,1
2023-24,Nott'm Forest,2024-05-11,Home,0.800,0.917,0,0
2023-24,Nott'm Forest,2024-05-19,Away,0.800,0.892,3,1
2023-24,Sheffield United,2023-09-24,Home,0.200,0.200,0,0
2023-24,Sheffield United,2023-09-30,Away,0.200,0.167,0,0
2023-24,Sheffield United,2023-10-07,Away,0.200,0.143,0,0
2023-24,Sheffield United,2023-10-21,Home,0.200,0.125,0,0
2023-24,Sheffield United,2023-10-28,Away,0.000,0.111,0,0
2023-24,Sheffield United,2023-11-04,Home,0.000,0.100,3,1
2023-24,Sheffield United,2023-11-12,Away,0.600,0.364,1,0
2023-24,Sheffield United,2023-11-25,Home,0.800,0.417,0,0
2023-24,Sheffield United,2023-12-02,Away,0.800,0.385,0,0
2023-24,Sheffield United,2023-12-06,Home,0.800,0.357,0,0
2023-24,Sheffield United,2023-12-09,Home,0.800,0.333,3,1
2023-24,Sheffield United,2023-12-16,Away,0.800,0.500,0,0
2023-24,Sheffield United,2023-12-22,Away,0.600,0.471,1,0
2023-24,Sheffield United,2023-12-26,Home,0.800,0.500,0,0
2023-24,Sheffield United,2023-12-30,Away,0.800,0.474,0,0
2023-24,Sheffield United,2024-01-21,Home,0.800,0.450,1,0
2023-24,Sheffield United,2024-01-30,Away,0.400,0.476,0,0
2023-24,Sheffield United,2024-02-03,Home,0.400,0.455,0,0
2023-24,Sheffield United,2024-02-10,Away,0.200,0.435,3,1
2023-24,Sheffield United,2024-02-18,Home,0.800,0.542,0,0
2023-24,Sheffield United,2024-02-25,Away,0.800,0.520,0,0
2023-24,Sheffield United,2024-03-04,Home,0.600,0.500,0,0
2023-24,Sheffield United,2024-03-09,Away,0.600,0.481,1,0
2023-24,Sheffield United,2024-03-30,Home,0.800,0.500,1,0
2023-24,Sheffield United,2024-04-04,Away,0.400,0.517,0,0
2023-24,Sheffield United,2024-04-07,Home,0.400,0.500,1,0
2023-24,Sheffield United,2024-04-13,Away,0.600,0.516,0,0
2023-24,Sheffield United,2024-04-20,Home,0.600,0.500,0,0
2023-24,Sheffield United,2024-04-24,Away,0.400,0.485,0,0
2023-24,Sheffield United,2024-04-27,Away,0.200,0.471,0,0
2023-24,Sheffield United,2024-05-04,Home,0.200,0.457,0,0
2023-24,Sheffield United,2024-05-11,Away,0.000,0.444,0,0
2023-24,Sheffield United,2024-05-19,Home,0.000,0.432,0,0
2023-24,Tottenham,2023-09-24,Away,2.600,2.600,1,0
2023-24,Tottenham,2023-09-30,Home,2.600,2.333,3,1
2023-24,Tottenham,2023-10-07,Away,2.600,2.429,3,1
2023-24,Tottenham,2023-10-23,Home,2.600,2.500,3,1
2023-24,Tottenham,2023-10-27,Away,2.600,2.556,3,1
2023-24,Tottenham,2023-11-06,Home,2.600,2.600,0,0
2023-24,Tottenham,2023-11-11,Away,2.400,2.364,0,0
2023-24,Tottenham,2023-11-26,Home,1.800,2.167,0,0
2023-24,Tottenham,2023-12-03,Away,1.200,2.000,1,0
2023-24,Tottenham,2023-12-07,Home,0.800,1.929,0,0
2023-24,Tottenham,2023-12-10,Home,0.200,1.800,3,1
2023-24,Tottenham,2023-12-15,Away,0.800,1.875,3,1
2023-24,Tottenham,2023-12-23,Home,1.400,1.941,3,1
2023-24,Tottenham,2023-12-28,Away,2.000,2.000,0,0
2023-24,Tottenham,2023-12-31,Home,1.800,1.895,3,1
2023-24,Tottenham,2024-01-14,Away,2.400,1.950,1,0
2023-24,Tottenham,2024-01-31,Home,2.000,1.905,3,1
2023-24,Tottenham,2024-02-03,Away,2.000,1.955,1,0
2023-24,Tottenham,2024-02-10,Home,1.600,1.913,3,1
2023-24,Tottenham,2024-02-17,Home,2.200,1.958,0,0
2023-24,Tottenham,2024-03-02,Home,1.600,1.880,3,1
2023-24,Tottenham,2024-03-10,Away,2.000,1.923,3,1
2023-24,Tottenham,2024-03-16,Away,2.000,1.963,0,0
2023-24,Tottenham,2024-03-30,Home,1.800,1.893,3,1
2023-24,Tottenham,2024-04-02,Away,1.800,1.931,1,0
2023-24,Tottenham,2024-04-07,Home,2.000,1.900,3,1
2023-24,Tottenham,2024-04-13,Away,2.000,1.935,0,0
2023-24,Tottenham,2024-04-28,Home,1.400,1.875,0,0
2023-24,Tottenham,2024-05-02,Away,1.400,1.818,0,0
2023-24,Tottenham,2024-05-05,Away,0.800,1.765,0,0
2023-24,Tottenham,2024-05-11,Home,0.600,1.714,3,1
2023-24,Tottenham,2024-05-14,Home,0.600,1.750,0,0
2023-24,Tottenham,2024-05-19,Away,0.600,1.703,3,1
2023-24,West Ham,2023-09-24,Away,2.000,2.000,0,0
2023-24,West Ham,2023-09-30,Home,1.800,1.667,3,1
2023-24,West Ham,2023-10-08,Home,1.800,1.857,1,0
2023-24,West Ham,2023-10-22,Away,1.400,1.750,0,0
2023-24,West Ham,2023-10-29,Home,0.800,1.556,0,0
2023-24,West Ham,2023-11-04,Away,0.800,1.400,0,0
2023-24,West Ham,2023-11-12,Home,0.800,1.273,3,1
2023-24,West Ham,2023-11-25,Away,0.800,1.417,3,1
2023-24,West Ham,2023-12-03,Home,1.200,1.538,1,0
2023-24,West Ham,2023-12-07,Away,1.400,1.500,3,1
2023-24,West Ham,2023-12-10,Away,2.000,1.600,0,0
2023-24,West Ham,2023-12-17,Home,2.000,1.500,3,1
2023-24,West Ham,2023-12-23,Home,2.000,1.588,3,1
2023-24,West Ham,2023-12-28,Away,2.000,1.667,3,1
2023-24,West Ham,2024-01-02,Home,2.400,1.737,1,0
2023-24,West Ham,2024-01-21,Away,2.000,1.700,1,0
2023-24,West Ham,2024-02-01,Home,2.200,1.667,1,0
2023-24,West Ham,2024-02-04,Away,1.800,1.636,0,0
2023-24,West Ham,2024-02-11,Home,1.200,1.565,0,0
2023-24,West Ham,2024-02-17,Away,0.600,1.500,0,0
2023-24,West Ham,2024-02-26,Home,0.400,1.440,3,1
2023-24,West Ham,2024-03-02,Away,0.800,1.500,3,1
2023-24,West Ham,2024-03-10,Home,1.200,1.556,1,0
2023-24,West Ham,2024-03-17,Home,1.400,1.536,1,0
2023-24,West Ham,2024-03-30,Away,1.600,1.517,0,0
2023-24,West Ham,2024-04-02,Home,1.600,1.467,1,0
2023-24,West Ham,2024-04-06,Away,1.200,1.452,3,1
2023-24,West Ham,2024-04-14,Home,1.200,1.500,0,0
2023-24,West Ham,2024-04-21,Away,1.000,1.455,0,0
2023-24,West Ham,2024-04-27,Home,0.800,1.412,1,0
2023-24,West Ham,2024-05-05,Away,1.000,1.400,0,0
2023-24,West Ham,2024-05-11,Home,0.800,1.361,3,1
2023-24,West Ham,2024-05-19,Away,0.800,1.405,0,0
2023-24,Wolves,2023-09-23,Away,0.600,0.600,1,0
2023-24,Wolves,2023-09-30,Home,0.800,0.667,3,1
2023-24,Wolves,2023-10-08,Home,1.400,1.000,1,0
2023-24,Wolves,2023-10-21,Away,1.000,1.000,3,1
2023-24,Wolves,2023-10-28,Home,1.600,1.222,1,0
2023-24,Wolves,2023-11-04,Away,1.800,1.200,0,0
2023-24,Wolves,2023-11-11,Home,1.600,1.091,3,1
2023-24,Wolves,2023-11-27,Away,1.600,1.250,0,0
2023-24,Wolves,2023-12-02,Away,1.400,1.154,0,0
2023-24,Wolves,2023-12-05,Home,0.800,1.071,3,1
2023-24,Wolves,2023-12-09,Home,1.200,1.200,1,0
2023-24,Wolves,2023-12-17,Away,1.400,1.188,0,0
2023-24,Wolves,2023-12-24,Home,0.800,1.118,3,1
2023-24,Wolves,2023-12-27,Away,1.400,1.222,3,1
2023-24,Wolves,2023-12-30,Home,2.000,1.316,3,1
2023-24,Wolves,2024-01-22,Away,2.000,1.400,1,0
2023-24,Wolves,2024-02-01,Home,2.000,1.381,0,0
2023-24,Wolves,2024-02-04,Away,2.000,1.318,3,1
2023-24,Wolves,2024-02-10,Home,2.000,1.391,0,0
2023-24,Wolves,2024-02-17,Away,1.400,1.333,3,1
2023-24,Wolves,2024-02-25,Home,1.400,1.400,3,1
2023-24,Wolves,2024-03-02,Away,1.800,1.462,0,0
2023-24,Wolves,2024-03-09,Home,1.800,1.407,3,1
2023-24,Wolves,2024-03-30,Away,1.800,1.464,0,0
2023-24,Wolves,2024-04-02,Away,1.800,1.414,1,0
2023-24,Wolves,2024-04-06,Home,1.400,1.400,0,0
2023-24,Wolves,2024-04-13,Away,0.800,1.355,1,0
2023-24,Wolves,2024-04-20,Home,1.000,1.344,0,0
2023-24,Wolves,2024-04-24,Home,0.400,1.303,0,0
2023-24,Wolves,2024-04-27,Home,0.400,1.265,3,1
2023-24,Wolves,2024-05-04,Away,0.800,1.314,0,0
2023-24,Wolves,2024-05-11,Home,0.800,1.278,0,0
2023-24,Wolves,2024-05-19,Away,0.600,1.243,0,0
2024-25,Arsenal,2024-09-28,Home,2.200,2.200,3,1
2024-25,Arsenal,2024-10-05,Home,2.200,2.333,3,1
2024-25,Arsenal,2024-10-19,Away,2.200,2.429,0,0
2024-25,Arsenal,2024-10-27,Home,2.000,2.125,1,0
2024-25,Arsenal,2024-11-02,Away,1.600,2.000,0,0
2024-25,Arsenal,2024-11-10,Away,1.400,1.800,1,0
2024-25,Arsenal,2024-11-23,Home,1.000,1.727,3,1
2024-25,Arsenal,2024-11-30,Away,1.000,1.833,3,1
2024-25,Arsenal,2024-12-04,Home,1.600,1.923,3,1
2024-25,Arsenal,2024-12-08,Away,2.000,2.000,1,0
2024-25,Arsenal,2024-12-14,Home,2.200,1.933,1,0
2024-25,Arsenal,2024-12-21,Away,2.200,1.875,3,1
2024-25,Arsenal,2024-12-27,Home,2.200,1.941,3,1
2024-25,Arsenal,2025-01-01,Away,2.200,2.000,3,1
2024-25,Arsenal,2025-01-04,Away,2.200,2.053,1,0
2024-25,Arsenal,2025-01-15,Home,2.200,2.000,3,1
2024-25,Arsenal,2025-01-18,Home,2.600,2.048,1,0
2024-25,Arsenal,2025-01-25,Away,2.200,2.000,3,1
2024-25,Arsenal,2025-02-02,Home,2.200,2.043,3,1
2024-25,Arsenal,2025-02-15,Away,2.200,2.083,3,1
2024-25,Arsenal,2025-02-22,Home,2.600,2.120,0,0
2024-25,Arsenal,2025-02-26,Away,2.000,2.038,1,0
2024-25,Arsenal,2025-03-09,Away,2.000,2.000,1,0
2024-25,Arsenal,2025-03-16,Home,1.600,1.964,3,1
2024-25,Arsenal,2025-04-01,Home,1.600,2.000,3,1
2024-25,Arsenal,2025-04-05,Away,1.600,2.033,1,0
2024-25,Arsenal,2025-04-12,Home,1.800,2.000,1,0
2024-25,Arsenal,2025-04-20,Away,1.800,1.969,3,1
2024-25,Arsenal,2025-04-23,Home,2.200,2.000,1,0
2024-25,Arsenal,2025-05-03,Home,1.800,1.971,0,0
2024-25,Arsenal,2025-05-11,Away,1.200,1.914,1,0
2024-25,Arsenal,2025-05-18,Home,1.200,1.889,3,1
2024-25,Arsenal,2025-05-25,Away,1.600,1.919,3,1
2024-25,Aston Villa,2024-09-29,Away,2.400,2.400,1,0
2024-25,Aston Villa,2024-10-06,Home,2.000,2.167,1,0
2024-25,Aston Villa,2024-10-19,Away,2.200,2.000,3,1
2024-25,Aston Villa,2024-10-26,Home,2.200,2.125,1,0
2024-25,Aston Villa,2024-11-03,Away,1.800,2.000,0,0
2024-25,Aston Villa,2024-11-09,Away,1.200,1.800,0,0
2024-25,Aston Villa,2024-11-23,Home,1.000,1.636,1,0
2024-25,Aston Villa,2024-12-01,Away,1.000,1.583,0,0
2024-25,Aston Villa,2024-12-04,Home,0.400,1.462,3,1
2024-25,Aston Villa,2024-12-07,Home,0.800,1.571,3,1
2024-25,Aston Villa,2024-12-14,Away,1.400,1.667,0,0
2024-25,Aston Villa,2024-12-21,Home,1.400,1.563,3,1
2024-25,Aston Villa,2024-12-26,Away,1.800,1.647,0,0
2024-25,Aston Villa,2024-12-30,Home,1.800,1.556,1,0
2024-25,Aston Villa,2025-01-04,Home,1.400,1.526,3,1
2024-25,Aston Villa,2025-01-15,Away,1.400,1.600,3,1
2024-25,Aston Villa,2025-01-18,Away,2.000,1.667,1,0
2024-25,Aston Villa,2025-01-26,Home,1.600,1.636,1,0
2024-25,Aston Villa,2025-02-01,Away,1.800,1.609,0,0
2024-25,Aston Villa,2025-02-15,Home,1.600,1.542,1,0
2024-25,Aston Villa,2025-02-19,Home,1.200,1.520,1,0
2024-25,Aston Villa,2025-02-22,Home,0.800,1.500,3,1
2024-25,Aston Villa,2025-02-25,Away,1.200,1.556,0,0
2024-25,Aston Villa,2025-03-08,Away,1.000,1.500,3,1
2024-25,Aston Villa,2025-04-02,Away,1.600,1.552,3,1
2024-25,Aston Villa,2025-04-05,Home,2.000,1.600,3,1
2024-25,Aston Villa,2025-04-12,Away,2.400,1.645,3,1
2024-25,Aston Villa,2025-04-19,Home,2.400,1.688,3,1
2024-25,Aston Villa,2025-04-22,Away,3.000,1.727,0,0
2024-25,Aston Villa,2025-05-03,Home,2.400,1.676,3,1
2024-25,Aston Villa,2025-05-10,Away,2.400,1.714,3,1
2024-25,Aston Villa,2025-05-16,Home,2.400,1.750,3,1
2024-25,Aston Villa,2025-05-25,Away,2.400,1.784,0,0
2024-25,Bournemouth,2024-09-30,Home,1.000,1.000,3,1
2024-25,Bournemouth,2024-10-05,Away,1.400,1.333,0,0
2024-25,Bournemouth,2024-10-19,Home,1.200,1.143,3,1
2024-25,Bournemouth,2024-10-26,Away,1.200,1.375,1,0
2024-25,Bournemouth,2024-11-02,Home,1.400,1.333,3,1
2024-25,Bournemouth,2024-11-09,Away,2.000,1.500,0,0
2024-25,Bournemouth,2024-11-23,Home,1.400,1.364,0,0
2024-25,Bournemouth,2024-11-30,Away,1.400,1.250,3,1
2024-25,Bournemouth,2024-12-05,Home,1.400,1.385,3,1
2024-25,Bournemouth,2024-12-08,Away,1.800,1.500,3,1
2024-25,Bournemouth,2024-12-16,Home,1.800,1.600,1,0
2024-25,Bournemouth,2024-12-22,Away,2.000,1.563,3,1
2024-25,Bournemouth,2024-12-26,Home,2.600,1.647,1,0
2024-25,Bournemouth,2024-12-29,Away,2.200,1.611,1,0
2024-25,Bournemouth,2025-01-04,Home,1.800,1.579,3,1
2024-25,Bournemouth,2025-01-14,Away,1.800,1.650,1,0
2024-25,Bournemouth,2025-01-18,Away,1.800,1.619,3,1
2024-25,Bournemouth,2025-01-25,Home,1.800,1.682,3,1
2024-25,Bournemouth,2025-02-01,Home,2.200,1.739,0,0
2024-25,Bournemouth,2025-02-15,Away,2.000,1.667,3,1
2024-25,Bournemouth,2025-02-22,Home,2.000,1.720,0,0
2024-25,Bournemouth,2025-02-25,Away,1.800,1.654,0,0
2024-25,Bournemouth,2025-03-09,Away,1.200,1.593,1,0
2024-25,Bournemouth,2025-03-15,Home,0.800,1.571,0,0
2024-25,Bournemouth,2025-04-02,Home,0.800,1.517,0,0
2024-25,Bournemouth,2025-04-05,Away,0.200,1.467,1,0
2024-25,Bournemouth,2025-04-14,Home,0.400,1.452,3,1
2024-25,Bournemouth,2025-04-19,Away,1.000,1.500,1,0
2024-25,Bournemouth,2025-04-27,Home,1.000,1.485,1,0
2024-25,Bournemouth,2025-05-03,Away,1.200,1.471,3,1
2024-25,Bournemouth,2025-05-10,Home,1.800,1.514,0,0
2024-25,Bournemouth,2025-05-20,Away,1.600,1.472,0,0
2024-25,Bournemouth,2025-05-25,Home,1.000,1.432,3,1
2024-25,Brentford,2024-09-28,Home,1.200,1.200,1,0
2024-25,Brentford,2024-10-05,Home,0.800,1.167,3,1
2024-25,Brentford,2024-10-19,Away,1.400,1.429,0,0
2024-25,Brentford,2024-10-26,Home,0.800,1.250,3,1
2024-25,Brentford,2024-11-04,Away,1.400,1.444,0,0
2024-25,Brentford,2024-11-09,Home,1.400,1.300,3,1
2024-25,Brentford,2024-11-23,Away,1.800,1.455,1,0
2024-25,Brentford,2024-11-30,Home,1.400,1.417,3,1
2024-25,Brentford,2024-12-04,Away,2.000,1.538,0,0
2024-25,Brentford,2024-12-07,Home,1.400,1.429,3,1
2024-25,Brentford,2024-12-15,Away,2.000,1.533,0,0
2024-25,Brentford,2024-12-21,Home,1.400,1.438,0,0
2024-25,Brentford,2024-12-27,Away,1.200,1.353,1,0
2024-25,Brentford,2025-01-01,Home,0.800,1.333,0,0
2024-25,Brentford,2025-01-04,Away,0.800,1.263,3,1
2024-25,Brentford,2025-01-14,Home,0.800,1.350,1,0
2024-25,Brentford,2025-01-18,Home,1.000,1.333,0,0
2024-25,Brentford,2025-01-26,Away,1.000,1.273,3,1
2024-25,Brentford,2025-02-02,Home,1.400,1.348,0,0
2024-25,Brentford,2025-02-15,Away,1.400,1.292,3,1
2024-25,Brentford,2025-02-21,Away,1.400,1.360,3,1
2024-25,Brentford,2025-02-26,Home,1.800,1.423,1,0
2024-25,Brentford,2025-03-08,Home,2.000,1.407,0,0
2024-25,Brentford,2025-03-15,Away,1.400,1.357,3,1
2024-25,Brentford,2025-04-02,Away,2.000,1.414,0,0
2024-25,Brentford,2025-04-06,Home,1.400,1.367,1,0
2024-25,Brentford,2025-04-12,Away,1.000,1.355,1,0
2024-25,Brentford,2025-04-19,Home,1.000,1.344,3,1
2024-25,Brentford,2025-05-01,Away,1.600,1.394,3,1
2024-25,Brentford,2025-05-04,Home,1.600,1.441,3,1
2024-25,Brentford,2025-05-10,Away,2.200,1.486,3,1
2024-25,Brentford,2025-05-18,Home,2.600,1.528,0,0
2024-25,Brentford,2025-05-25,Away,2.400,1.486,1,0
2024-25,Brighton,2024-09-28,Away,1.800,1.800,0,0
2024-25,Brighton,2024-10-06,Home,1.200,1.500,3,1
2024-25,Brighton,2024-10-19,Away,1.200,1.714,3,1
2024-25,Brighton,2024-10-26,Home,1.600,1.875,1,0
2024-25,Brighton,2024-11-02,Away,1.600,1.778,0,0
2024-25,Brighton,2024-11-09,Home,1.400,1.600,3,1
2024-25,Brighton,2024-11-23,Away,2.000,1.727,3,1
2024-25,Brighton,2024-11-29,Home,2.000,1.833,1,0
2024-25,Brighton,2024-12-05,Away,1.600,1.769,0,0
2024-25,Brighton,2024-12-08,Away,1.400,1.643,1,0
2024-25,Brighton,2024-12-15,Home,1.600,1.600,0,0
2024-25,Brighton,2024-12-21,Away,1.000,1.500,1,0
2024-25,Brighton,2024-12-27,Home,0.600,1.471,1,0
2024-25,Brighton,2024-12-30,Away,0.600,1.444,1,0
2024-25,Brighton,2025-01-04,Home,0.800,1.421,1,0
2024-25,Brighton,2025-01-16,Away,0.800,1.400,3,1
2024-25,Brighton,2025-01-19,Away,1.400,1.476,3,1
2024-25,Brighton,2025-01-25,Home,1.800,1.545,0,0
2024-25,Brighton,2025-02-01,Away,1.600,1.478,0,0
2024-25,Brighton,2025-02-14,Home,1.400,1.417,3,1
2024-25,Brighton,2025-02-22,Away,1.800,1.480,3,1
2024-25,Brighton,2025-02-25,Home,1.800,1.538,3,1
2024-25,Brighton,2025-03-08,Home,1.800,1.593,3,1
2024-25,Brighton,2025-03-15,Away,2.400,1.643,1,0
2024-25,Brighton,2025-04-02,Home,2.600,1.621,0,0
2024-25,Brighton,2025-04-05,Away,2.000,1.567,0,0
2024-25,Brighton,2025-04-12,Home,1.400,1.516,1,0
2024-25,Brighton,2025-04-19,Away,1.000,1.500,0,0
2024-25,Brighton,2025-04-26,Home,0.400,1.455,3,1
2024-25,Brighton,2025-05-04,Home,0.800,1.500,1,0
2024-25,Brighton,2025-05-10,Away,1.000,1.486,3,1
2024-25,Brighton,2025-05-19,Home,1.600,1.528,3,1
2024-25,Brighton,2025-05-25,Away,2.000,1.568,3,1
2024-25,Chelsea,2024-09-28,Home,2.000,2.000,3,1
2024-25,Chelsea,2024-10-06,Home,2.600,2.167,1,0
2024-25,Chelsea,2024-10-20,Away,2.200,2.000,0,0
2024-25,Chelsea,2024-10-27,Home,2.000,1.750,3,1
2024-25,Chelsea,2024-11-03,Away,2.000,1.889,1,0
2024-25,Chelsea,2024-11-10,Home,1.600,1.800,1,0
2024-25,Chelsea,2024-11-23,Away,1.200,1.727,3,1
2024-25,Chelsea,2024-12-01,Home,1.600,1.833,3,1
2024-25,Chelsea,2024-12-04,Away,2.200,1.923,3,1
2024-25,Chelsea,2024-12-08,Away,2.200,2.000,3,1
2024-25,Chelsea,2024-12-15,Home,2.600,2.067,3,1
2024-25,Chelsea,2024-12-22,Away,3.000,2.125,1,0
2024-25,Chelsea,2024-12-26,Home,2.600,2.059,0,0
2024-25,Chelsea,2024-12-30,Away,2.000,1.944,0,0
2024-25,Chelsea,2025-01-04,Away,1.400,1.842,1,0
2024-25,Chelsea,2025-01-14,Home,1.000,1.800,1,0
2024-25,Chelsea,2025-01-20,Home,0.600,1.762,3,1
2024-25,Chelsea,2025-01-25,Away,1.000,1.818,0,0
2024-25,Chelsea,2025-02-03,Home,1.000,1.739,3,1
2024-25,Chelsea,2025-02-14,Away,1.600,1.792,0,0
2024-25,Chelsea,2025-02-22,Away,1.400,1.720,0,0
2024-25,Chelsea,2025-02-25,Home,1.200,1.654,3,1
2024-25,Chelsea,2025-03-09,Home,1.200,1.704,3,1
2024-25,Chelsea,2025-03-16,Away,1.800,1.750,0,0
2024-25,Chelsea,2025-04-03,Home,1.200,1.690,3,1
2024-25,Chelsea,2025-04-06,Away,1.800,1.733,1,0
2024-25,Chelsea,2025-04-13,Home,2.000,1.710,1,0
2024-25,Chelsea,2025-04-20,Away,1.600,1.688,3,1
2024-25,Chelsea,2025-04-26,Home,1.600,1.727,3,1
2024-25,Chelsea,2025-05-04,Home,2.200,1.765,3,1
2024-25,Chelsea,2025-05-11,Away,2.200,1.800,0,0
2024-25,Chelsea,2025-05-16,Home,2.000,1.750,3,1
2024-25,Chelsea,2025-05-25,Away,2.400,1.784,3,1
2024-25,Crystal Palace,2024-09-28,Away,0.600,0.600,0,0
2024-25,Crystal Palace,2024-10-05,Home,0.600,0.500,0,0
2024-25,Crystal Palace,2024-10-21,Away,0.600,0.429,0,0
2024-25,Crystal Palace,2024-10-27,Home,0.400,0.375,3,1
2024-25,Crystal Palace,2024-11-02,Away,0.800,0.667,1,0
2024-25,Crystal Palace,2024-11-09,Home,0.800,0.700,0,0
2024-25,Crystal Palace,2024-11-23,Away,0.800,0.636,1,0
2024-25,Crystal Palace,2024-11-30,Home,1.000,0.667,1,0
2024-25,Crystal Palace,2024-12-03,Away,1.200,0.692,3,1
2024-25,Crystal Palace,2024-12-07,Home,1.200,0.857,1,0
2024-25,Crystal Palace,2024-12-15,Away,1.200,0.867,3,1
2024-25,Crystal Palace,2024-12-21,Home,1.800,1.000,0,0
2024-25,Crystal Palace,2024-12-26,Away,1.600,0.941,1,0
2024-25,Crystal Palace,2024-12-29,Home,1.600,0.944,3,1
2024-25,Crystal Palace,2025-01-04,Home,1.600,1.053,1,0
2024-25,Crystal Palace,2025-01-15,Away,1.600,1.050,3,1
2024-25,Crystal Palace,2025-01-18,Away,1.600,1.143,3,1
2024-25,Crystal Palace,2025-01-26,Home,2.200,1.227,0,0
2024-25,Crystal Palace,2025-02-02,Away,2.000,1.174,3,1
2024-25,Crystal Palace,2025-02-15,Home,2.000,1.250,0,0
2024-25,Crystal Palace,2025-02-22,Away,1.800,1.200,3,1
2024-25,Crystal Palace,2025-02-25,Home,1.800,1.269,3,1
2024-25,Crystal Palace,2025-03-08,Home,1.800,1.333,3,1
2024-25,Crystal Palace,2025-04-02,Away,2.400,1.393,1,0
2024-25,Crystal Palace,2025-04-05,Home,2.000,1.379,3,1
2024-25,Crystal Palace,2025-04-12,Away,2.600,1.433,0,0
2024-25,Crystal Palace,2025-04-16,Away,2.000,1.387,0,0
2024-25,Crystal Palace,2025-04-19,Home,1.400,1.344,1,0
2024-25,Crystal Palace,2025-04-23,Away,1.000,1.333,1,0
2024-25,Crystal Palace,2025-05-05,Home,1.000,1.324,1,0
2024-25,Crystal Palace,2025-05-11,Away,0.600,1.314,3,1
2024-25,Crystal Palace,2025-05-20,Home,1.200,1.361,3,1
2024-25,Crystal Palace,2025-05-25,Away,1.800,1.405,1,0
2024-25,Everton,2024-09-28,Home,0.200,0.200,3,1
2024-25,Everton,2024-10-05,Home,0.800,0.667,1,0
2024-25,Everton,2024-10-19,Away,1.000,0.714,3,1
2024-25,Everton,2024-10-26,Home,1.600,1.000,1,0
2024-25,Everton,2024-11-02,Away,1.800,1.000,0,0
2024-25,Everton,2024-11-09,Away,1.600,0.900,1,0
2024-25,Everton,2024-11-23,Home,1.200,0.909,1,0
2024-25,Everton,2024-12-01,Away,1.200,0.917,0,0
2024-25,Everton,2024-12-04,Home,0.600,0.846,3,1
2024-25,Everton,2024-12-14,Away,1.000,1.000,1,0
2024-25,Everton,2024-12-22,Home,1.200,1.000,1,0
2024-25,Everton,2024-12-26,Away,1.200,1.000,1,0
2024-25,Everton,2024-12-29,Home,1.200,1.000,0,0
2024-25,Everton,2025-01-04,Away,1.200,0.944,0,0
2024-25,Everton,2025-01-15,Home,0.600,0.895,0,0
2024-25,Everton,2025-01-19,Home,0.400,0.850,3,1
2024-25,Everton,2025-01-25,Away,0.800,0.952,3,1
2024-25,Everton,2025-02-01,Home,1.200,1.045,3,1
2024-25,Everton,2025-02-12,Home,1.800,1.130,1,0
2024-25,Everton,2025-02-15,Away,2.000,1.125,3,1
2024-25,Everton,2025-02-22,Home,2.600,1.200,1,0
2024-25,Everton,2025-02-26,Away,2.200,1.192,1,0
2024-25,Everton,2025-03-08,Away,1.800,1.185,1,0
2024-25,Everton,2025-03-15,Home,1.400,1.179,1,0
2024-25,Everton,2025-04-02,Away,1.400,1.172,0,0
2024-25,Everton,2025-04-05,Home,0.800,1.133,1,0
2024-25,Everton,2025-04-12,Away,0.800,1.129,3,1
2024-25,Everton,2025-04-19,Home,1.200,1.188,0,0
2024-25,Everton,2025-04-26,Away,1.000,1.152,0,0
2024-25,Everton,2025-05-03,Home,0.800,1.118,1,0
2024-25,Everton,2025-05-10,Away,1.000,1.114,3,1
2024-25,Everton,2025-05-18,Home,1.400,1.167,3,1
2024-25,Everton,2025-05-25,Away,1.400,1.216,3,1
2024-25,Fulham,2024-09-28,Away,1.600,1.600,3,1
2024-25,Fulham,2024-10-05,Away,2.200,1.833,0,0
2024-25,Fulham,2024-10-19,Home,1.600,1.571,0,0
2024-25,Fulham,2024-10-26,Away,1.400,1.375,1,0
2024-25,Fulham,2024-11-04,Home,1.400,1.333,3,1
2024-25,Fulham,2024-11-09,Away,1.400,1.500,3,1
2024-25,Fulham,2024-11-23,Home,1.400,1.636,0,0
2024-25,Fulham,2024-12-01,Away,1.400,1.500,1,0
2024-25,Fulham,2024-12-05,Home,1.600,1.462,3,1
2024-25,Fulham,2024-12-08,Home,2.000,1.571,1,0
2024-25,Fulham,2024-12-14,Away,1.600,1.533,1,0
2024-25,Fulham,2024-12-22,Home,1.200,1.500,1,0
2024-25,Fulham,2024-12-26,Away,1.400,1.471,3,1
2024-25,Fulham,2024-12-29,Home,1.800,1.556,1,0
2024-25,Fulham,2025-01-05,Home,1.400,1.526,1,0
2024-25,Fulham,2025-01-14,Away,1.400,1.500,0,0
2024-25,Fulham,2025-01-18,Away,1.200,1.429,3,1
2024-25,Fulham,2025-01-26,Home,1.600,1.500,0,0
2024-25,Fulham,2025-02-01,Away,1.000,1.435,3,1
2024-25,Fulham,2025-02-15,Home,1.400,1.500,3,1
2024-25,Fulham,2025-02-22,Home,1.800,1.560,0,0
2024-25,Fulham,2025-02-25,Away,1.800,1.500,3,1
2024-25,Fulham,2025-03-08,Away,1.800,1.556,0,0
2024-25,Fulham,2025-03-16,Home,1.800,1.500,3,1
2024-25,Fulham,2025-04-01,Away,1.800,1.552,0,0
2024-25,Fulham,2025-04-06,Home,1.200,1.500,3,1
2024-25,Fulham,2025-04-14,Away,1.800,1.548,0,0
2024-25,Fulham,2025-04-20,Home,1.200,1.500,0,0
2024-25,Fulham,2025-04-26,Away,1.200,1.455,3,1
2024-25,Fulham,2025-05-03,Away,1.200,1.500,0,0
2024-25,Fulham,2025-05-10,Home,1.200,1.457,0,0
2024-25,Fulham,2025-05-18,Away,0.600,1.417,3,1
2024-25,Fulham,2025-05-25,Home,1.200,1.459,0,0
2024-25,Ipswich,2024-09-29,Home,0.600,0.600,1,0
2024-25,Ipswich,2024-10-05,Away,0.800,0.667,0,0
2024-25,Ipswich,2024-10-19,Home,0.800,0.571,0,0
2024-25,Ipswich,2024-10-26,Away,0.600,0.500,0,0
2024-25,Ipswich,2024-11-02,Home,0.400,0.444,1,0
2024-25,Ipswich,2024-11-10,Away,0.400,0.500,3,1
2024-25,Ipswich,2024-11-24,Home,0.800,0.727,1,0
2024-25,Ipswich,2024-11-30,Away,1.000,0.750,0,0
2024-25,Ipswich,2024-12-03,Home,1.000,0.692,0,0
2024-25,Ipswich,2024-12-08,Home,1.000,0.643,0,0
2024-25,Ipswich,2024-12-14,Away,0.800,0.600,3,1
2024-25,Ipswich,2024-12-21,Home,0.800,0.750,0,0
2024-25,Ipswich,2024-12-27,Away,0.600,0.706,0,0
2024-25,Ipswich,2024-12-30,Home,0.600,0.667,3,1
2024-25,Ipswich,2025-01-05,Away,1.200,0.789,1,0
2024-25,Ipswich,2025-01-16,Home,1.400,0.800,0,0
2024-25,Ipswich,2025-01-19,Home,0.800,0.762,0,0
2024-25,Ipswich,2025-01-25,Away,0.800,0.727,0,0
2024-25,Ipswich,2025-02-01,Home,0.800,0.696,0,0
2024-25,Ipswich,2025-02-15,Away,0.200,0.667,1,0
2024-25,Ipswich,2025-02-22,Home,0.200,0.680,0,0
2024-25,Ipswich,2025-02-26,Away,0.200,0.654,0,0
2024-25,Ipswich,2025-03-08,Away,0.200,0.630,0,0
2024-25,Ipswich,2025-03-15,Home,0.200,0.607,0,0
2024-25,Ipswich,2025-04-02,Away,0.200,0.586,3,1
2024-25,Ipswich,2025-04-05,Home,0.600,0.667,0,0
2024-25,Ipswich,2025-04-13,Away,0.600,0.645,1,0
2024-25,Ipswich,2025-04-20,Home,0.800,0.656,0,0
2024-25,Ipswich,2025-04-26,Away,0.800,0.636,0,0
2024-25,Ipswich,2025-05-03,Away,0.800,0.618,1,0
2024-25,Ipswich,2025-05-10,Home,0.400,0.629,0,0
2024-25,Ipswich,2025-05-18,Away,0.400,0.611,0,0
2024-25,Ipswich,2025-05-25,Home,0.200,0.595,0,0
2024-25,Leicester,2024-09-28,Away,0.600,0.600,0,0
2024-25,Leicester,2024-10-05,Home,0.400,0.500,3,1
2024-25,Leicester,2024-10-19,Away,1.000,0.857,3,1
2024-25,Leicester,2024-10-25,Home,1.600,1.125,0,0
2024-25,Leicester,2024-11-02,Away,1.400,1.000,1,0
2024-25,Leicester,2024-11-10,Away,1.400,1.000,0,0
2024-25,Leicester,2024-11-23,Home,1.400,0.909,0,0
2024-25,Leicester,2024-11-30,Away,0.800,0.833,0,0
2024-25,Leicester,2024-12-03,Home,0.200,0.769,3,1
2024-25,Leicester,2024-12-08,Home,0.800,0.929,1,0
2024-25,Leicester,2024-12-14,Away,0.800,0.933,0,0
2024-25,Leicester,2024-12-22,Home,0.800,0.875,0,0
2024-25,Leicester,2024-12-26,Away,0.800,0.824,0,0
2024-25,Leicester,2024-12-29,Home,0.800,0.778,0,0
2024-25,Leicester,2025-01-04,Away,0.200,0.737,0,0
2024-25,Leicester,2025-01-15,Home,0.000,0.700,0,0
2024-25,Leicester,2025-01-18,Home,0.000,0.667,0,0
2024-25,Leicester,2025-01-26,Away,0.000,0.636,3,1
2024-25,Leicester,2025-02-01,Away,0.600,0.739,0,0
2024-25,Leicester,2025-02-15,Home,0.600,0.708,0,0
2024-25,Leicester,2025-02-21,Home,0.600,0.680,0,0
2024-25,Leicester,2025-02-27,Away,0.600,0.654,0,0
2024-25,Leicester,2025-03-09,Away,0.600,0.630,0,0
2024-25,Leicester,2025-03-16,Home,0.000,0.607,0,0
2024-25,Leicester,2025-04-02,Away,0.000,0.586,0,0
2024-25,Leicester,2025-04-07,Home,0.000,0.567,0,0
2024-25,Leicester,2025-04-12,Away,0.000,0.548,1,0
2024-25,Leicester,2025-04-20,Home,0.200,0.563,0,0
2024-25,Leicester,2025-04-26,Away,0.200,0.545,0,0
2024-25,Leicester,2025-05-03,Home,0.200,0.529,3,1
2024-25,Leicester,2025-05-11,Away,0.800,0.600,1,0
2024-25,Leicester,2025-05-18,Home,1.000,0.611,3,1
2024-25,Leicester,2025-05-25,Away,1.400,0.676,0,0
2024-25,Liverpool,2024-09-28,Away,2.400,2.400,3,1
2024-25,Liverpool,2024-10-05,Away,2.400,2.500,3,1
2024-25,Liverpool,2024-10-20,Home,2.400,2.571,3,1
2024-25,Liverpool,2024-10-27,Away,2.400,2.625,1,0
2024-25,Liverpool,2024-11-02,Home,2.600,2.444,3,1
2024-25,Liverpool,2024-11-09,Home,2.600,2.500,3,1
2024-25,Liverpool,2024-11-24,Away,2.600,2.545,3,1
2024-25,Liverpool,2024-12-01,Home,2.600,2.583,3,1
2024-25,Liverpool,2024-12-04,Away,2.600,2.615,1,0
2024-25,Liverpool,2024-12-14,Home,2.600,2.500,1,0
2024-25,Liverpool,2024-12-22,Away,2.200,2.400,3,1
2024-25,Liverpool,2024-12-26,Home,2.200,2.438,3,1
2024-25,Liverpool,2024-12-29,Away,2.200,2.471,3,1
2024-25,Liverpool,2025-01-05,Home,2.200,2.500,1,0
2024-25,Liverpool,2025-01-14,Away,2.200,2.421,1,0
2024-25,Liverpool,2025-01-18,Away,2.200,2.350,3,1
2024-25,Liverpool,2025-01-25,Home,2.200,2.381,3,1
2024-25,Liverpool,2025-02-01,Away,2.200,2.409,3,1
2024-25,Liverpool,2025-02-12,Away,2.200,2.435,1,0
2024-25,Liverpool,2025-02-16,Home,2.200,2.375,3,1
2024-25,Liverpool,2025-02-19,Away,2.600,2.400,1,0
2024-25,Liverpool,2025-02-23,Away,2.200,2.346,3,1
2024-25,Liverpool,2025-02-26,Home,2.200,2.370,3,1
2024-25,Liverpool,2025-03-08,Home,2.200,2.393,3,1
2024-25,Liverpool,2025-04-02,Home,2.600,2.414,3,1
2024-25,Liverpool,2025-04-06,Away,2.600,2.433,0,0
2024-25,Liverpool,2025-04-13,Home,2.400,2.355,3,1
2024-25,Liverpool,2025-04-20,Away,2.400,2.375,3,1
2024-25,Liverpool,2025-04-27,Home,2.400,2.394,3,1
2024-25,Liverpool,2025-05-04,Away,2.400,2.412,0,0
2024-25,Liverpool,2025-05-11,Home,1.800,2.343,1,0
2024-25,Liverpool,2025-05-19,Away,2.000,2.306,0,0
2024-25,Liverpool,2025-05-25,Home,1.400,2.243,1,0
2024-25,Man City,2024-09-28,Away,2.600,2.600,1,0
2024-25,Man City,2024-10-05,Home,2.200,2.333,3,1
2024-25,Man City,2024-10-20,Away,2.200,2.429,3,1
2024-25,Man City,2024-10-26,Home,2.200,2.500,3,1
2024-25,Man City,2024-11-02,Away,2.200,2.556,0,0
2024-25,Man City,2024-11-09,Away,2.000,2.300,0,0
2024-25,Man City,2024-11-23,Home,1.800,2.091,0,0
2024-25,Man City,2024-12-01,Away,1.200,1.917,0,0
2024-25,Man City,2024-12-04,Home,0.600,1.769,3,1
2024-25,Man City,2024-12-07,Away,0.600,1.857,1,0
2024-25,Man City,2024-12-15,Home,0.800,1.800,0,0
2024-25,Man City,2024-12-21,Away,0.800,1.688,0,0
2024-25,Man City,2024-12-26,Home,0.800,1.588,1,0
2024-25,Man City,2024-12-29,Away,1.000,1.556,3,1
2024-25,Man City,2025-01-04,Home,1.000,1.632,3,1
2024-25,Man City,2025-01-14,Away,1.400,1.700,1,0
2024-25,Man City,2025-01-19,Away,1.600,1.667,3,1
2024-25,Man City,2025-01-25,Home,2.200,1.727,3,1
2024-25,Man City,2025-02-02,Away,2.600,1.783,0,0
2024-25,Man City,2025-02-15,Home,2.000,1.708,3,1
2024-25,Man City,2025-02-23,Home,2.000,1.760,0,0
2024-25,Man City,2025-02-26,Away,1.800,1.692,3,1
2024-25,Man City,2025-03-08,Away,1.800,1.741,0,0
2024-25,Man City,2025-03-15,Home,1.200,1.679,1,0
2024-25,Man City,2025-04-02,Home,1.400,1.655,3,1
2024-25,Man City,2025-04-06,Away,1.400,1.700,1,0
2024-25,Man City,2025-04-12,Home,1.600,1.677,3,1
2024-25,Man City,2025-04-19,Away,1.600,1.719,3,1
2024-25,Man City,2025-04-22,Home,2.200,1.758,3,1
2024-25,Man City,2025-05-02,Home,2.600,1.794,3,1
2024-25,Man City,2025-05-10,Away,2.600,1.829,1,0
2024-25,Man City,2025-05-20,Home,2.600,1.806,3,1
2024-25,Man City,2025-05-25,Away,2.600,1.838,3,1
2024-25,Man United,2024-09-29,Home,1.400,1.400,0,0
2024-25,Man United,2024-10-06,Away,0.800,1.167,1,0
2024-25,Man United,2024-10-19,Home,1.000,1.143,3,1
2024-25,Man United,2024-10-27,Away,1.600,1.375,0,0
2024-25,Man United,2024-11-03,Home,1.000,1.222,1,0
2024-25,Man United,2024-11-10,Home,1.000,1.200,3,1
2024-25,Man United,2024-11-24,Away,1.600,1.364,1,0
2024-25,Man United,2024-12-01,Home,1.600,1.333,3,1
2024-25,Man United,2024-12-04,Away,1.600,1.462,0,0
2024-25,Man United,2024-12-07,Home,1.600,1.357,0,0
2024-25,Man United,2024-12-15,Away,1.400,1.267,3,1
2024-25,Man United,2024-12-22,Home,1.400,1.375,0,0
2024-25,Man United,2024-12-26,Away,1.200,1.294,0,0
2024-25,Man United,2024-12-30,Home,0.600,1.222,0,0
2024-25,Man United,2025-01-05,Away,0.600,1.158,1,0
2024-25,Man United,2025-01-16,Home,0.800,1.150,3,1
2024-25,Man United,2025-01-19,Home,0.800,1.238,0,0
2024-25,Man United,2025-01-26,Away,0.800,1.182,3,1
2024-25,Man United,2025-02-02,Home,1.400,1.261,0,0
2024-25,Man United,2025-02-16,Away,1.400,1.208,0,0
2024-25,Man United,2025-02-22,Away,1.200,1.160,1,0
2024-25,Man United,2025-02-26,Home,0.800,1.154,3,1
2024-25,Man United,2025-03-09,Home,1.400,1.222,1,0
2024-25,Man United,2025-03-16,Away,1.000,1.214,3,1
2024-25,Man United,2025-04-01,Away,1.600,1.276,0,0
2024-25,Man United,2025-04-06,Home,1.600,1.233,1,0
2024-25,Man United,2025-04-13,Away,1.600,1.226,0,0
2024-25,Man United,2025-04-20,Home,1.000,1.188,0,0
2024-25,Man United,2025-04-27,Away,0.800,1.152,1,0
2024-25,Man United,2025-05-04,Away,0.400,1.147,0,0
2024-25,Man United,2025-05-11,Home,0.400,1.114,0,0
2024-25,Man United,2025-05-16,Away,0.200,1.083,0,0
2024-25,Man United,2025-05-25,Home,0.200,1.054,3,1
2024-25,Newcastle,2024-09-28,Home,2.000,2.000,1,0
2024-25,Newcastle,2024-10-05,Away,1.600,1.833,1,0
2024-25,Newcastle,2024-10-19,Home,1.600,1.714,0,0
2024-25,Newcastle,2024-10-27,Away,1.000,1.500,0,0
2024-25,Newcastle,2024-11-02,Home,0.400,1.333,3,1
2024-25,Newcastle,2024-11-10,Away,1.000,1.500,3,1
2024-25,Newcastle,2024-11-25,Home,1.400,1.636,0,0
2024-25,Newcastle,2024-11-30,Away,1.200,1.500,1,0
2024-25,Newcastle,2024-12-04,Home,1.400,1.462,1,0
2024-25,Newcastle,2024-12-07,Away,1.600,1.429,0,0
2024-25,Newcastle,2024-12-14,Home,1.000,1.333,3,1
2024-25,Newcastle,2024-12-21,Away,1.000,1.438,3,1
2024-25,Newcastle,2024-12-26,Home,1.600,1.529,3,1
2024-25,Newcastle,2024-12-30,Away,2.000,1.611,3,1
2024-25,Newcastle,2025-01-04,Away,2.400,1.684,3,1
2024-25,Newcastle,2025-01-15,Home,3.000,1.750,3,1
2024-25,Newcastle,2025-01-18,Home,3.000,1.810,0,0
2024-25,Newcastle,2025-01-25,Away,2.400,1.727,3,1
2024-25,Newcastle,2025-02-01,Home,2.400,1.783,0,0
2024-25,Newcastle,2025-02-15,Away,1.800,1.708,0,0
2024-25,Newcastle,2025-02-23,Home,1.200,1.640,3,1
2024-25,Newcastle,2025-02-26,Away,1.200,1.692,0,0
2024-25,Newcastle,2025-03-10,Away,1.200,1.630,3,1
2024-25,Newcastle,2025-04-02,Home,1.200,1.679,3,1
2024-25,Newcastle,2025-04-07,Away,1.800,1.724,3,1
2024-25,Newcastle,2025-04-13,Home,2.400,1.767,3,1
2024-25,Newcastle,2025-04-16,Home,2.400,1.806,3,1
2024-25,Newcastle,2025-04-19,Away,3.000,1.844,0,0
2024-25,Newcastle,2025-04-26,Home,2.400,1.788,3,1
2024-25,Newcastle,2025-05-04,Away,2.400,1.824,1,0
2024-25,Newcastle,2025-05-11,Home,2.000,1.800,3,1
2024-25,Newcastle,2025-05-18,Away,2.000,1.833,0,0
2024-25,Newcastle,2025-05-25,Home,1.400,1.784,0,0
2024-25,Nott'm Forest,2024-09-28,Home,1.800,1.800,0,0
2024-25,Nott'm Forest,2024-10-06,Away,1.600,1.500,1,0
2024-25,Nott'm Forest,2024-10-21,Home,1.200,1.429,3,1
2024-25,Nott'm Forest,2024-10-25,Away,1.600,1.625,3,1
2024-25,Nott'm Forest,2024-11-02,Home,1.600,1.778,3,1
2024-25,Nott'm Forest,2024-11-10,Home,2.000,1.900,0,0
2024-25,Nott'm Forest,2024-11-23,Away,2.000,1.727,0,0
2024-25,Nott'm Forest,2024-11-30,Home,1.800,1.583,3,1
2024-25,Nott'm Forest,2024-12-04,Away,1.800,1.692,0,0
2024-25,Nott'm Forest,2024-12-07,Away,1.200,1.571,3,1
2024-25,Nott'm Forest,2024-12-14,Home,1.200,1.667,3,1
2024-25,Nott'm Forest,2024-12-21,Away,1.800,1.750,3,1
2024-25,Nott'm Forest,2024-12-26,Home,2.400,1.824,3,1
2024-25,Nott'm Forest,2024-12-29,Away,2.400,1.889,3,1
2024-25,Nott'm Forest,2025-01-06,Away,3.000,1.947,3,1
2024-25,Nott'm Forest,2025-01-14,Home,3.000,2.000,1,0
2024-25,Nott'm Forest,2025-01-19,Home,2.600,1.952,3,1
2024-25,Nott'm Forest,2025-01-25,Away,2.600,2.000,0,0
2024-25,Nott'm Forest,2025-02-01,Home,2.000,1.913,3,1
2024-25,Nott'm Forest,2025-02-15,Away,2.000,1.958,0,0
2024-25,Nott'm Forest,2025-02-23,Away,1.400,1.880,0,0
2024-25,Nott'm Forest,2025-02-26,Home,1.200,1.808,1,0
2024-25,Nott'm Forest,2025-03-08,Home,0.800,1.778,3,1
2024-25,Nott'm Forest,2025-03-15,Away,1.400,1.821,3,1
2024-25,Nott'm Forest,2025-04-01,Home,1.400,1.862,3,1
2024-25,Nott'm Forest,2025-04-05,Away,2.000,1.900,0,0
2024-25,Nott'm Forest,2025-04-12,Home,2.000,1.839,0,0
2024-25,Nott'm Forest,2025-04-21,Away,1.800,1.781,3,1
2024-25,Nott'm Forest,2025-05-01,Home,1.800,1.818,0,0
2024-25,Nott'm Forest,2025-05-05,Away,1.200,1.765,1,0
2024-25,Nott'm Forest,2025-05-11,Home,0.800,1.743,1,0
2024-25,Nott'm Forest,2025-05-18,Away,1.000,1.722,3,1
2024-25,Nott'm Forest,2025-05-25,Home,1.600,1.757,0,0
2024-25,Southampton,2024-09-30,Away,0.200,0.200,0,0
2024-25,Southampton,2024-10-05,Away,0.200,0.167,0,0
2024-25,Southampton,2024-10-19,Home,0.200,0.143,0,0
2024-25,Southampton,2024-10-26,Away,0.200,0.125,0,0
2024-25,Southampton,2024-11-02,Home,0.200,0.111,3,1
2024-25,Southampton,2024-11-09,Away,0.600,0.400,0,0
2024-25,Southampton,2024-11-24,Home,0.600,0.364,0,0
2024-25,Southampton,2024-11-29,Away,0.600,0.333,1,0
2024-25,Southampton,2024-12-04,Home,0.800,0.385,0,0
2024-25,Southampton,2024-12-07,Away,0.800,0.357,0,0
2024-25,Southampton,2024-12-15,Home,0.200,0.333,0,0
2024-25,Southampton,2024-12-22,Away,0.200,0.313,1,0
2024-25,Southampton,2024-12-26,Home,0.400,0.353,0,0
2024-25,Southampton,2024-12-29,Away,0.200,0.333,0,0
2024-25,Southampton,2025-01-04,Home,0.200,0.316,0,0
2024-25,Southampton,2025-01-16,Away,0.200,0.300,0,0
2024-25,Southampton,2025-01-19,Away,0.200,0.286,0,0
2024-25,Southampton,2025-01-25,Home,0.000,0.273,0,0
2024-25,Southampton,2025-02-01,Away,0.000,0.261,3,1
2024-25,Southampton,2025-02-15,Home,0.600,0.375,0,0
2024-25,Southampton,2025-02-22,Home,0.600,0.360,0,0
2024-25,Southampton,2025-02-25,Away,0.600,0.346,0,0
2024-25,Southampton,2025-03-08,Away,0.600,0.333,0,0
2024-25,Southampton,2025-03-15,Home,0.600,0.321,0,0
2024-25,Southampton,2025-04-02,Home,0.000,0.310,1,0
2024-25,Southampton,2025-04-06,Away,0.200,0.333,0,0
2024-25,Southampton,2025-04-12,Home,0.200,0.323,0,0
2024-25,Southampton,2025-04-19,Away,0.200,0.313,1,0
2024-25,Southampton,2025-04-26,Home,0.400,0.333,0,0
2024-25,Southampton,2025-05-03,Away,0.400,0.324,0,0
2024-25,Southampton,2025-05-10,Home,0.200,0.314,1,0
2024-25,Southampton,2025-05-18,Away,0.400,0.333,0,0
2024-25,Southampton,2025-05-25,Home,0.400,0.324,0,0
2024-25,Tottenham,2024-09-29,Away,1.400,1.400,3,1
2024-25,Tottenham,2024-10-06,Away,1.800,1.667,0,0
2024-25,Tottenham,2024-10-19,Home,1.200,1.429,3,1
2024-25,Tottenham,2024-10-27,Away,1.800,1.625,0,0
2024-25,Tottenham,2024-11-03,Home,1.800,1.444,3,1
2024-25,Tottenham,2024-11-10,Home,1.800,1.600,0,0
2024-25,Tottenham,2024-11-23,Away,1.200,1.455,3,1
2024-25,Tottenham,2024-12-01,Home,1.800,1.583,1,0
2024-25,Tottenham,2024-12-05,Away,1.400,1.538,0,0
2024-25,Tottenham,2024-12-08,Home,1.400,1.429,0,0
2024-25,Tottenham,2024-12-15,Away,0.800,1.333,3,1
2024-25,Tottenham,2024-12-22,Home,1.400,1.438,0,0
2024-25,Tottenham,2024-12-26,Away,0.800,1.353,0,0
2024-25,Tottenham,2024-12-29,Home,0.600,1.278,1,0
2024-25,Tottenham,2025-01-04,Home,0.800,1.263,0,0
2024-25,Tottenham,2025-01-15,Away,0.800,1.200,0,0
2024-25,Tottenham,2025-01-19,Away,0.200,1.143,0,0
2024-25,Tottenham,2025-01-26,Home,0.200,1.091,0,0
2024-25,Tottenham,2025-02-02,Away,0.200,1.043,3,1
2024-25,Tottenham,2025-02-16,Home,0.600,1.125,3,1
2024-25,Tottenham,2025-02-22,Away,1.200,1.200,3,1
2024-25,Tottenham,2025-02-26,Home,1.800,1.269,0,0
2024-25,Tottenham,2025-03-09,Home,1.800,1.222,1,0
2024-25,Tottenham,2025-03-16,Away,2.000,1.214,0,0
2024-25,Tottenham,2025-04-03,Away,1.400,1.172,0,0
2024-25,Tottenham,2025-04-06,Home,0.800,1.133,3,1
2024-25,Tottenham,2025-04-13,Away,0.800,1.194,0,0
2024-25,Tottenham,2025-04-21,Home,0.800,1.156,0,0
2024-25,Tottenham,2025-04-27,Away,0.600,1.121,0,0
2024-25,Tottenham,2025-05-04,Away,0.600,1.088,1,0
2024-25,Tottenham,2025-05-11,Home,0.800,1.086,0,0
2024-25,Tottenham,2025-05-16,Away,0.200,1.056,0,0
2024-25,Tottenham,2025-05-25,Home,0.200,1.027,0,0
2024-25,West Ham,2024-09-28,Away,0.800,0.800,1,0
2024-25,West Ham,2024-10-05,Home,1.000,0.833,3,1
2024-25,West Ham,2024-10-19,Away,1.000,1.143,0,0
2024-25,West Ham,2024-10-27,Home,1.000,1.000,3,1
2024-25,West Ham,2024-11-02,Away,1.400,1.222,0,0
2024-25,West Ham,2024-11-09,Home,1.400,1.100,1,0
2024-25,West Ham,2024-11-25,Away,1.400,1.091,3,1
2024-25,West Ham,2024-11-30,Home,1.400,1.250,0,0
2024-25,West Ham,2024-12-03,Away,1.400,1.154,0,0
2024-25,West Ham,2024-12-09,Home,0.800,1.071,3,1
2024-25,West Ham,2024-12-16,Away,1.400,1.200,1,0
2024-25,West Ham,2024-12-21,Home,1.400,1.188,1,0
2024-25,West Ham,2024-12-26,Away,1.000,1.176,3,1
2024-25,West Ham,2024-12-29,Home,1.600,1.278,0,0
2024-25,West Ham,2025-01-04,Away,1.600,1.211,0,0
2024-25,West Ham,2025-01-14,Home,1.000,1.150,3,1
2024-25,West Ham,2025-01-18,Home,1.400,1.238,0,0
2024-25,West Ham,2025-01-26,Away,1.200,1.182,1,0
2024-25,West Ham,2025-02-03,Away,0.800,1.174,0,0
2024-25,West Ham,2025-02-15,Home,0.800,1.125,0,0
2024-25,West Ham,2025-02-22,Away,0.800,1.080,3,1
2024-25,West Ham,2025-02-27,Home,0.800,1.154,3,1
2024-25,West Ham,2025-03-10,Home,1.400,1.222,0,0
2024-25,West Ham,2025-03-15,Away,1.200,1.179,1,0
2024-25,West Ham,2025-04-01,Away,1.400,1.172,0,0
2024-25,West Ham,2025-04-05,Home,1.400,1.133,1,0
2024-25,West Ham,2025-04-13,Away,1.000,1.129,0,0
2024-25,West Ham,2025-04-19,Home,0.400,1.094,1,0
2024-25,West Ham,2025-04-26,Away,0.600,1.091,0,0
2024-25,West Ham,2025-05-04,Home,0.400,1.059,1,0
2024-25,West Ham,2025-05-11,Away,0.600,1.057,3,1
2024-25,West Ham,2025-05-18,Home,1.000,1.111,0,0
2024-25,West Ham,2025-05-25,Away,1.000,1.081,3,1
2024-25,Wolves,2024-09-28,Home,0.200,0.200,0,0
2024-25,Wolves,2024-10-05,Away,0.200,0.167,0,0
2024-25,Wolves,2024-10-20,Home,0.200,0.143,0,0
2024-25,Wolves,2024-10-26,Away,0.000,0.125,1,0
2024-25,Wolves,2024-11-02,Home,0.200,0.222,1,0
2024-25,Wolves,2024-11-09,Home,0.400,0.300,3,1
2024-25,Wolves,2024-11-23,Away,1.000,0.545,3,1
2024-25,Wolves,2024-11-30,Home,1.600,0.750,0,0
2024-25,Wolves,2024-12-04,Away,1.600,0.692,0,0
2024-25,Wolves,2024-12-09,Away,1.400,0.643,0,0
2024-25,Wolves,2024-12-14,Home,1.200,0.600,0,0
2024-25,Wolves,2024-12-22,Away,0.600,0.563,3,1
2024-25,Wolves,2024-12-26,Home,0.600,0.706,3,1
2024-25,Wolves,2024-12-29,Away,1.200,0.833,1,0
2024-25,Wolves,2025-01-06,Home,1.400,0.842,0,0
2024-25,Wolves,2025-01-15,Away,1.400,0.800,0,0
2024-25,Wolves,2025-01-20,Away,1.400,0.762,0,0
2024-25,Wolves,2025-01-25,Home,0.800,0.727,0,0
2024-25,Wolves,2025-02-01,Home,0.200,0.696,3,1
2024-25,Wolves,2025-02-16,Away,0.600,0.792,0,0
2024-25,Wolves,2025-02-22,Away,0.600,0.760,3,1
2024-25,Wolves,2025-02-25,Home,1.200,0.846,0,0
2024-25,Wolves,2025-03-08,Home,1.200,0.815,1,0
2024-25,Wolves,2025-03-15,Away,1.400,0.821,3,1
2024-25,Wolves,2025-04-01,Home,1.400,0.897,3,1
2024-25,Wolves,2025-04-05,Away,2.000,0.967,3,1
2024-25,Wolves,2025-04-13,Home,2.000,1.032,3,1
2024-25,Wolves,2025-04-20,Away,2.600,1.094,3,1
2024-25,Wolves,2025-04-26,Home,3.000,1.152,3,1
2024-25,Wolves,2025-05-02,Away,3.000,1.206,0,0
2024-25,Wolves,2025-05-10,Home,2.400,1.171,0,0
2024-25,Wolves,2025-05-20,Away,1.800,1.139,0,0
2024-25,Wolves,2025-05-25,Home,1.200,1.108,1,0
2025-26,Arsenal,2025-09-28,Away,2.000,2.000,3,1
2025-26,Arsenal,2025-10-04,Home,2.000,2.167,3,1
2025-26,Arsenal,2025-10-18,Away,2.000,2.286,3,1
2025-26,Arsenal,2025-10-26,Home,2.600,2.375,3,1
2025-26,Arsenal,2025-11-01,Away,2.600,2.444,3,1
2025-26,Arsenal,2025-11-08,Away,3.000,2.500,1,0
2025-26,Arsenal,2025-11-23,Home,2.600,2.364,3,1
2025-26,Arsenal,2025-11-30,Away,2.600,2.417,1,0
2025-26,Arsenal,2025-12-03,Home,2.200,2.308,3,1
2025-26,Arsenal,2025-12-06,Away,2.200,2.357,0,0
2025-26,Arsenal,2025-12-13,Home,1.600,2.200,3,1
2025-26,Arsenal,2025-12-20,Away,2.000,2.250,3,1
2025-26,Arsenal,2025-12-27,Home,2.000,2.294,3,1
2025-26,Arsenal,2025-12-30,Home,2.400,2.333,3,1
2025-26,Arsenal,2026-01-03,Away,2.400,2.368,3,1
2025-26,Arsenal,2026-01-08,Home,3.000,2.400,1,0
2025-26,Arsenal,2026-01-17,Away,2.600,2.333,1,0
2025-26,Arsenal,2026-01-25,Home,2.200,2.273,0,0
2025-26,Arsenal,2026-01-31,Away,1.600,2.174,3,1
2025-26,Arsenal,2026-02-07,Home,1.600,2.208,3,1
2025-26,Arsenal,2026-02-12,Away,1.600,2.240,1,0
2025-26,Arsenal,2026-02-18,Away,1.600,2.192,1,0
2025-26,Arsenal,2026-02-22,Away,1.600,2.148,3,1
2025-26,Arsenal,2026-03-01,Home,2.200,2.179,3,1
2025-26,Arsenal,2026-03-04,Away,2.200,2.207,3,1
2025-26,Arsenal,2026-03-14,Home,2.200,2.233,3,1
2025-26,Arsenal,2026-04-11,Home,2.600,2.258,0,0
2025-26,Arsenal,2026-04-19,Away,2.400,2.188,0,0
2025-26,Arsenal,2026-04-25,Home,1.800,2.121,3,1
2025-26,Arsenal,2026-05-02,Home,1.800,2.147,3,1
2025-26,Arsenal,2026-05-10,Away,1.800,2.171,3,1
2025-26,Arsenal,2026-05-18,Home,1.800,2.194,3,1
2025-26,Arsenal,2026-05-24,Away,2.400,2.216,3,1
2025-26,Aston Villa,2025-09-28,Home,0.600,0.600,3,1
2025-26,Aston Villa,2025-10-05,Home,1.000,1.000,3,1
2025-26,Aston Villa,2025-10-19,Away,1.600,1.286,3,1
2025-26,Aston Villa,2025-10-26,Home,2.200,1.500,3,1
2025-26,Aston Villa,2025-11-01,Away,2.600,1.667,0,0
2025-26,Aston Villa,2025-11-09,Home,2.400,1.500,3,1
2025-26,Aston Villa,2025-11-23,Away,2.400,1.636,3,1
2025-26,Aston Villa,2025-11-30,Home,2.400,1.750,3,1
2025-26,Aston Villa,2025-12-03,Away,2.400,1.846,3,1
2025-26,Aston Villa,2025-12-06,Home,2.400,1.929,3,1
2025-26,Aston Villa,2025-12-14,Away,3.000,2.000,3,1
2025-26,Aston Villa,2025-12-21,Home,3.000,2.063,3,1
2025-26,Aston Villa,2025-12-27,Away,3.000,2.118,3,1
2025-26,Aston Villa,2025-12-30,Away,3.000,2.167,0,0
2025-26,Aston Villa,2026-01-03,Home,2.400,2.053,3,1
2025-26,Aston Villa,2026-01-07,Away,2.400,2.100,1,0
2025-26,Aston Villa,2026-01-18,Home,2.000,2.048,0,0
2025-26,Aston Villa,2026-01-25,Away,1.400,1.955,3,1
2025-26,Aston Villa,2026-02-01,Home,1.400,2.000,0,0
2025-26,Aston Villa,2026-02-07,Away,1.400,1.917,1,0
2025-26,Aston Villa,2026-02-11,Home,1.000,1.880,3,1
2025-26,Aston Villa,2026-02-21,Home,1.400,1.923,1,0
2025-26,Aston Villa,2026-02-27,Away,1.600,1.889,0,0
2025-26,Aston Villa,2026-03-04,Home,1.000,1.821,0,0
2025-26,Aston Villa,2026-03-15,Away,1.000,1.759,0,0
2025-26,Aston Villa,2026-03-22,Home,0.800,1.700,3,1
2025-26,Aston Villa,2026-04-12,Away,0.800,1.742,1,0
2025-26,Aston Villa,2026-04-19,Home,0.800,1.719,3,1
2025-26,Aston Villa,2026-04-25,Away,1.400,1.758,0,0
2025-26,Aston Villa,2026-05-03,Home,1.400,1.706,0,0
2025-26,Aston Villa,2026-05-10,Away,1.400,1.657,1,0
2025-26,Aston Villa,2026-05-15,Home,1.000,1.639,3,1
2025-26,Aston Villa,2026-05-24,Away,1.400,1.676,3,1
2025-26,Bournemouth,2025-09-27,Away,2.000,2.000,1,0
2025-26,Bournemouth,2025-10-03,Home,2.200,1.833,3,1
2025-26,Bournemouth,2025-10-18,Away,2.200,2.000,1,0
2025-26,Bournemouth,2025-10-26,Home,1.800,1.875,3,1
2025-26,Bournemouth,2025-11-02,Away,1.800,2.000,0,0
2025-26,Bournemouth,2025-11-09,Away,1.600,1.800,0,0
2025-26,Bournemouth,2025-11-22,Home,1.400,1.636,1,0
2025-26,Bournemouth,2025-11-29,Away,1.000,1.583,0,0
2025-26,Bournemouth,2025-12-02,Home,0.800,1.462,0,0
2025-26,Bournemouth,2025-12-06,Home,0.200,1.357,1,0
2025-26,Bournemouth,2025-12-15,Away,0.400,1.333,1,0
2025-26,Bournemouth,2025-12-20,Home,0.600,1.313,1,0
2025-26,Bournemouth,2025-12-27,Away,0.600,1.294,0,0
2025-26,Bournemouth,2025-12-30,Away,0.600,1.222,1,0
2025-26,Bournemouth,2026-01-03,Home,0.800,1.211,0,0
2025-26,Bournemouth,2026-01-07,Home,0.600,1.150,3,1
2025-26,Bournemouth,2026-01-19,Away,1.000,1.238,1,0
2025-26,Bournemouth,2026-01-24,Home,1.000,1.227,3,1
2025-26,Bournemouth,2026-01-31,Away,1.600,1.304,3,1
2025-26,Bournemouth,2026-02-07,Home,2.000,1.375,1,0
2025-26,Bournemouth,2026-02-10,Away,2.200,1.360,3,1
2025-26,Bournemouth,2026-02-21,Away,2.200,1.423,1,0
2025-26,Bournemouth,2026-02-28,Home,2.200,1.407,1,0
2025-26,Bournemouth,2026-03-03,Home,1.800,1.393,1,0
2025-26,Bournemouth,2026-03-14,Away,1.400,1.379,1,0
2025-26,Bournemouth,2026-03-20,Home,1.400,1.367,1,0
2025-26,Bournemouth,2026-04-11,Away,1.000,1.355,3,1
2025-26,Bournemouth,2026-04-18,Away,1.400,1.406,3,1
2025-26,Bournemouth,2026-04-22,Home,1.800,1.455,1,0
2025-26,Bournemouth,2026-05-03,Home,1.800,1.441,3,1
2025-26,Bournemouth,2026-05-09,Away,2.200,1.486,3,1
2025-26,Bournemouth,2026-05-19,Home,2.600,1.528,1,0
2025-26,Bournemouth,2026-05-24,Away,2.200,1.514,1,0
2025-26,Brentford,2025-09-27,Home,0.800,0.800,3,1
2025-26,Brentford,2025-10-05,Home,1.400,1.167,0,0
2025-26,Brentford,2025-10-20,Away,0.800,1.000,3,1
2025-26,Brentford,2025-10-25,Home,1.400,1.250,3,1
2025-26,Brentford,2025-11-01,Away,1.800,1.444,0,0
2025-26,Brentford,2025-11-09,Home,1.800,1.300,3,1
2025-26,Brentford,2025-11-22,Away,1.800,1.455,0,0
2025-26,Brentford,2025-11-29,Home,1.800,1.333,3,1
2025-26,Brentford,2025-12-03,Away,1.800,1.462,0,0
2025-26,Brentford,2025-12-06,Away,1.200,1.357,0,0
2025-26,Brentford,2025-12-14,Home,1.200,1.267,1,0
2025-26,Brentford,2025-12-20,Away,0.800,1.250,3,1
2025-26,Brentford,2025-12-27,Home,1.400,1.353,3,1
2025-26,Brentford,2026-01-01,Home,1.400,1.444,1,0
2025-26,Brentford,2026-01-04,Away,1.600,1.421,3,1
2025-26,Brentford,2026-01-07,Home,2.200,1.500,3,1
2025-26,Brentford,2026-01-17,Away,2.600,1.571,0,0
2025-26,Brentford,2026-01-25,Home,2.000,1.500,0,0
2025-26,Brentford,2026-02-01,Away,1.400,1.435,3,1
2025-26,Brentford,2026-02-07,Away,1.800,1.500,3,1
2025-26,Brentford,2026-02-12,Home,1.800,1.560,1,0
2025-26,Brentford,2026-02-21,Home,1.400,1.538,0,0
2025-26,Brentford,2026-02-28,Away,1.400,1.481,3,1
2025-26,Brentford,2026-03-03,Away,2.000,1.536,1,0
2025-26,Brentford,2026-03-16,Home,1.600,1.517,1,0
2025-26,Brentford,2026-03-21,Away,1.200,1.500,1,0
2025-26,Brentford,2026-04-11,Home,1.200,1.484,1,0
2025-26,Brentford,2026-04-18,Home,1.400,1.469,1,0
2025-26,Brentford,2026-04-27,Away,1.000,1.455,0,0
2025-26,Brentford,2026-05-02,Home,0.800,1.412,3,1
2025-26,Brentford,2026-05-09,Away,1.200,1.457,0,0
2025-26,Brentford,2026-05-17,Home,1.000,1.417,1,0
2025-26,Brentford,2026-05-24,Away,1.000,1.405,1,0
2025-26,Brighton,2025-09-27,Away,1.000,1.000,3,1
2025-26,Brighton,2025-10-05,Away,1.400,1.333,1,0
2025-26,Brighton,2025-10-18,Home,1.600,1.286,3,1
2025-26,Brighton,2025-10-25,Away,1.600,1.500,0,0
2025-26,Brighton,2025-11-01,Home,1.600,1.333,3,1
2025-26,Brighton,2025-11-09,Away,2.000,1.500,1,0
2025-26,Brighton,2025-11-22,Home,1.600,1.455,3,1
2025-26,Brighton,2025-11-30,Away,2.000,1.583,3,1
2025-26,Brighton,2025-12-03,Home,2.000,1.692,0,0
2025-26,Brighton,2025-12-07,Home,2.000,1.571,1,0
2025-26,Brighton,2025-12-13,Away,1.600,1.533,0,0
2025-26,Brighton,2025-12-20,Home,1.400,1.438,1,0
2025-26,Brighton,2025-12-27,Away,1.000,1.412,0,0
2025-26,Brighton,2025-12-30,Away,0.400,1.333,1,0
2025-26,Brighton,2026-01-03,Home,0.600,1.316,3,1
2025-26,Brighton,2026-01-07,Away,1.000,1.400,1,0
2025-26,Brighton,2026-01-19,Home,1.200,1.381,1,0
2025-26,Brighton,2026-01-24,Away,1.200,1.364,0,0
2025-26,Brighton,2026-01-31,Home,1.200,1.304,1,0
2025-26,Brighton,2026-02-08,Home,1.200,1.292,0,0
2025-26,Brighton,2026-02-11,Away,0.600,1.240,0,0
2025-26,Brighton,2026-02-21,Away,0.400,1.192,3,1
2025-26,Brighton,2026-03-01,Home,0.800,1.259,3,1
2025-26,Brighton,2026-03-04,Home,1.400,1.321,0,0
2025-26,Brighton,2026-03-14,Away,1.200,1.276,3,1
2025-26,Brighton,2026-03-21,Home,1.800,1.333,3,1
2025-26,Brighton,2026-04-11,Away,2.400,1.387,3,1
2025-26,Brighton,2026-04-18,Away,2.400,1.438,1,0
2025-26,Brighton,2026-04-21,Home,2.000,1.424,3,1
2025-26,Brighton,2026-05-02,Away,2.600,1.471,0,0
2025-26,Brighton,2026-05-09,Home,2.000,1.429,3,1
2025-26,Brighton,2026-05-17,Away,2.000,1.472,0,0
2025-26,Brighton,2026-05-24,Home,1.400,1.432,0,0
2025-26,Burnley,2025-09-27,Away,0.800,0.800,0,0
2025-26,Burnley,2025-10-05,Away,0.800,0.667,0,0
2025-26,Burnley,2025-10-18,Home,0.200,0.571,3,1
2025-26,Burnley,2025-10-26,Away,0.800,0.875,3,1
2025-26,Burnley,2025-11-01,Home,1.400,1.111,0,0
2025-26,Burnley,2025-11-08,Away,1.200,1.000,0,0
2025-26,Burnley,2025-11-22,Home,1.200,0.909,0,0
2025-26,Burnley,2025-11-29,Away,1.200,0.833,0,0
2025-26,Burnley,2025-12-03,Home,0.600,0.769,0,0
2025-26,Burnley,2025-12-06,Away,0.000,0.714,0,0
2025-26,Burnley,2025-12-13,Home,0.000,0.667,0,0
2025-26,Burnley,2025-12-20,Away,0.000,0.625,1,0
2025-26,Burnley,2025-12-27,Home,0.200,0.647,1,0
2025-26,Burnley,2025-12-30,Home,0.400,0.667,0,0
2025-26,Burnley,2026-01-03,Away,0.400,0.632,0,0
2025-26,Burnley,2026-01-07,Home,0.400,0.600,1,0
2025-26,Burnley,2026-01-17,Away,0.600,0.619,1,0
2025-26,Burnley,2026-01-24,Home,0.600,0.636,1,0
2025-26,Burnley,2026-02-02,Away,0.600,0.652,0,0
2025-26,Burnley,2026-02-07,Home,0.600,0.625,0,0
2025-26,Burnley,2026-02-11,Away,0.600,0.600,3,1
2025-26,Burnley,2026-02-21,Away,1.000,0.692,1,0
2025-26,Burnley,2026-02-28,Home,1.000,0.704,0,0
2025-26,Burnley,2026-03-03,Away,0.800,0.679,0,0
2025-26,Burnley,2026-03-14,Home,0.800,0.655,1,0
2025-26,Burnley,2026-03-21,Away,1.000,0.667,0,0
2025-26,Burnley,2026-04-11,Home,0.400,0.645,0,0
2025-26,Burnley,2026-04-19,Away,0.200,0.625,0,0
2025-26,Burnley,2026-04-22,Home,0.200,0.606,0,0
2025-26,Burnley,2026-05-01,Away,0.200,0.588,0,0
2025-26,Burnley,2026-05-10,Home,0.000,0.571,1,0
2025-26,Burnley,2026-05-18,Away,0.200,0.583,0,0
2025-26,Burnley,2026-05-24,Home,0.200,0.568,1,0
2025-26,Chelsea,2025-09-27,Home,1.600,1.600,0,0
2025-26,Chelsea,2025-10-04,Home,1.400,1.333,3,1
2025-26,Chelsea,2025-10-18,Away,1.400,1.571,3,1
2025-26,Chelsea,2025-10-25,Home,1.400,1.750,0,0
2025-26,Chelsea,2025-11-01,Away,1.200,1.556,3,1
2025-26,Chelsea,2025-11-08,Home,1.800,1.700,3,1
2025-26,Chelsea,2025-11-22,Away,2.400,1.818,3,1
2025-26,Chelsea,2025-11-30,Home,2.400,1.917,1,0
2025-26,Chelsea,2025-12-03,Away,2.000,1.846,0,0
2025-26,Chelsea,2025-12-06,Away,2.000,1.714,1,0
2025-26,Chelsea,2025-12-13,Home,1.600,1.667,3,1
2025-26,Chelsea,2025-12-20,Away,1.600,1.750,1,0
2025-26,Chelsea,2025-12-27,Home,1.200,1.706,0,0
2025-26,Chelsea,2025-12-30,Home,1.000,1.611,1,0
2025-26,Chelsea,2026-01-04,Away,1.200,1.579,1,0
2025-26,Chelsea,2026-01-07,Away,1.200,1.550,0,0
2025-26,Chelsea,2026-01-17,Home,0.600,1.476,3,1
2025-26,Chelsea,2026-01-25,Away,1.000,1.545,3,1
2025-26,Chelsea,2026-01-31,Home,1.600,1.609,3,1
2025-26,Chelsea,2026-02-07,Away,2.000,1.667,3,1
2025-26,Chelsea,2026-02-10,Home,2.400,1.720,1,0
2025-26,Chelsea,2026-02-21,Home,2.600,1.692,1,0
2025-26,Chelsea,2026-03-01,Away,2.200,1.667,0,0
2025-26,Chelsea,2026-03-04,Away,1.600,1.607,3,1
2025-26,Chelsea,2026-03-14,Home,1.600,1.655,0,0
2025-26,Chelsea,2026-03-21,Away,1.000,1.600,0,0
2025-26,Chelsea,2026-04-12,Home,0.800,1.548,0,0
2025-26,Chelsea,2026-04-18,Home,0.600,1.500,0,0
2025-26,Chelsea,2026-04-21,Away,0.600,1.455,0,0
2025-26,Chelsea,2026-05-04,Home,0.000,1.412,0,0
2025-26,Chelsea,2026-05-09,Away,0.000,1.371,1,0
2025-26,Chelsea,2026-05-19,Home,0.200,1.361,3,1
2025-26,Chelsea,2026-05-24,Away,0.800,1.405,0,0
2025-26,Crystal Palace,2025-09-27,Home,1.800,1.800,3,1
2025-26,Crystal Palace,2025-10-05,Away,2.200,2.000,0,0
2025-26,Crystal Palace,2025-10-18,Home,2.000,1.714,1,0
2025-26,Crystal Palace,2025-10-26,Away,1.600,1.625,0,0
2025-26,Crystal Palace,2025-11-01,Home,1.400,1.444,3,1
2025-26,Crystal Palace,2025-11-09,Home,1.400,1.600,1,0
2025-26,Crystal Palace,2025-11-22,Away,1.000,1.545,3,1
2025-26,Crystal Palace,2025-11-30,Home,1.600,1.667,0,0
2025-26,Crystal Palace,2025-12-03,Away,1.400,1.538,3,1
2025-26,Crystal Palace,2025-12-07,Away,2.000,1.643,3,1
2025-26,Crystal Palace,2025-12-14,Home,2.000,1.733,0,0
2025-26,Crystal Palace,2025-12-20,Away,1.800,1.625,0,0
2025-26,Crystal Palace,2025-12-28,Home,1.200,1.529,0,0
2025-26,Crystal Palace,2026-01-01,Home,1.200,1.444,1,0
2025-26,Crystal Palace,2026-01-04,Away,0.800,1.421,0,0
2025-26,Crystal Palace,2026-01-07,Home,0.200,1.350,1,0
2025-26,Crystal Palace,2026-01-17,Away,0.400,1.333,0,0
2025-26,Crystal Palace,2026-01-25,Home,0.400,1.273,0,0
2025-26,Crystal Palace,2026-02-01,Away,0.400,1.217,1,0
2025-26,Crystal Palace,2026-02-08,Away,0.400,1.208,3,1
2025-26,Crystal Palace,2026-02-11,Home,1.000,1.280,0,0
2025-26,Crystal Palace,2026-02-22,Home,0.800,1.231,3,1
2025-26,Crystal Palace,2026-03-01,Away,1.400,1.296,0,0
2025-26,Crystal Palace,2026-03-05,Away,1.400,1.250,3,1
2025-26,Crystal Palace,2026-03-15,Home,1.800,1.310,1,0
2025-26,Crystal Palace,2026-04-12,Home,1.400,1.300,3,1
2025-26,Crystal Palace,2026-04-20,Home,2.000,1.355,1,0
2025-26,Crystal Palace,2026-04-25,Away,1.600,1.344,0,0
2025-26,Crystal Palace,2026-05-03,Away,1.600,1.303,0,0
2025-26,Crystal Palace,2026-05-10,Home,1.000,1.265,1,0
2025-26,Crystal Palace,2026-05-13,Away,1.000,1.257,0,0
2025-26,Crystal Palace,2026-05-17,Away,0.400,1.222,1,0
2025-26,Crystal Palace,2026-05-24,Home,0.400,1.216,0,0
2025-26,Everton,2025-09-29,Home,1.400,1.400,1,0
2025-26,Everton,2025-10-05,Home,1.600,1.333,3,1
2025-26,Everton,2025-10-18,Away,1.600,1.571,0,0
2025-26,Everton,2025-10-26,Home,1.000,1.375,0,0
2025-26,Everton,2025-11-03,Away,0.800,1.222,1,0
2025-26,Everton,2025-11-08,Home,1.000,1.200,3,1
2025-26,Everton,2025-11-24,Away,1.400,1.364,3,1
2025-26,Everton,2025-11-29,Home,1.400,1.500,0,0
2025-26,Everton,2025-12-02,Away,1.400,1.385,3,1
2025-26,Everton,2025-12-06,Home,2.000,1.500,3,1
2025-26,Everton,2025-12-13,Away,2.400,1.600,0,0
2025-26,Everton,2025-12-20,Home,1.800,1.500,0,0
2025-26,Everton,2025-12-27,Away,1.200,1.412,1,0
2025-26,Everton,2025-12-30,Away,1.400,1.389,3,1
2025-26,Everton,2026-01-04,Home,1.400,1.474,0,0
2025-26,Everton,2026-01-07,Home,0.800,1.400,1,0
2025-26,Everton,2026-01-18,Away,1.000,1.381,3,1
2025-26,Everton,2026-01-26,Home,1.600,1.455,1,0
2025-26,Everton,2026-01-31,Away,1.600,1.435,1,0
2025-26,Everton,2026-02-07,Away,1.200,1.417,3,1
2025-26,Everton,2026-02-10,Home,1.800,1.480,0,0
2025-26,Everton,2026-02-23,Home,1.600,1.423,0,0
2025-26,Everton,2026-02-28,Away,1.000,1.370,3,1
2025-26,Everton,2026-03-03,Home,1.400,1.429,3,1
2025-26,Everton,2026-03-14,Away,1.800,1.483,0,0
2025-26,Everton,2026-03-21,Home,1.200,1.433,3,1
2025-26,Everton,2026-04-11,Away,1.800,1.484,1,0
2025-26,Everton,2026-04-19,Home,2.000,1.469,0,0
2025-26,Everton,2026-04-25,Away,1.400,1.424,0,0
2025-26,Everton,2026-05-04,Home,0.800,1.382,1,0
2025-26,Everton,2026-05-10,Away,1.000,1.371,1,0
2025-26,Everton,2026-05-17,Home,0.600,1.361,0,0
2025-26,Everton,2026-05-24,Away,0.400,1.324,0,0
2025-26,Fulham,2025-09-28,Away,1.600,1.600,0,0
2025-26,Fulham,2025-10-03,Away,1.400,1.333,0,0
2025-26,Fulham,2025-10-18,Home,1.200,1.143,0,0
2025-26,Fulham,2025-10-25,Away,1.200,1.000,0,0
2025-26,Fulham,2025-11-01,Home,0.600,0.889,3,1
2025-26,Fulham,2025-11-08,Away,0.600,1.100,0,0
2025-26,Fulham,2025-11-22,Home,0.600,1.000,3,1
2025-26,Fulham,2025-11-29,Away,1.200,1.167,3,1
2025-26,Fulham,2025-12-02,Home,1.800,1.308,0,0
2025-26,Fulham,2025-12-07,Home,1.800,1.214,0,0
2025-26,Fulham,2025-12-13,Away,1.200,1.133,3,1
2025-26,Fulham,2025-12-22,Home,1.800,1.250,3,1
2025-26,Fulham,2025-12-27,Away,1.800,1.353,3,1
2025-26,Fulham,2026-01-01,Away,1.800,1.444,1,0
2025-26,Fulham,2026-01-04,Home,2.000,1.421,1,0
2025-26,Fulham,2026-01-07,Home,2.200,1.400,3,1
2025-26,Fulham,2026-01-17,Away,2.200,1.476,0,0
2025-26,Fulham,2026-01-24,Home,1.600,1.409,3,1
2025-26,Fulham,2026-02-01,Away,1.600,1.478,0,0
2025-26,Fulham,2026-02-07,Home,1.400,1.417,0,0
2025-26,Fulham,2026-02-11,Away,1.200,1.360,0,0
2025-26,Fulham,2026-02-22,Away,0.600,1.308,3,1
2025-26,Fulham,2026-03-01,Home,1.200,1.370,3,1
2025-26,Fulham,2026-03-04,Home,1.200,1.429,0,0
2025-26,Fulham,2026-03-15,Away,1.200,1.379,1,0
2025-26,Fulham,2026-03-21,Home,1.400,1.367,3,1
2025-26,Fulham,2026-04-11,Away,2.000,1.419,0,0
2025-26,Fulham,2026-04-18,Away,1.400,1.375,1,0
2025-26,Fulham,2026-04-25,Home,1.000,1.364,3,1
2025-26,Fulham,2026-05-02,Away,1.600,1.412,0,0
2025-26,Fulham,2026-05-09,Home,1.400,1.371,0,0
2025-26,Fulham,2026-05-17,Away,0.800,1.333,1,0
2025-26,Fulham,2026-05-24,Home,1.000,1.324,3,1
2025-26,Leeds,2025-09-27,Home,1.400,1.400,1,0
2025-26,Leeds,2025-10-04,Home,1.000,1.333,0,0
2025-26,Leeds,2025-10-18,Away,1.000,1.143,0,0
2025-26,Leeds,2025-10-24,Home,0.800,1.000,3,1
2025-26,Leeds,2025-11-01,Away,1.400,1.222,0,0
2025-26,Leeds,2025-11-09,Away,0.800,1.100,0,0
2025-26,Leeds,2025-11-23,Home,0.600,1.000,0,0
2025-26,Leeds,2025-11-29,Away,0.600,0.917,0,0
2025-26,Leeds,2025-12-03,Home,0.600,0.846,3,1
2025-26,Leeds,2025-12-06,Home,0.600,1.000,1,0
2025-26,Leeds,2025-12-14,Away,0.800,1.000,1,0
2025-26,Leeds,2025-12-20,Home,1.000,1.000,3,1
2025-26,Leeds,2025-12-28,Away,1.600,1.118,1,0
2025-26,Leeds,2026-01-01,Away,1.800,1.111,1,0
2025-26,Leeds,2026-01-04,Home,1.400,1.105,1,0
2025-26,Leeds,2026-01-07,Away,1.400,1.100,0,0
2025-26,Leeds,2026-01-17,Home,1.200,1.048,3,1
2025-26,Leeds,2026-01-26,Away,1.200,1.136,1,0
2025-26,Leeds,2026-01-31,Home,1.200,1.130,0,0
2025-26,Leeds,2026-02-06,Home,1.000,1.083,3,1
2025-26,Leeds,2026-02-10,Away,1.400,1.160,1,0
2025-26,Leeds,2026-02-21,Away,1.600,1.154,1,0
2025-26,Leeds,2026-02-28,Home,1.200,1.148,0,0
2025-26,Leeds,2026-03-03,Home,1.000,1.107,0,0
2025-26,Leeds,2026-03-15,Away,1.000,1.069,1,0
2025-26,Leeds,2026-03-21,Home,0.600,1.067,1,0
2025-26,Leeds,2026-04-13,Away,0.600,1.065,3,1
2025-26,Leeds,2026-04-18,Home,1.000,1.125,3,1
2025-26,Leeds,2026-04-22,Away,1.600,1.182,1,0
2025-26,Leeds,2026-05-01,Home,1.800,1.176,3,1
2025-26,Leeds,2026-05-11,Away,2.200,1.229,1,0
2025-26,Leeds,2026-05-17,Home,2.200,1.222,3,1
2025-26,Leeds,2026-05-24,Away,2.200,1.270,0,0
2025-26,Liverpool,2025-09-27,Away,3.000,3.000,0,0
2025-26,Liverpool,2025-10-04,Away,2.400,2.500,0,0
2025-26,Liverpool,2025-10-19,Home,1.800,2.143,0,0
2025-26,Liverpool,2025-10-25,Away,1.200,1.875,0,0
2025-26,Liverpool,2025-11-01,Home,0.600,1.667,3,1
2025-26,Liverpool,2025-11-09,Away,0.600,1.800,0,0
2025-26,Liverpool,2025-11-22,Home,0.600,1.636,0,0
2025-26,Liverpool,2025-11-30,Away,0.600,1.500,3,1
2025-26,Liverpool,2025-12-03,Home,1.200,1.615,1,0
2025-26,Liverpool,2025-12-06,Away,1.400,1.571,1,0
2025-26,Liverpool,2025-12-13,Home,1.000,1.533,3,1
2025-26,Liverpool,2025-12-20,Away,1.600,1.625,3,1
2025-26,Liverpool,2025-12-27,Home,2.200,1.706,3,1
2025-26,Liverpool,2026-01-01,Home,2.200,1.778,1,0
2025-26,Liverpool,2026-01-04,Away,2.200,1.737,1,0
2025-26,Liverpool,2026-01-08,Away,2.200,1.700,1,0
2025-26,Liverpool,2026-01-17,Home,1.800,1.667,1,0
2025-26,Liverpool,2026-01-24,Away,1.400,1.636,0,0
2025-26,Liverpool,2026-01-31,Home,0.800,1.565,3,1
2025-26,Liverpool,2026-02-08,Home,1.200,1.625,0,0
2025-26,Liverpool,2026-02-11,Away,1.000,1.560,3,1
2025-26,Liverpool,2026-02-22,Away,1.400,1.615,3,1
2025-26,Liverpool,2026-02-28,Home,1.800,1.667,3,1
2025-26,Liverpool,2026-03-03,Away,2.400,1.714,0,0
2025-26,Liverpool,2026-03-15,Home,1.800,1.655,1,0
2025-26,Liverpool,2026-03-21,Away,2.000,1.633,0,0
2025-26,Liverpool,2026-04-11,Home,1.400,1.581,3,1
2025-26,Liverpool,2026-04-19,Away,1.400,1.625,3,1
2025-26,Liverpool,2026-04-25,Home,1.400,1.667,3,1
2025-26,Liverpool,2026-05-03,Away,2.000,1.706,0,0
2025-26,Liverpool,2026-05-09,Home,1.800,1.657,1,0
2025-26,Liverpool,2026-05-15,Away,2.000,1.639,0,0
2025-26,Liverpool,2026-05-24,Home,1.400,1.595,1,0
2025-26,Man City,2025-09-27,Home,1.400,1.400,3,1
2025-26,Man City,2025-10-05,Away,1.400,1.667,3,1
2025-26,Man City,2025-10-18,Home,2.000,1.857,3,1
2025-26,Man City,2025-10-26,Away,2.600,2.000,0,0
2025-26,Man City,2025-11-02,Home,2.000,1.778,3,1
2025-26,Man City,2025-11-09,Home,2.400,1.900,3,1
2025-26,Man City,2025-11-22,Away,2.400,2.000,0,0
2025-26,Man City,2025-11-29,Home,1.800,1.833,3,1
2025-26,Man City,2025-12-02,Away,1.800,1.923,3,1
2025-26,Man City,2025-12-06,Home,2.400,2.000,3,1
2025-26,Man City,2025-12-14,Away,2.400,2.067,3,1
2025-26,Man City,2025-12-20,Home,2.400,2.125,3,1
2025-26,Man City,2025-12-27,Away,3.000,2.176,3,1
2025-26,Man City,2026-01-01,Away,3.000,2.222,1,0
2025-26,Man City,2026-01-04,Home,2.600,2.158,1,0
2025-26,Man City,2026-01-07,Home,2.200,2.100,1,0
2025-26,Man City,2026-01-17,Away,1.800,2.048,0,0
2025-26,Man City,2026-01-24,Home,1.200,1.955,3,1
2025-26,Man City,2026-02-01,Away,1.200,2.000,1,0
2025-26,Man City,2026-02-08,Away,1.200,1.958,3,1
2025-26,Man City,2026-02-11,Home,1.600,2.000,3,1
2025-26,Man City,2026-02-21,Home,2.000,2.038,3,1
2025-26,Man City,2026-02-28,Away,2.600,2.074,3,1
2025-26,Man City,2026-03-04,Home,2.600,2.107,1,0
2025-26,Man City,2026-03-14,Away,2.600,2.069,1,0
2025-26,Man City,2026-04-12,Away,2.200,2.033,3,1
2025-26,Man City,2026-04-19,Home,2.200,2.065,3,1
2025-26,Man City,2026-04-22,Away,2.200,2.094,3,1
2025-26,Man City,2026-05-04,Away,2.200,2.121,1,0
2025-26,Man City,2026-05-09,Home,2.200,2.088,3,1
2025-26,Man City,2026-05-13,Home,2.600,2.114,3,1
2025-26,Man City,2026-05-19,Away,2.600,2.139,1,0
2025-26,Man City,2026-05-24,Home,2.200,2.108,0,0
2025-26,Man United,2025-09-27,Away,1.400,1.400,0,0
2025-26,Man United,2025-10-04,Home,1.400,1.167,3,1
2025-26,Man United,2025-10-19,Away,1.800,1.429,3,1
2025-26,Man United,2025-10-25,Home,1.800,1.625,3,1
2025-26,Man United,2025-11-01,Away,2.400,1.778,1,0
2025-26,Man United,2025-11-08,Away,2.000,1.700,1,0
2025-26,Man United,2025-11-24,Home,2.200,1.636,0,0
2025-26,Man United,2025-11-30,Away,1.600,1.500,3,1
2025-26,Man United,2025-12-04,Home,1.600,1.615,1,0
2025-26,Man United,2025-12-08,Away,1.200,1.571,3,1
2025-26,Man United,2025-12-15,Home,1.600,1.667,1,0
2025-26,Man United,2025-12-21,Away,1.600,1.625,0,0
2025-26,Man United,2025-12-26,Home,1.600,1.529,3,1
2025-26,Man United,2025-12-30,Home,1.600,1.611,1,0
2025-26,Man United,2026-01-04,Away,1.600,1.579,1,0
2025-26,Man United,2026-01-07,Away,1.200,1.550,1,0
2025-26,Man United,2026-01-17,Home,1.200,1.524,3,1
2025-26,Man United,2026-01-25,Away,1.800,1.591,3,1
2025-26,Man United,2026-02-01,Home,1.800,1.652,3,1
2025-26,Man United,2026-02-07,Home,2.200,1.708,3,1
2025-26,Man United,2026-02-10,Away,2.600,1.760,1,0
2025-26,Man United,2026-02-23,Away,2.600,1.731,3,1
2025-26,Man United,2026-03-01,Home,2.600,1.778,3,1
2025-26,Man United,2026-03-04,Away,2.600,1.821,0,0
2025-26,Man United,2026-03-15,Home,2.000,1.759,3,1
2025-26,Man United,2026-03-20,Away,2.000,1.800,1,0
2025-26,Man United,2026-04-13,Home,2.000,1.774,0,0
2025-26,Man United,2026-04-18,Away,1.400,1.719,3,1
2025-26,Man United,2026-04-27,Home,1.400,1.758,3,1
2025-26,Man United,2026-05-03,Home,2.000,1.794,3,1
2025-26,Man United,2026-05-09,Away,2.000,1.829,1,0
2025-26,Man United,2026-05-17,Home,2.000,1.806,3,1
2025-26,Man United,2026-05-24,Away,2.600,1.838,3,1
2025-26,Newcastle,2025-09-28,Home,1.200,1.200,0,0
2025-26,Newcastle,2025-10-05,Home,1.000,1.000,3,1
2025-26,Newcastle,2025-10-18,Away,1.600,1.286,0,0
2025-26,Newcastle,2025-10-25,Home,1.400,1.125,3,1
2025-26,Newcastle,2025-11-02,Away,1.400,1.333,0,0
2025-26,Newcastle,2025-11-09,Away,1.200,1.200,0,0
2025-26,Newcastle,2025-11-22,Home,1.200,1.091,3,1
2025-26,Newcastle,2025-11-29,Away,1.200,1.250,3,1
2025-26,Newcastle,2025-12-02,Home,1.800,1.385,1,0
2025-26,Newcastle,2025-12-06,Home,1.400,1.357,3,1
2025-26,Newcastle,2025-12-14,Away,2.000,1.467,0,0
2025-26,Newcastle,2025-12-20,Home,2.000,1.375,1,0
2025-26,Newcastle,2025-12-26,Away,1.600,1.353,0,0
2025-26,Newcastle,2025-12-30,Away,1.000,1.278,3,1
2025-26,Newcastle,2026-01-04,Home,1.400,1.368,3,1
2025-26,Newcastle,2026-01-07,Home,1.400,1.450,3,1
2025-26,Newcastle,2026-01-18,Away,2.000,1.524,1,0
2025-26,Newcastle,2026-01-25,Home,2.000,1.500,0,0
2025-26,Newcastle,2026-01-31,Away,2.000,1.435,0,0
2025-26,Newcastle,2026-02-07,Home,1.400,1.375,0,0
2025-26,Newcastle,2026-02-10,Away,0.800,1.320,3,1
2025-26,Newcastle,2026-02-21,Away,0.800,1.385,0,0
2025-26,Newcastle,2026-02-28,Home,0.600,1.333,0,0
2025-26,Newcastle,2026-03-04,Home,0.600,1.286,3,1
2025-26,Newcastle,2026-03-14,Away,1.200,1.345,3,1
2025-26,Newcastle,2026-03-22,Home,1.800,1.400,0,0
2025-26,Newcastle,2026-04-12,Away,1.200,1.355,0,0
2025-26,Newcastle,2026-04-18,Home,1.200,1.313,0,0
2025-26,Newcastle,2026-04-25,Away,1.200,1.273,0,0
2025-26,Newcastle,2026-05-02,Home,0.600,1.235,3,1
2025-26,Newcastle,2026-05-10,Away,0.600,1.286,1,0
2025-26,Newcastle,2026-05-17,Home,0.800,1.278,3,1
2025-26,Newcastle,2026-05-24,Away,1.400,1.324,0,0
2025-26,Nott'm Forest,2025-09-27,Home,1.000,1.000,0,0
2025-26,Nott'm Forest,2025-10-05,Away,0.400,0.833,0,0
2025-26,Nott'm Forest,2025-10-18,Home,0.200,0.714,0,0
2025-26,Nott'm Forest,2025-10-26,Away,0.200,0.625,0,0
2025-26,Nott'm Forest,2025-11-01,Home,0.200,0.556,1,0
2025-26,Nott'm Forest,2025-11-09,Home,0.200,0.600,3,1
2025-26,Nott'm Forest,2025-11-22,Away,0.800,0.818,3,1
2025-26,Nott'm Forest,2025-11-30,Home,1.400,1.000,0,0
2025-26,Nott'm Forest,2025-12-03,Away,1.400,0.923,3,1
2025-26,Nott'm Forest,2025-12-06,Away,2.000,1.071,0,0
2025-26,Nott'm Forest,2025-12-14,Home,1.800,1.000,3,1
2025-26,Nott'm Forest,2025-12-22,Away,1.800,1.125,0,0
2025-26,Nott'm Forest,2025-12-27,Home,1.200,1.059,0,0
2025-26,Nott'm Forest,2025-12-30,Home,1.200,1.000,0,0
2025-26,Nott'm Forest,2026-01-03,Away,0.600,0.947,0,0
2025-26,Nott'm Forest,2026-01-06,Away,0.600,0.900,3,1
2025-26,Nott'm Forest,2026-01-17,Home,0.600,1.000,1,0
2025-26,Nott'm Forest,2026-01-25,Away,0.800,1.000,3,1
2025-26,Nott'm Forest,2026-02-01,Home,1.400,1.087,1,0
2025-26,Nott'm Forest,2026-02-06,Away,1.600,1.083,0,0
2025-26,Nott'm Forest,2026-02-11,Home,1.600,1.040,1,0
2025-26,Nott'm Forest,2026-02-22,Home,1.200,1.038,0,0
2025-26,Nott'm Forest,2026-03-01,Away,1.000,1.000,0,0
2025-26,Nott'm Forest,2026-03-04,Away,0.400,0.964,1,0
2025-26,Nott'm Forest,2026-03-15,Home,0.400,0.966,1,0
2025-26,Nott'm Forest,2026-03-22,Away,0.600,0.967,3,1
2025-26,Nott'm Forest,2026-04-12,Home,1.000,1.032,1,0
2025-26,Nott'm Forest,2026-04-19,Home,1.200,1.031,3,1
2025-26,Nott'm Forest,2026-04-24,Away,1.800,1.091,3,1
2025-26,Nott'm Forest,2026-05-04,Away,2.200,1.147,3,1
2025-26,Nott'm Forest,2026-05-10,Home,2.600,1.200,1,0
2025-26,Nott'm Forest,2026-05-17,Away,2.200,1.194,0,0
2025-26,Nott'm Forest,2026-05-24,Home,2.000,1.162,1,0
2025-26,Sunderland,2025-09-27,Away,1.600,1.600,3,1
2025-26,Sunderland,2025-10-04,Away,1.600,1.833,0,0
2025-26,Sunderland,2025-10-18,Home,1.600,1.571,3,1
2025-26,Sunderland,2025-10-25,Away,1.600,1.750,3,1
2025-26,Sunderland,2025-11-03,Home,2.000,1.889,1,0
2025-26,Sunderland,2025-11-08,Home,2.000,1.800,1,0
2025-26,Sunderland,2025-11-22,Away,1.600,1.727,0,0
2025-26,Sunderland,2025-11-29,Home,1.600,1.583,3,1
2025-26,Sunderland,2025-12-03,Away,1.600,1.692,1,0
2025-26,Sunderland,2025-12-06,Away,1.200,1.643,0,0
2025-26,Sunderland,2025-12-14,Home,1.000,1.533,3,1
2025-26,Sunderland,2025-12-20,Away,1.400,1.625,1,0
2025-26,Sunderland,2025-12-28,Home,1.600,1.588,1,0
2025-26,Sunderland,2026-01-01,Home,1.200,1.556,1,0
2025-26,Sunderland,2026-01-04,Away,1.200,1.526,1,0
2025-26,Sunderland,2026-01-07,Away,1.400,1.500,0,0
2025-26,Sunderland,2026-01-17,Home,0.800,1.429,3,1
2025-26,Sunderland,2026-01-24,Away,1.200,1.500,0,0
2025-26,Sunderland,2026-02-02,Home,1.000,1.435,3,1
2025-26,Sunderland,2026-02-07,Away,1.400,1.500,0,0
2025-26,Sunderland,2026-02-11,Home,1.200,1.440,0,0
2025-26,Sunderland,2026-02-22,Home,1.200,1.385,0,0
2025-26,Sunderland,2026-02-28,Away,0.600,1.333,1,0
2025-26,Sunderland,2026-03-03,Away,0.800,1.321,3,1
2025-26,Sunderland,2026-03-14,Home,0.800,1.379,0,0
2025-26,Sunderland,2026-03-22,Away,0.800,1.333,3,1
2025-26,Sunderland,2026-04-12,Home,1.400,1.387,3,1
2025-26,Sunderland,2026-04-19,Away,2.000,1.438,0,0
2025-26,Sunderland,2026-04-24,Home,1.800,1.394,0,0
2025-26,Sunderland,2026-05-02,Away,1.200,1.353,1,0
2025-26,Sunderland,2026-05-09,Home,1.400,1.343,1,0
2025-26,Sunderland,2026-05-17,Away,1.000,1.333,3,1
2025-26,Sunderland,2026-05-24,Home,1.000,1.378,3,1
2025-26,Tottenham,2025-09-27,Home,2.000,2.000,1,0
2025-26,Tottenham,2025-10-04,Away,1.600,1.833,3,1
2025-26,Tottenham,2025-10-19,Home,1.600,2.000,0,0
2025-26,Tottenham,2025-10-26,Away,1.600,1.750,3,1
2025-26,Tottenham,2025-11-01,Home,1.600,1.889,0,0
2025-26,Tottenham,2025-11-08,Home,1.400,1.700,1,0
2025-26,Tottenham,2025-11-23,Away,1.400,1.636,0,0
2025-26,Tottenham,2025-11-29,Home,0.800,1.500,0,0
2025-26,Tottenham,2025-12-02,Away,0.800,1.385,1,0
2025-26,Tottenham,2025-12-06,Home,0.400,1.357,3,1
2025-26,Tottenham,2025-12-14,Away,1.000,1.467,0,0
2025-26,Tottenham,2025-12-20,Home,0.800,1.375,0,0
2025-26,Tottenham,2025-12-28,Away,0.800,1.294,3,1
2025-26,Tottenham,2026-01-01,Away,1.400,1.389,1,0
2025-26,Tottenham,2026-01-04,Home,1.400,1.368,1,0
2025-26,Tottenham,2026-01-07,Away,1.000,1.350,0,0
2025-26,Tottenham,2026-01-17,Home,1.000,1.286,0,0
2025-26,Tottenham,2026-01-24,Away,1.000,1.227,1,0
2025-26,Tottenham,2026-02-01,Home,0.600,1.217,1,0
2025-26,Tottenham,2026-02-07,Away,0.600,1.208,0,0
2025-26,Tottenham,2026-02-10,Home,0.400,1.160,0,0
2025-26,Tottenham,2026-02-22,Home,0.400,1.115,0,0
2025-26,Tottenham,2026-03-01,Away,0.400,1.074,0,0
2025-26,Tottenham,2026-03-05,Home,0.200,1.036,0,0
2025-26,Tottenham,2026-03-15,Away,0.000,1.000,1,0
2025-26,Tottenham,2026-03-22,Home,0.200,1.000,0,0
2025-26,Tottenham,2026-04-12,Away,0.200,0.968,0,0
2025-26,Tottenham,2026-04-18,Home,0.200,0.938,1,0
2025-26,Tottenham,2026-04-25,Away,0.400,0.939,3,1
2025-26,Tottenham,2026-05-03,Away,1.000,1.000,3,1
2025-26,Tottenham,2026-05-11,Home,1.400,1.057,1,0
2025-26,Tottenham,2026-05-19,Away,1.600,1.056,0,0
2025-26,Tottenham,2026-05-24,Home,1.600,1.027,3,1
2025-26,West Ham,2025-09-29,Away,0.600,0.600,1,0
2025-26,West Ham,2025-10-04,Away,0.800,0.667,0,0
2025-26,West Ham,2025-10-20,Home,0.800,0.571,0,0
2025-26,West Ham,2025-10-24,Away,0.200,0.500,0,0
2025-26,West Ham,2025-11-02,Home,0.200,0.444,3,1
2025-26,West Ham,2025-11-08,Home,0.800,0.700,3,1
2025-26,West Ham,2025-11-22,Away,1.200,0.909,1,0
2025-26,West Ham,2025-11-30,Home,1.400,0.917,0,0
2025-26,West Ham,2025-12-04,Away,1.400,0.846,1,0
2025-26,West Ham,2025-12-07,Away,1.600,0.857,1,0
2025-26,West Ham,2025-12-14,Home,1.200,0.867,0,0
2025-26,West Ham,2025-12-20,Away,0.600,0.813,0,0
2025-26,West Ham,2025-12-27,Home,0.400,0.765,0,0
2025-26,West Ham,2025-12-30,Home,0.400,0.722,1,0
2025-26,West Ham,2026-01-03,Away,0.400,0.737,0,0
2025-26,West Ham,2026-01-06,Home,0.200,0.700,0,0
2025-26,West Ham,2026-01-17,Away,0.200,0.667,3,1
2025-26,West Ham,2026-01-24,Home,0.800,0.773,3,1
2025-26,West Ham,2026-01-31,Away,1.400,0.870,0,0
2025-26,West Ham,2026-02-07,Away,1.200,0.833,3,1
2025-26,West Ham,2026-02-10,Home,1.800,0.920,1,0
2025-26,West Ham,2026-02-21,Home,2.000,0.923,1,0
2025-26,West Ham,2026-02-28,Away,1.600,0.926,0,0
2025-26,West Ham,2026-03-04,Away,1.000,0.893,3,1
2025-26,West Ham,2026-03-14,Home,1.600,0.966,1,0
2025-26,West Ham,2026-03-22,Away,1.200,0.967,0,0
2025-26,West Ham,2026-04-10,Home,1.000,0.935,3,1
2025-26,West Ham,2026-04-20,Away,1.400,1.000,1,0
2025-26,West Ham,2026-04-25,Home,1.600,1.000,3,1
2025-26,West Ham,2026-05-02,Away,1.600,1.059,0,0
2025-26,West Ham,2026-05-10,Home,1.400,1.029,0,0
2025-26,West Ham,2026-05-17,Away,1.400,1.000,0,0
2025-26,West Ham,2026-05-24,Home,0.800,0.973,3,1
2025-26,Wolves,2025-09-27,Away,0.000,0.000,1,0
2025-26,Wolves,2025-10-05,Home,0.200,0.167,1,0
2025-26,Wolves,2025-10-18,Away,0.400,0.286,0,0
2025-26,Wolves,2025-10-26,Home,0.400,0.250,0,0
2025-26,Wolves,2025-11-01,Away,0.400,0.222,0,0
2025-26,Wolves,2025-11-08,Away,0.400,0.200,0,0
2025-26,Wolves,2025-11-22,Home,0.200,0.182,0,0
2025-26,Wolves,2025-11-30,Away,0.000,0.167,0,0
2025-26,Wolves,2025-12-03,Home,0.000,0.154,0,0
2025-26,Wolves,2025-12-08,Home,0.000,0.143,0,0
2025-26,Wolves,2025-12-13,Away,0.000,0.133,0,0
2025-26,Wolves,2025-12-20,Home,0.000,0.125,0,0
2025-26,Wolves,2025-12-27,Away,0.000,0.118,0,0
2025-26,Wolves,2025-12-30,Away,0.000,0.111,1,0
2025-26,Wolves,2026-01-03,Home,0.200,0.158,3,1
2025-26,Wolves,2026-01-07,Away,0.800,0.300,1,0
2025-26,Wolves,2026-01-18,Home,1.000,0.333,1,0
2025-26,Wolves,2026-01-24,Away,1.200,0.364,0,0
2025-26,Wolves,2026-01-31,Home,1.200,0.348,0,0
2025-26,Wolves,2026-02-07,Home,1.000,0.333,0,0
2025-26,Wolves,2026-02-11,Away,0.400,0.320,1,0
2025-26,Wolves,2026-02-18,Home,0.400,0.346,1,0
2025-26,Wolves,2026-02-22,Away,0.400,0.370,0,0
2025-26,Wolves,2026-02-27,Home,0.400,0.357,3,1
2025-26,Wolves,2026-03-03,Home,1.000,0.448,3,1
2025-26,Wolves,2026-03-16,Away,1.600,0.533,1,0
2025-26,Wolves,2026-04-10,Away,1.600,0.548,0,0
2025-26,Wolves,2026-04-18,Away,1.400,0.531,0,0
2025-26,Wolves,2026-04-25,Home,1.400,0.515,0,0
2025-26,Wolves,2026-05-02,Home,0.800,0.500,1,0
2025-26,Wolves,2026-05-09,Away,0.400,0.514,0,0
2025-26,Wolves,2026-05-17,Home,0.200,0.500,1,0
2025-26,Wolves,2026-05-24,Away,0.400,0.514,1,0